id,name,team,team_id,pos,price,status,news,can_select,minutes,has_last,rise,fall,gw10,gw11,gw12,gw13,gw14,gw15,gw16,gw17,gw18,gw19,gw20,gw21,gw22,gw23,gw24,gw25,gw26,gw27,xp_next,xp_long
1,Raya,ARS,1,1,5.8,a,,True,810,True,0.0,0.0,4.87,4.74,4.82,4.49,4.74,4.77,4.96,4.61,4.74,4.99,4.53,4.63,4.77,4.65,4.6,4.96,9.25,4.6,4.87,23.490545
2,Arrizabalaga,ARS,1,1,4.2,a,,True,0,True,0.0,0.0,0.0,0.0,0.0,0.0,0.0,0.0,0.0,0.0,0.0,0.0,0.0,0.0,0.0,0.0,0.0,0.0,0.0,0.0,0.0,0.0
3,Hein,ARS,1,1,4.0,a,,True,0,False,0.0,0.0,0.0,0.0,0.0,0.0,0.0,0.0,0.0,0.0,0.0,0.0,0.0,0.0,0.0,0.0,0.0,0.0,0.0,0.0,0.0,0.0
4,Setford,ARS,1,1,4.0,a,,True,0,False,0.0,0.0,0.0,0.0,0.0,0.0,0.0,0.0,0.0,0.0,0.0,0.0,0.0,0.0,0.0,0.0,0.0,0.0,0.0,0.0,0.0,0.0
5,Gabriel,ARS,1,2,6.5,a,,True,810,True,0.0,0.0,6.76,6.07,6.29,5.67,6.32,6.01,6.75,5.95,6.3,6.48,5.75,5.93,6.39,6.2,5.81,6.58,11.96,5.77,6.76,30.907005
6,Saliba,ARS,1,2,6.0,a,,True,544,True,0.0,0.0,3.0,2.77,2.85,2.58,2.84,2.76,3.02,2.7,2.84,2.95,2.62,2.7,2.87,2.78,2.66,2.97,5.42,2.65,3.0,13.955965
7,Calafiori,ARS,1,2,5.8,a,,True,695,True,0.0,0.0,5.55,4.8,5.03,4.41,5.08,4.74,5.52,4.69,5.06,5.22,4.49,4.67,5.15,4.96,4.54,5.33,9.45,4.5,5.55,24.745607
8,J.Timber,ARS,1,2,6.1,a,,True,701,True,0.0,0.0,6.39,5.5,5.76,5.12,5.85,5.4,6.31,5.42,5.82,5.93,5.19,5.38,5.93,5.74,5.23,6.07,10.91,5.18,6.39,28.436398
9,Kiwior,ARS,1,2,5.4,a,,True,0,True,0.0,0.0,0.0,0.0,0.0,0.0,0.0,0.0,0.0,0.0,0.0,0.0,0.0,0.0,0.0,0.0,0.0,0.0,0.0,0.0,0.0,0.0
10,Lewis-Skelly,ARS,1,2,5.2,a,,True,85,True,0.0,0.0,0.69,0.68,0.68,0.68,0.68,0.68,0.68,0.68,0.68,0.68,0.68,0.68,0.68,0.68,0.68,0.68,1.36,0.68,0.69,3.367891
11,White,ARS,1,2,5.4,a,,True,70,True,0.0,0.0,0.03,0.03,0.03,0.03,0.03,0.03,0.03,0.03,0.03,0.03,0.03,0.03,0.03,0.03,0.03,0.03,0.05,0.03,0.03,0.147861
12,Zinchenko,NFO,16,2,4.9,d,,True,253,False,0.0,0.0,0.65,0.84,0.62,0.95,0.94,0.84,1.01,0.94,0.82,1.02,0.97,1.02,0.81,0.76,0.83,0.83,1.12,0.85,0.65,4.007435
13,Clarke,ARS,1,2,3.9,a,,True,0,False,0.0,0.0,0.0,0.0,0.0,0.0,0.0,0.0,0.0,0.0,0.0,0.0,0.0,0.0,0.0,0.0,0.0,0.0,0.0,0.0,0.0,0.0
14,Kacurri,ARS,1,2,3.9,a,,True,0,False,0.0,0.0,0.0,0.0,0.0,0.0,0.0,0.0,0.0,0.0,0.0,0.0,0.0,0.0,0.0,0.0,0.0,0.0,0.0,0.0,0.0,0.0
15,Nichols,ARS,1,2,3.9,a,,True,0,False,0.0,0.0,0.0,0.0,0.0,0.0,0.0,0.0,0.0,0.0,0.0,0.0,0.0,0.0,0.0,0.0,0.0,0.0,0.0,0.0,0.0,0.0
16,Saka,ARS,1,3,10.1,a,,True,501,True,0.0,0.0,5.69,4.42,4.67,4.4,5.04,4.15,5.32,4.61,4.98,4.58,4.41,4.49,5.09,5.1,4.31,4.91,9.28,4.22,5.69,23.911383
17,Ødegaard,ARS,1,3,7.9,d,,True,201,True,0.0,0.0,0.12,0.21,0.33,0.43,0.46,0.41,0.47,0.44,0.46,0.43,0.43,0.43,0.46,0.47,0.42,0.45,0.88,0.41,0.12,1.60136
18,Madueke,ARS,1,3,6.8,d,,True,304,True,0.0,0.0,0.11,0.18,0.29,0.36,0.41,0.34,0.43,0.38,0.4,0.37,0.36,0.37,0.41,0.41,0.35,0.4,0.76,0.35,0.11,1.392343
19,Martinelli,ARS,1,3,6.9,a,,True,214,True,0.0,0.0,1.58,1.36,1.4,1.37,1.47,1.32,1.51,1.4,1.46,1.38,1.37,1.38,1.48,1.49,1.35,1.44,2.81,1.34,1.58,7.088266
20,Trossard,ARS,1,3,6.9,a,,True,462,True,0.0,0.0,5.08,4.08,4.28,4.04,4.56,3.87,4.8,4.21,4.52,4.22,4.05,4.12,4.61,4.6,3.98,4.47,8.48,3.91,5.08,21.771007
21,Rice,ARS,1,3,6.7,a,,True,713,True,0.0,0.0,4.94,4.1,4.27,4.05,4.5,3.93,4.71,4.2,4.47,4.23,4.07,4.13,4.54,4.53,4.01,4.45,8.45,3.95,4.94,21.603095
22,Merino,ARS,1,3,5.9,a,,True,278,True,0.0,0.0,1.59,1.39,1.43,1.39,1.49,1.34,1.53,1.42,1.48,1.41,1.39,1.4,1.5,1.5,1.37,1.46,2.85,1.36,1.59,7.19222
23,Fábio Vieira,ARS,1,3,5.4,a,,True,0,False,0.0,0.0,0.0,0.0,0.0,0.0,0.0,0.0,0.0,0.0,0.0,0.0,0.0,0.0,0.0,0.0,0.0,0.0,0.0,0.0,0.0,0.0
24,Nørgaard,ARS,1,3,5.2,a,,True,1,True,0.0,0.0,0.25,0.24,0.24,0.24,0.25,0.24,0.25,0.24,0.24,0.24,0.24,0.24,0.25,0.25,0.24,0.24,0.49,0.24,0.25,1.203374
25,Nwaneri,ARS,1,3,5.2,a,,True,145,True,0.0,0.0,0.4,0.36,0.37,0.36,0.38,0.35,0.39,0.37,0.38,0.37,0.36,0.36,0.38,0.38,0.36,0.38,0.74,0.35,0.4,1.847197
26,Zubimendi,ARS,1,3,5.5,a,,True,771,False,0.0,0.0,3.79,3.38,3.47,3.31,3.57,3.3,3.71,3.4,3.55,3.49,3.32,3.37,3.59,3.56,3.31,3.58,6.83,3.28,3.79,17.328754
27,Nelson,BRE,5,3,4.8,a,,True,0,False,0.0,0.0,0.0,0.0,0.0,0.0,0.0,0.0,0.0,0.0,0.0,0.0,0.0,0.0,0.0,0.0,0.0,0.0,0.0,0.0,0.0,0.0
28,Kabia,ARS,1,3,4.5,a,,True,0,False,0.0,0.0,0.0,0.0,0.0,0.0,0.0,0.0,0.0,0.0,0.0,0.0,0.0,0.0,0.0,0.0,0.0,0.0,0.0,0.0,0.0,0.0
29,Sambi,ARS,1,3,4.5,a,,True,0,False,0.0,0.0,0.0,0.0,0.0,0.0,0.0,0.0,0.0,0.0,0.0,0.0,0.0,0.0,0.0,0.0,0.0,0.0,0.0,0.0,0.0,0.0
30,Havertz,ARS,1,4,7.3,a,,True,30,True,0.0,0.0,0.01,0.01,0.01,0.01,0.01,0.01,0.01,0.01,0.01,0.01,0.01,0.01,0.01,0.01,0.01,0.01,0.02,0.01,0.01,0.049381
31,G.Jesus,ARS,1,4,6.4,a,,True,0,True,0.0,0.0,0.0,0.0,0.0,0.0,0.0,0.0,0.0,0.0,0.0,0.0,0.0,0.0,0.0,0.0,0.0,0.0,0.0,0.0,0.0,0.0
32,Martinez,AVL,2,1,5.0,a,,True,630,True,0.0,0.0,3.38,3.75,3.58,3.99,3.48,3.59,3.84,3.61,3.46,3.35,4.02,3.34,3.84,3.57,3.72,3.51,3.73,3.84,3.38,17.766942
33,M.Bizot,AVL,2,1,4.3,d,,True,180,False,0.0,0.0,0.02,0.05,0.06,0.1,0.08,0.09,0.09,0.09,0.08,0.08,0.1,0.08,0.09,0.09,0.09,0.08,0.09,0.09,0.02,0.318561
34,Gauci,AVL,2,1,4.0,a,,True,0,False,0.0,0.0,0.0,0.0,0.0,0.0,0.0,0.0,0.0,0.0,0.0,0.0,0.0,0.0,0.0,0.0,0.0,0.0,0.0,0.0,0.0,0.0
35,Marschall,AVL,2,1,4.0,a,,True,0,False,0.0,0.0,0.0,0.0,0.0,0.0,0.0,0.0,0.0,0.0,0.0,0.0,0.0,0.0,0.0,0.0,0.0,0.0,0.0,0.0,0.0,0.0
36,Cash,AVL,2,2,4.6,a,,True,786,True,0.0,0.0,3.0,3.82,3.42,4.26,3.28,3.3,4.01,3.63,3.22,2.83,4.4,2.95,4.01,3.34,3.8,3.31,3.8,3.92,3.0,17.247128
37,Digne,AVL,2,2,4.5,a,,True,653,True,0.0,0.0,2.76,3.56,3.15,3.99,3.03,3.01,3.74,3.39,2.97,2.57,4.13,2.71,3.74,3.06,3.55,3.06,3.54,3.64,2.76,15.975742
38,Konsa,AVL,2,2,4.4,a,,True,695,True,0.0,0.0,2.79,3.49,3.18,3.87,3.01,3.16,3.64,3.26,2.96,2.73,3.94,2.73,3.64,3.14,3.45,3.05,3.45,3.61,2.79,15.885666
39,Maatsen,AVL,2,2,4.3,a,,True,154,True,0.0,0.0,0.94,0.97,0.95,0.99,0.95,0.93,0.98,0.98,0.95,0.92,1.0,0.94,0.98,0.94,0.98,0.95,0.97,0.97,0.94,4.702842
40,Mings,AVL,2,2,4.4,d,,True,481,True,0.0,0.0,0.12,0.28,0.39,0.62,0.5,0.5,0.59,0.54,0.49,0.44,0.64,0.46,0.59,0.5,0.56,0.5,0.56,0.58,0.12,1.936165
41,Pau,AVL,2,2,4.3,a,,True,434,True,0.0,0.0,2.5,3.09,2.82,3.41,2.69,2.78,3.22,2.91,2.64,2.42,3.48,2.45,3.22,2.78,3.06,2.72,3.06,3.18,2.5,14.103839
42,A.García,AVL,2,2,3.9,a,,True,0,False,0.0,0.0,0.0,0.0,0.0,0.0,0.0,0.0,0.0,0.0,0.0,0.0,0.0,0.0,0.0,0.0,0.0,0.0,0.0,0.0,0.0,0.0
43,Alex Moreno,AVL,2,2,4.0,a,,True,0,True,0.0,0.0,0.0,0.0,0.0,0.0,0.0,0.0,0.0,0.0,0.0,0.0,0.0,0.0,0.0,0.0,0.0,0.0,0.0,0.0,0.0,0.0
44,Bogarde,AVL,2,2,4.0,d,,True,282,False,0.0,0.0,0.22,0.54,0.73,1.19,0.94,0.95,1.12,1.02,0.92,0.82,1.22,0.85,1.12,0.95,1.07,0.94,1.07,1.1,0.22,3.664943
45,Sousa,AVL,2,2,4.0,a,,True,0,False,0.0,0.0,0.0,0.0,0.0,0.0,0.0,0.0,0.0,0.0,0.0,0.0,0.0,0.0,0.0,0.0,0.0,0.0,0.0,0.0,0.0,0.0
46,Yasin,AVL,2,2,4.0,a,,True,0,False,0.0,0.0,0.0,0.0,0.0,0.0,0.0,0.0,0.0,0.0,0.0,0.0,0.0,0.0,0.0,0.0,0.0,0.0,0.0,0.0,0.0,0.0
47,Rogers,AVL,2,3,6.8,a,,True,801,True,0.0,0.0,3.02,3.49,3.17,3.72,3.23,2.88,3.6,3.55,3.19,2.7,3.91,3.05,3.61,3.03,3.54,3.21,3.51,3.44,3.02,16.139327
48,Tielemans,AVL,2,3,5.9,d,,True,315,True,0.0,0.0,0.04,0.09,0.12,0.18,0.16,0.15,0.18,0.18,0.16,0.14,0.19,0.16,0.18,0.15,0.18,0.16,0.18,0.17,0.04,0.603418
49,Bailey,AVL,2,3,5.5,a,,True,0,True,0.0,0.0,0.0,0.0,0.0,0.0,0.0,0.0,0.0,0.0,0.0,0.0,0.0,0.0,0.0,0.0,0.0,0.0,0.0,0.0,0.0,0.0
50,Buendía,AVL,2,3,5.3,a,,True,365,False,0.0,0.0,1.59,1.85,1.66,1.97,1.72,1.44,1.92,1.93,1.7,1.35,2.11,1.62,1.92,1.56,1.9,1.7,1.88,1.8,1.59,8.51213
51,Iling Jr,AVL,2,3,5.5,a,,True,0,False,0.0,0.0,0.0,0.0,0.0,0.0,0.0,0.0,0.0,0.0,0.0,0.0,0.0,0.0,0.0,0.0,0.0,0.0,0.0,0.0,0.0,0.0
52,J.Ramsey,NEW,15,3,5.3,a,,True,79,True,0.0,0.0,0.34,0.32,0.31,0.32,0.32,0.37,0.32,0.33,0.32,0.35,0.32,0.33,0.33,0.32,0.31,0.33,0.31,0.3,0.34,1.608011
53,Malen,AVL,2,3,5.1,a,,True,292,False,0.0,0.0,2.1,2.37,2.19,2.5,2.23,2.0,2.44,2.42,2.21,1.91,2.62,2.13,2.44,2.1,2.41,2.22,2.39,2.34,2.1,11.07212
54,McGinn,AVL,2,3,5.4,a,,True,709,True,0.0,0.0,2.71,3.1,2.85,3.3,2.88,2.63,3.19,3.13,2.85,2.48,3.45,2.74,3.2,2.74,3.14,2.87,3.12,3.07,2.71,14.421074
55,Barkley,AVL,2,3,4.8,a,,True,30,False,0.0,0.0,0.87,0.91,0.88,0.93,0.89,0.85,0.92,0.92,0.89,0.84,0.95,0.88,0.92,0.87,0.92,0.89,0.91,0.9,0.87,4.382907
56,Barrenechea,AVL,2,3,5.0,a,,True,0,False,0.0,0.0,0.0,0.0,0.0,0.0,0.0,0.0,0.0,0.0,0.0,0.0,0.0,0.0,0.0,0.0,0.0,0.0,0.0,0.0,0.0,0.0
57,Dobbin,AVL,2,3,5.0,a,,True,0,False,0.0,0.0,0.0,0.0,0.0,0.0,0.0,0.0,0.0,0.0,0.0,0.0,0.0,0.0,0.0,0.0,0.0,0.0,0.0,0.0,0.0,0.0
58,Kamara,AVL,2,3,4.9,a,,True,474,True,0.0,0.0,2.48,2.72,2.57,2.84,2.58,2.46,2.78,2.72,2.56,2.36,2.92,2.49,2.78,2.52,2.74,2.58,2.73,2.71,2.48,12.869326
59,Onana,AVL,2,3,4.8,a,,True,325,True,0.0,0.0,2.01,2.23,2.09,2.35,2.1,1.97,2.29,2.25,2.09,1.88,2.43,2.02,2.29,2.03,2.25,2.1,2.24,2.22,2.01,10.504919
60,Broggio,AVL,2,3,4.5,a,,True,0,False,0.0,0.0,0.0,0.0,0.0,0.0,0.0,0.0,0.0,0.0,0.0,0.0,0.0,0.0,0.0,0.0,0.0,0.0,0.0,0.0,0.0,0.0
61,Dendoncker,AVL,2,3,4.5,a,,True,0,False,0.0,0.0,0.0,0.0,0.0,0.0,0.0,0.0,0.0,0.0,0.0,0.0,0.0,0.0,0.0,0.0,0.0,0.0,0.0,0.0,0.0,0.0
62,Jimoh-Aloba,AVL,2,3,4.5,a,,True,0,False,0.0,0.0,0.0,0.0,0.0,0.0,0.0,0.0,0.0,0.0,0.0,0.0,0.0,0.0,0.0,0.0,0.0,0.0,0.0,0.0,0.0,0.0
63,Young,AVL,2,3,4.4,a,,True,0,False,0.0,0.0,0.0,0.0,0.0,0.0,0.0,0.0,0.0,0.0,0.0,0.0,0.0,0.0,0.0,0.0,0.0,0.0,0.0,0.0,0.0,0.0
64,Watkins,AVL,2,4,8.5,a,,True,712,True,0.0,0.0,3.05,3.56,3.18,3.79,3.31,2.76,3.68,3.71,3.27,2.6,4.05,3.12,3.69,2.99,3.64,3.27,3.61,3.45,3.05,16.349432
65,Redmond,AVL,2,4,4.5,a,,True,0,False,0.0,0.0,0.0,0.0,0.0,0.0,0.0,0.0,0.0,0.0,0.0,0.0,0.0,0.0,0.0,0.0,0.0,0.0,0.0,0.0,0.0,0.0
66,Neto,BOU,4,1,4.5,a,,True,0,False,0.0,0.0,0.0,0.0,0.0,0.0,0.0,0.0,0.0,0.0,0.0,0.0,0.0,0.0,0.0,0.0,0.0,0.0,0.0,0.0,0.0,0.0
67,Petrović,BOU,4,1,4.5,a,,True,810,False,0.0,0.0,3.19,3.63,3.92,3.57,3.65,3.51,3.2,3.92,3.3,3.28,3.41,3.66,3.31,3.43,3.55,3.89,3.41,3.66,3.19,17.298625
68,Dennis,BOU,4,1,4.0,a,,True,0,False,0.0,0.0,0.0,0.0,0.0,0.0,0.0,0.0,0.0,0.0,0.0,0.0,0.0,0.0,0.0,0.0,0.0,0.0,0.0,0.0,0.0,0.0
69,McKenna,BOU,4,1,4.0,a,,True,0,False,0.0,0.0,0.0,0.0,0.0,0.0,0.0,0.0,0.0,0.0,0.0,0.0,0.0,0.0,0.0,0.0,0.0,0.0,0.0,0.0,0.0,0.0
70,Paulsen,BOU,4,1,4.0,a,,True,0,False,0.0,0.0,0.0,0.0,0.0,0.0,0.0,0.0,0.0,0.0,0.0,0.0,0.0,0.0,0.0,0.0,0.0,0.0,0.0,0.0,0.0,0.0
71,Zabarnyi,BOU,4,2,5.0,a,,True,0,True,0.0,0.0,0.0,0.0,0.0,0.0,0.0,0.0,0.0,0.0,0.0,0.0,0.0,0.0,0.0,0.0,0.0,0.0,0.0,0.0,0.0,0.0
72,Senesi,BOU,4,2,5.0,a,,True,797,True,0.0,0.0,3.82,4.73,5.62,4.71,5.05,4.76,4.1,5.81,4.28,4.21,4.25,4.92,4.28,4.51,4.78,5.24,4.5,5.05,3.82,22.872911
73,Smith,BOU,4,2,4.4,d,,True,204,True,0.0,0.0,0.01,0.03,0.06,0.07,0.07,0.07,0.06,0.08,0.06,0.06,0.06,0.07,0.06,0.06,0.07,0.08,0.06,0.07,0.01,0.23951
74,Truffert,BOU,4,2,4.5,a,,True,810,False,0.0,0.0,2.93,3.81,4.58,3.77,4.06,3.79,3.14,4.72,3.33,3.27,3.36,3.97,3.33,3.56,3.81,4.29,3.54,4.06,2.93,18.190803
75,Akinmboni,BOU,4,2,3.9,a,,True,0,False,0.0,0.0,0.0,0.0,0.0,0.0,0.0,0.0,0.0,0.0,0.0,0.0,0.0,0.0,0.0,0.0,0.0,0.0,0.0,0.0,0.0,0.0
76,Bevan,BOU,4,2,3.9,a,,True,0,False,0.0,0.0,0.0,0.0,0.0,0.0,0.0,0.0,0.0,0.0,0.0,0.0,0.0,0.0,0.0,0.0,0.0,0.0,0.0,0.0,0.0,0.0
77,Hill,BOU,4,2,4.0,d,,True,273,False,0.0,0.0,0.53,0.73,0.92,0.86,0.91,0.86,0.74,1.03,0.78,0.77,0.8,0.9,0.78,0.82,0.87,0.97,0.82,0.91,0.53,3.819718
78,J.Araujo,BOU,4,2,3.9,a,,True,0,False,0.0,0.0,0.0,0.0,0.0,0.0,0.0,0.0,0.0,0.0,0.0,0.0,0.0,0.0,0.0,0.0,0.0,0.0,0.0,0.0,0.0,0.0
79,Mepham,BOU,4,2,4.0,a,,True,0,False,0.0,0.0,0.0,0.0,0.0,0.0,0.0,0.0,0.0,0.0,0.0,0.0,0.0,0.0,0.0,0.0,0.0,0.0,0.0,0.0,0.0,0.0
80,Soler,BOU,4,2,4.0,a,,True,1,False,0.0,0.0,0.03,0.03,0.03,0.03,0.03,0.03,0.03,0.03,0.03,0.03,0.03,0.03,0.03,0.03,0.03,0.03,0.03,0.03,0.03,0.147298
81,Kluivert,BOU,4,3,7.0,a,,True,302,True,0.0,0.0,2.45,2.79,3.78,2.95,3.39,3.24,3.03,4.2,3.0,2.93,2.49,3.11,2.97,2.99,3.16,3.06,3.06,3.39,2.45,14.945594
82,Semenyo,BOU,4,3,8.1,a,,True,810,True,0.0,0.0,3.87,4.49,6.35,4.8,5.63,5.36,4.97,7.13,4.91,4.78,3.94,5.09,4.86,4.88,5.2,4.99,5.01,5.62,3.87,24.443838
83,O.Dango,BRE,5,3,6.0,a,,True,476,True,0.0,0.0,3.5,3.74,3.78,5.52,2.83,3.56,4.05,4.04,4.17,3.95,3.9,4.17,3.72,4.88,3.5,3.38,3.09,4.23,3.5,18.95781
84,Tavernier,BOU,4,3,5.5,a,,True,676,True,0.0,0.0,3.1,3.5,4.6,3.67,4.16,3.99,3.73,5.05,3.71,3.64,3.16,3.85,3.68,3.7,3.9,3.81,3.78,4.15,3.1,18.514001
85,Adams,BOU,4,3,5.0,a,,True,784,True,0.0,0.0,2.94,3.13,3.42,3.15,3.27,3.2,3.07,3.52,3.09,3.07,3.01,3.21,3.09,3.12,3.19,3.25,3.13,3.27,2.94,15.506195
86,Brooks,BOU,4,3,5.0,a,,True,475,True,0.0,0.0,1.28,1.43,1.85,1.49,1.68,1.62,1.53,2.03,1.52,1.49,1.3,1.56,1.5,1.51,1.58,1.54,1.54,1.68,1.28,7.536182
87,Christie,BOU,4,3,5.0,a,,True,182,True,0.0,0.0,1.04,1.09,1.27,1.12,1.2,1.18,1.15,1.34,1.14,1.13,1.04,1.15,1.13,1.13,1.16,1.13,1.15,1.2,1.04,5.602228
88,Cook,BOU,4,3,4.9,a,,True,6,True,0.0,0.0,0.68,0.68,0.68,0.68,0.68,0.68,0.68,0.68,0.68,0.68,0.68,0.68,0.68,0.68,0.68,0.68,0.68,0.68,0.68,3.338751
89,Philip,BOU,4,3,4.9,a,,True,0,False,0.0,0.0,0.0,0.0,0.0,0.0,0.0,0.0,0.0,0.0,0.0,0.0,0.0,0.0,0.0,0.0,0.0,0.0,0.0,0.0,0.0,0.0
90,Scott,BOU,4,3,5.0,a,,True,593,True,0.0,0.0,2.44,2.66,3.12,2.72,2.91,2.83,2.68,3.29,2.68,2.65,2.5,2.8,2.67,2.7,2.8,2.82,2.73,2.91,2.44,13.48013
91,Sinisterra,BOU,4,3,5.0,a,,True,0,False,0.0,0.0,0.0,0.0,0.0,0.0,0.0,0.0,0.0,0.0,0.0,0.0,0.0,0.0,0.0,0.0,0.0,0.0,0.0,0.0,0.0,0.0
92,Faivre,BOU,4,3,4.5,a,,True,0,False,0.0,0.0,0.0,0.0,0.0,0.0,0.0,0.0,0.0,0.0,0.0,0.0,0.0,0.0,0.0,0.0,0.0,0.0,0.0,0.0,0.0,0.0
93,H.Traorè,BOU,4,3,4.5,a,,True,16,False,0.0,0.0,0.01,0.01,0.01,0.01,0.01,0.01,0.01,0.01,0.01,0.01,0.01,0.01,0.01,0.01,0.01,0.01,0.01,0.01,0.01,0.049099
94,Sadi,BOU,4,3,4.5,a,,True,0,False,0.0,0.0,0.0,0.0,0.0,0.0,0.0,0.0,0.0,0.0,0.0,0.0,0.0,0.0,0.0,0.0,0.0,0.0,0.0,0.0,0.0,0.0
95,Silcott-Duberry,BOU,4,3,4.4,a,,True,0,False,0.0,0.0,0.0,0.0,0.0,0.0,0.0,0.0,0.0,0.0,0.0,0.0,0.0,0.0,0.0,0.0,0.0,0.0,0.0,0.0,0.0,0.0
96,Winterburn,BOU,4,3,4.5,a,,True,6,False,0.0,0.0,0.01,0.01,0.01,0.01,0.01,0.01,0.01,0.01,0.01,0.01,0.01,0.01,0.01,0.01,0.01,0.01,0.01,0.01,0.01,0.049099
97,Evanilson,BOU,4,4,7.0,d,,True,617,True,0.0,0.0,0.27,0.61,1.23,1.29,1.48,1.43,1.36,1.82,1.34,1.31,1.09,1.35,1.32,1.32,1.39,1.31,1.35,1.48,0.27,4.994137
98,Enes Ünal,BOU,4,4,5.4,a,,True,1,False,0.0,0.0,0.41,0.41,0.41,0.41,0.41,0.41,0.41,0.42,0.41,0.41,0.41,0.41,0.41,0.41,0.41,0.41,0.41,0.41,0.41,2.015168
99,Adu-Adjei,BOU,4,4,4.4,a,,True,0,False,0.0,0.0,0.0,0.0,0.0,0.0,0.0,0.0,0.0,0.0,0.0,0.0,0.0,0.0,0.0,0.0,0.0,0.0,0.0,0.0,0.0,0.0
100,Kroupi.Jr,BOU,4,4,4.6,a,,True,326,False,0.0,0.0,3.78,4.4,6.58,4.81,5.79,5.51,5.15,7.53,5.04,4.89,3.79,5.13,4.97,4.95,5.3,4.92,5.13,5.78,3.78,24.724145
101,Kelleher,BRE,5,1,4.5,a,,True,810,True,0.0,0.0,2.97,3.46,3.11,3.74,3.0,3.22,3.47,3.36,3.38,3.47,3.21,3.65,3.08,3.65,3.45,3.21,3.23,3.35,2.97,16.075845
102,Balcombe,BRE,5,1,4.0,a,,True,0,False,0.0,0.0,0.0,0.0,0.0,0.0,0.0,0.0,0.0,0.0,0.0,0.0,0.0,0.0,0.0,0.0,0.0,0.0,0.0,0.0,0.0,0.0
103,Cox,BRE,5,1,4.0,a,,True,0,False,0.0,0.0,0.0,0.0,0.0,0.0,0.0,0.0,0.0,0.0,0.0,0.0,0.0,0.0,0.0,0.0,0.0,0.0,0.0,0.0,0.0,0.0
104,Eyestone,BRE,5,1,4.0,a,,True,0,False,0.0,0.0,0.0,0.0,0.0,0.0,0.0,0.0,0.0,0.0,0.0,0.0,0.0,0.0,0.0,0.0,0.0,0.0,0.0,0.0,0.0,0.0
105,Valdimarsson,BRE,5,1,3.9,a,,True,0,False,0.0,0.0,0.0,0.0,0.0,0.0,0.0,0.0,0.0,0.0,0.0,0.0,0.0,0.0,0.0,0.0,0.0,0.0,0.0,0.0,0.0,0.0
106,Collins,BRE,5,2,4.9,a,,True,810,True,0.0,0.0,3.09,3.98,3.41,4.81,3.0,3.55,4.07,3.89,3.96,4.05,3.62,4.36,3.35,4.53,3.9,3.49,3.47,3.93,3.09,18.124812
107,Lewis-Potter,BRE,5,2,4.9,a,,True,423,True,0.0,0.0,1.03,1.15,1.08,1.32,1.0,1.09,1.17,1.15,1.16,1.16,1.11,1.21,1.07,1.26,1.13,1.08,1.06,1.16,1.03,5.491577
108,Ajer,BRE,5,2,4.4,a,,True,298,True,0.0,0.0,1.97,2.68,2.24,3.43,1.87,2.33,2.76,2.63,2.68,2.75,2.41,3.0,2.18,3.17,2.61,2.28,2.25,2.66,1.97,12.085793
109,Henry,BRE,5,2,4.4,a,,True,169,False,0.0,0.0,0.62,0.62,0.62,0.65,0.61,0.62,0.63,0.63,0.63,0.63,0.62,0.63,0.62,0.64,0.62,0.62,0.62,0.63,0.62,3.065342
110,Kayode,BRE,5,2,4.5,a,,True,796,False,0.0,0.0,2.81,3.72,3.16,4.65,2.66,3.28,3.83,3.65,3.72,3.8,3.37,4.12,3.09,4.34,3.62,3.2,3.15,3.7,2.81,16.867612
111,Pinnock,BRE,5,2,4.3,d,,True,155,True,0.0,0.0,0.04,0.12,0.14,0.29,0.17,0.21,0.24,0.23,0.23,0.24,0.21,0.27,0.19,0.28,0.24,0.2,0.2,0.23,0.04,0.797066
112,Roerslev,BRE,5,2,4.5,a,,True,0,True,0.0,0.0,0.0,0.0,0.0,0.0,0.0,0.0,0.0,0.0,0.0,0.0,0.0,0.0,0.0,0.0,0.0,0.0,0.0,0.0,0.0,0.0
113,Van den Berg,BRE,5,2,4.5,a,,True,810,True,0.0,0.0,2.89,3.78,3.22,4.62,2.81,3.36,3.87,3.7,3.76,3.86,3.43,4.16,3.16,4.34,3.71,3.3,3.27,3.73,2.89,17.168261
114,Arthur,BRE,5,2,3.9,a,,True,0,False,0.0,0.0,0.0,0.0,0.0,0.0,0.0,0.0,0.0,0.0,0.0,0.0,0.0,0.0,0.0,0.0,0.0,0.0,0.0,0.0,0.0,0.0
115,Fredrick,BRE,5,2,4.0,a,,True,0,False,0.0,0.0,0.0,0.0,0.0,0.0,0.0,0.0,0.0,0.0,0.0,0.0,0.0,0.0,0.0,0.0,0.0,0.0,0.0,0.0,0.0,0.0
116,Hickey,BRE,5,2,4.0,d,,True,184,False,0.0,0.0,0.11,0.33,0.39,0.79,0.46,0.57,0.67,0.63,0.64,0.67,0.57,0.73,0.51,0.75,0.65,0.56,0.56,0.63,0.11,2.186759
117,Ji-soo,BRE,5,2,3.9,a,,True,0,False,0.0,0.0,0.0,0.0,0.0,0.0,0.0,0.0,0.0,0.0,0.0,0.0,0.0,0.0,0.0,0.0,0.0,0.0,0.0,0.0,0.0,0.0
118,Meghoma,BRE,5,2,4.0,a,,True,0,False,0.0,0.0,0.0,0.0,0.0,0.0,0.0,0.0,0.0,0.0,0.0,0.0,0.0,0.0,0.0,0.0,0.0,0.0,0.0,0.0,0.0,0.0
119,Mbeumo,MUN,14,3,8.3,a,,True,775,True,0.0,0.0,5.75,4.69,5.8,4.62,6.55,5.35,5.53,4.6,4.94,6.02,4.79,6.47,4.37,3.68,6.04,5.23,5.79,5.16,5.75,26.368068
120,Schade,BRE,5,3,7.0,a,,True,740,True,0.0,0.0,3.57,3.84,3.85,5.59,2.93,3.64,4.14,4.12,4.25,4.05,3.97,4.27,3.8,4.96,3.6,3.47,3.19,4.3,3.57,19.360795
121,Damsgaard,BRE,5,3,5.8,a,,True,565,True,0.0,0.0,3.02,3.22,3.18,4.15,2.69,3.09,3.37,3.35,3.42,3.33,3.26,3.46,3.15,3.82,3.1,3.0,2.85,3.44,3.02,15.950352
122,Milambo,BRE,5,3,5.3,a,,True,45,False,0.0,0.0,0.01,0.01,0.01,0.01,0.01,0.01,0.01,0.01,0.01,0.01,0.01,0.01,0.01,0.01,0.01,0.01,0.01,0.01,0.01,0.049099
123,Carvalho,BRE,5,3,4.9,a,,True,96,False,0.0,0.0,0.29,0.29,0.29,0.31,0.28,0.29,0.29,0.29,0.29,0.29,0.29,0.29,0.29,0.3,0.29,0.28,0.28,0.3,0.29,1.430165
124,Henderson,BRE,5,3,5.0,a,,True,654,False,0.0,0.0,2.58,2.75,2.68,3.25,2.41,2.65,2.83,2.8,2.84,2.81,2.73,2.9,2.66,3.08,2.68,2.6,2.53,2.85,2.58,13.436478
125,Janelt,BRE,5,3,4.9,a,,True,117,True,0.0,0.0,1.54,1.61,1.58,1.82,1.47,1.57,1.64,1.63,1.65,1.63,1.6,1.67,1.57,1.75,1.58,1.55,1.52,1.65,1.54,7.878272
126,Jensen,BRE,5,3,4.9,a,,True,186,True,0.0,0.0,1.06,1.07,1.07,1.18,1.01,1.06,1.09,1.09,1.1,1.08,1.08,1.1,1.07,1.14,1.05,1.05,1.03,1.1,1.06,5.293368
127,Nunes,BRE,5,3,4.9,a,,True,0,False,0.0,0.0,0.0,0.0,0.0,0.0,0.0,0.0,0.0,0.0,0.0,0.0,0.0,0.0,0.0,0.0,0.0,0.0,0.0,0.0,0.0,0.0
128,Onyeka,BRE,5,3,4.9,a,,True,88,False,0.0,0.0,0.72,0.73,0.73,0.78,0.7,0.72,0.74,0.74,0.74,0.73,0.73,0.74,0.73,0.76,0.72,0.72,0.71,0.74,0.72,3.592058
129,Yarmoliuk,BRE,5,3,5.0,a,,True,718,True,0.0,0.0,1.82,1.92,1.87,2.17,1.75,1.86,1.96,1.94,1.96,1.95,1.9,2.0,1.86,2.08,1.89,1.84,1.81,1.96,1.82,9.362254
130,Donovan,BRE,5,3,4.5,a,,True,0,False,0.0,0.0,0.0,0.0,0.0,0.0,0.0,0.0,0.0,0.0,0.0,0.0,0.0,0.0,0.0,0.0,0.0,0.0,0.0,0.0,0.0,0.0
131,Konak,BRE,5,3,4.4,a,,True,0,False,0.0,0.0,0.0,0.0,0.0,0.0,0.0,0.0,0.0,0.0,0.0,0.0,0.0,0.0,0.0,0.0,0.0,0.0,0.0,0.0,0.0,0.0
132,Maghoma,BRE,5,3,4.5,a,,True,0,False,0.0,0.0,0.0,0.0,0.0,0.0,0.0,0.0,0.0,0.0,0.0,0.0,0.0,0.0,0.0,0.0,0.0,0.0,0.0,0.0,0.0,0.0
133,Peart-Harris,BRE,5,3,4.4,a,,True,0,False,0.0,0.0,0.0,0.0,0.0,0.0,0.0,0.0,0.0,0.0,0.0,0.0,0.0,0.0,0.0,0.0,0.0,0.0,0.0,0.0,0.0,0.0
134,Trevitt,BRE,5,3,4.5,a,,True,0,False,0.0,0.0,0.0,0.0,0.0,0.0,0.0,0.0,0.0,0.0,0.0,0.0,0.0,0.0,0.0,0.0,0.0,0.0,0.0,0.0,0.0,0.0
135,Wissa,NEW,15,4,7.4,a,,True,0,True,0.0,0.0,0.0,0.0,0.0,0.0,0.0,0.0,0.0,0.0,0.0,0.0,0.0,0.0,0.0,0.0,0.0,0.0,0.0,0.0,0.0,0.0
136,Thiago,BRE,5,4,6.2,a,,True,741,False,0.0,0.0,3.99,4.16,4.31,6.36,3.11,3.99,4.55,4.57,4.73,4.43,4.43,4.66,4.24,5.57,3.85,3.76,3.38,4.82,3.99,21.432156
137,Morgan,BRE,5,4,4.4,a,,True,0,False,0.0,0.0,0.0,0.0,0.0,0.0,0.0,0.0,0.0,0.0,0.0,0.0,0.0,0.0,0.0,0.0,0.0,0.0,0.0,0.0,0.0,0.0
138,Steele,BHA,6,1,4.3,a,,True,0,False,0.0,0.0,0.0,0.0,0.0,0.0,0.0,0.0,0.0,0.0,0.0,0.0,0.0,0.0,0.0,0.0,0.0,0.0,0.0,0.0,0.0,0.0
139,Verbruggen,BHA,6,1,4.4,a,,True,810,True,0.0,0.0,3.5,2.97,3.37,3.41,3.76,3.79,3.02,3.69,3.01,3.5,3.79,3.0,3.41,3.38,3.5,3.21,3.48,3.12,3.5,16.620883
140,McGill,BHA,6,1,4.0,a,,True,0,False,0.0,0.0,0.0,0.0,0.0,0.0,0.0,0.0,0.0,0.0,0.0,0.0,0.0,0.0,0.0,0.0,0.0,0.0,0.0,0.0,0.0,0.0
141,Rushworth,BHA,6,1,4.0,a,,True,0,False,0.0,0.0,0.0,0.0,0.0,0.0,0.0,0.0,0.0,0.0,0.0,0.0,0.0,0.0,0.0,0.0,0.0,0.0,0.0,0.0,0.0,0.0
142,Scherpen,BHA,6,1,4.0,a,,True,0,False,0.0,0.0,0.0,0.0,0.0,0.0,0.0,0.0,0.0,0.0,0.0,0.0,0.0,0.0,0.0,0.0,0.0,0.0,0.0,0.0,0.0,0.0
143,Boscagli,BHA,6,2,4.3,a,,True,0,False,0.0,0.0,0.0,0.0,0.0,0.0,0.0,0.0,0.0,0.0,0.0,0.0,0.0,0.0,0.0,0.0,0.0,0.0,0.0,0.0,0.0,0.0
144,Coppola,BHA,6,2,4.3,a,,True,17,False,0.0,0.0,0.32,0.32,0.32,0.32,0.32,0.32,0.32,0.32,0.31,0.32,0.32,0.32,0.32,0.32,0.32,0.32,0.32,0.32,0.32,1.569499
145,De Cuyper,BHA,6,2,4.4,a,,True,406,False,0.0,0.0,1.64,1.46,1.72,1.74,1.58,1.93,1.43,1.68,1.23,1.74,2.14,1.3,1.68,1.64,1.75,1.59,1.45,1.57,1.64,8.002491
146,Dunk,BHA,6,2,4.5,a,,True,810,True,0.0,0.0,3.33,2.38,3.17,3.24,3.66,3.86,2.45,3.61,2.36,3.38,3.96,2.38,3.21,3.15,3.38,2.86,3.21,2.69,3.33,15.358197
147,Estupiñan,BHA,6,2,4.5,a,,True,0,True,0.0,0.0,0.0,0.0,0.0,0.0,0.0,0.0,0.0,0.0,0.0,0.0,0.0,0.0,0.0,0.0,0.0,0.0,0.0,0.0,0.0,0.0
148,F.Kadıoğlu,BHA,6,2,4.4,a,,True,554,False,0.0,0.0,2.88,1.94,2.75,2.81,3.19,3.45,2.0,3.16,1.87,2.95,3.59,1.9,2.77,2.71,2.95,2.42,2.73,2.25,2.88,13.19492
149,Igor,WHU,19,2,4.5,a,,True,1,True,0.0,0.0,0.09,0.09,0.09,0.09,0.09,0.09,0.09,0.09,0.09,0.09,0.09,0.09,0.09,0.09,0.09,0.09,0.09,0.09,0.09,0.441894
150,Lamptey,BHA,6,2,4.4,a,,True,0,True,0.0,0.0,0.0,0.0,0.0,0.0,0.0,0.0,0.0,0.0,0.0,0.0,0.0,0.0,0.0,0.0,0.0,0.0,0.0,0.0,0.0,0.0
151,Van Hecke,BHA,6,2,4.4,a,,True,810,True,0.0,0.0,4.14,3.16,4.01,4.08,4.45,4.75,3.22,4.43,3.06,4.22,4.89,3.1,4.03,3.97,4.22,3.67,3.97,3.49,4.14,19.347081
152,Veltman,BHA,6,2,4.4,d,,True,324,True,0.0,0.0,0.1,0.15,0.28,0.38,0.42,0.45,0.3,0.42,0.28,0.4,0.46,0.29,0.38,0.37,0.4,0.34,0.37,0.32,0.1,1.348567
153,Webster,BHA,6,2,4.4,a,,True,0,True,0.0,0.0,0.0,0.0,0.0,0.0,0.0,0.0,0.0,0.0,0.0,0.0,0.0,0.0,0.0,0.0,0.0,0.0,0.0,0.0,0.0,0.0
154,Cashin,BHA,6,2,4.0,a,,True,0,False,0.0,0.0,0.0,0.0,0.0,0.0,0.0,0.0,0.0,0.0,0.0,0.0,0.0,0.0,0.0,0.0,0.0,0.0,0.0,0.0,0.0,0.0
155,Slater,BHA,6,2,4.0,a,,True,0,False,0.0,0.0,0.0,0.0,0.0,0.0,0.0,0.0,0.0,0.0,0.0,0.0,0.0,0.0,0.0,0.0,0.0,0.0,0.0,0.0,0.0,0.0
156,Tasker,BHA,6,2,3.9,a,,True,0,False,0.0,0.0,0.0,0.0,0.0,0.0,0.0,0.0,0.0,0.0,0.0,0.0,0.0,0.0,0.0,0.0,0.0,0.0,0.0,0.0,0.0,0.0
157,Mitoma,BHA,6,3,6.2,d,,True,508,True,0.0,0.0,0.19,0.34,0.6,0.81,0.75,0.9,0.66,0.79,0.58,0.81,0.99,0.61,0.78,0.76,0.81,0.74,0.69,0.72,0.19,2.758923
158,Georginio,BHA,6,3,5.7,a,,True,514,True,0.0,0.0,3.01,2.67,3.11,3.14,2.95,3.49,2.63,3.09,2.34,3.17,3.8,2.44,3.06,2.99,3.17,2.9,2.73,2.85,3.01,14.626266
159,March,BHA,6,3,5.8,a,,True,0,False,0.0,0.0,0.0,0.0,0.0,0.0,0.0,0.0,0.0,0.0,0.0,0.0,0.0,0.0,0.0,0.0,0.0,0.0,0.0,0.0,0.0,0.0
160,Minteh,BHA,6,3,6.0,a,,True,772,True,0.0,0.0,4.32,3.78,4.51,4.56,4.18,5.13,3.7,4.44,3.17,4.6,5.67,3.35,4.42,4.3,4.61,4.15,3.81,4.08,4.32,20.993144
161,Enciso,BHA,6,3,5.4,a,,True,0,True,0.0,0.0,0.0,0.0,0.0,0.0,0.0,0.0,0.0,0.0,0.0,0.0,0.0,0.0,0.0,0.0,0.0,0.0,0.0,0.0,0.0,0.0
162,Gruda,BHA,6,3,5.4,d,,True,218,True,0.0,0.0,0.26,0.47,0.83,1.12,1.02,1.24,0.92,1.08,0.8,1.12,1.37,0.84,1.08,1.06,1.13,1.02,0.94,1.01,0.26,3.803499
163,Hinshelwood,BHA,6,3,5.1,d,,True,107,True,0.0,0.0,0.03,0.05,0.08,0.11,0.1,0.11,0.1,0.11,0.09,0.11,0.12,0.09,0.1,0.1,0.11,0.1,0.1,0.1,0.03,0.38008
164,O'Riley,BHA,6,3,5.5,d,,True,177,True,0.0,0.0,0.02,0.04,0.07,0.09,0.08,0.1,0.07,0.09,0.06,0.09,0.12,0.06,0.09,0.08,0.09,0.08,0.07,0.08,0.02,0.306953
165,Sima,BHA,6,3,5.4,a,,True,0,False,0.0,0.0,0.0,0.0,0.0,0.0,0.0,0.0,0.0,0.0,0.0,0.0,0.0,0.0,0.0,0.0,0.0,0.0,0.0,0.0,0.0,0.0
166,Ayari,BHA,6,3,4.9,a,,True,691,True,0.0,0.0,2.65,2.42,2.72,2.75,2.61,2.99,2.39,2.71,2.18,2.76,3.2,2.25,2.69,2.64,2.77,2.58,2.46,2.54,2.65,12.920558
167,Baleba,BHA,6,3,4.7,a,,True,480,True,0.0,0.0,1.66,1.54,1.69,1.7,1.64,1.82,1.53,1.69,1.43,1.71,1.92,1.46,1.67,1.65,1.71,1.62,1.56,1.6,1.66,8.086234
168,Buonanotte,CHE,7,3,4.7,a,,True,45,True,0.0,0.0,0.05,0.06,0.06,0.04,0.05,0.05,0.06,0.05,0.05,0.05,0.04,0.05,0.06,0.05,0.06,0.05,0.05,0.07,0.05,0.257901
169,Gomez,BHA,6,3,4.9,a,,True,374,False,0.0,0.0,1.34,1.26,1.36,1.37,1.34,1.46,1.25,1.37,1.18,1.38,1.53,1.21,1.35,1.34,1.38,1.31,1.28,1.3,1.34,6.552044
170,Milner,BHA,6,3,5.0,a,,True,187,False,0.0,0.0,1.39,1.27,1.46,1.47,1.33,1.62,1.25,1.42,1.09,1.48,1.78,1.14,1.43,1.4,1.48,1.37,1.25,1.35,1.39,6.818802
171,Sarmiento,BHA,6,3,4.9,a,,True,0,False,0.0,0.0,0.0,0.0,0.0,0.0,0.0,0.0,0.0,0.0,0.0,0.0,0.0,0.0,0.0,0.0,0.0,0.0,0.0,0.0,0.0,0.0
172,Watson,BHA,6,3,4.9,a,,True,31,False,0.0,0.0,0.5,0.48,0.51,0.51,0.49,0.54,0.47,0.5,0.44,0.51,0.57,0.45,0.51,0.5,0.51,0.49,0.47,0.49,0.5,2.445834
173,Wieffer,BHA,6,3,4.9,a,,True,459,True,0.0,0.0,2.94,2.69,3.0,3.02,2.93,3.26,2.67,3.01,2.48,3.04,3.46,2.54,2.97,2.92,3.05,2.85,2.76,2.81,2.94,14.311572
174,Yalcouye,BHA,6,3,5.0,a,,True,0,False,0.0,0.0,0.0,0.0,0.0,0.0,0.0,0.0,0.0,0.0,0.0,0.0,0.0,0.0,0.0,0.0,0.0,0.0,0.0,0.0,0.0,0.0
175,Knight,BHA,6,3,4.5,a,,True,0,False,0.0,0.0,0.0,0.0,0.0,0.0,0.0,0.0,0.0,0.0,0.0,0.0,0.0,0.0,0.0,0.0,0.0,0.0,0.0,0.0,0.0,0.0
176,Mazilu,BHA,6,3,4.5,a,,True,0,False,0.0,0.0,0.0,0.0,0.0,0.0,0.0,0.0,0.0,0.0,0.0,0.0,0.0,0.0,0.0,0.0,0.0,0.0,0.0,0.0,0.0,0.0
177,Moran,BHA,6,3,4.5,a,,True,0,False,0.0,0.0,0.0,0.0,0.0,0.0,0.0,0.0,0.0,0.0,0.0,0.0,0.0,0.0,0.0,0.0,0.0,0.0,0.0,0.0,0.0,0.0
178,Welbeck,BHA,6,4,6.4,a,,True,544,True,0.0,0.0,4.31,3.8,4.61,4.66,4.05,5.25,3.69,4.41,3.0,4.67,5.93,3.24,4.47,4.34,4.68,4.2,3.68,4.14,4.31,21.099012
179,Ferguson,BHA,6,4,5.5,a,,True,0,False,0.0,0.0,0.0,0.0,0.0,0.0,0.0,0.0,0.0,0.0,0.0,0.0,0.0,0.0,0.0,0.0,0.0,0.0,0.0,0.0,0.0,0.0
180,Tzimas,BHA,6,4,5.3,a,,True,70,False,0.0,0.0,1.12,1.07,1.14,1.15,1.1,1.2,1.07,1.13,1.01,1.15,1.26,1.03,1.13,1.12,1.15,1.11,1.06,1.1,1.12,5.48668
181,Kostoulas,BHA,6,4,4.8,a,,True,12,False,0.0,0.0,0.79,0.76,0.81,0.81,0.78,0.85,0.75,0.8,0.71,0.81,0.89,0.73,0.8,0.79,0.81,0.78,0.75,0.78,0.79,3.879769
182,Trafford,MCI,13,1,4.7,d,,True,270,False,0.0,0.0,0.04,0.08,0.12,0.17,0.16,0.17,0.15,0.17,0.16,0.16,0.16,0.16,0.15,0.17,0.16,0.15,0.17,0.17,0.04,0.583878
183,Weiss,BUR,3,1,4.4,a,,True,0,False,0.0,0.0,0.0,0.0,0.0,0.0,0.0,0.0,0.0,0.0,0.0,0.0,0.0,0.0,0.0,0.0,0.0,0.0,0.0,0.0,0.0,0.0
184,Green,BUR,3,1,4.0,a,,True,0,False,0.0,0.0,0.0,0.0,0.0,0.0,0.0,0.0,0.0,0.0,0.0,0.0,0.0,0.0,0.0,0.0,0.0,0.0,0.0,0.0,0.0,0.0
185,Hladký,BUR,3,1,4.0,a,,True,0,False,0.0,0.0,0.0,0.0,0.0,0.0,0.0,0.0,0.0,0.0,0.0,0.0,0.0,0.0,0.0,0.0,0.0,0.0,0.0,0.0,0.0,0.0
186,Roberts,BUR,3,2,4.4,a,,True,0,False,0.0,0.0,0.0,0.0,0.0,0.0,0.0,0.0,0.0,0.0,0.0,0.0,0.0,0.0,0.0,0.0,0.0,0.0,0.0,0.0,0.0,0.0
187,Walker,BUR,3,2,4.4,a,,True,810,True,0.0,0.0,2.05,2.65,2.38,1.94,2.12,2.05,2.91,1.98,2.65,2.53,1.95,2.24,1.7,2.59,2.4,3.16,1.64,1.89,2.05,11.155279
188,Delcroix,BUR,3,2,3.9,a,,True,0,False,0.0,0.0,0.0,0.0,0.0,0.0,0.0,0.0,0.0,0.0,0.0,0.0,0.0,0.0,0.0,0.0,0.0,0.0,0.0,0.0,0.0,0.0
189,Dodgson,BUR,3,2,4.0,a,,True,0,False,0.0,0.0,0.0,0.0,0.0,0.0,0.0,0.0,0.0,0.0,0.0,0.0,0.0,0.0,0.0,0.0,0.0,0.0,0.0,0.0,0.0,0.0
190,Ekdal,BUR,3,2,4.0,a,,True,533,False,0.0,0.0,0.77,0.89,0.83,0.74,0.78,0.77,0.94,0.75,0.89,0.87,0.75,0.8,0.7,0.88,0.84,0.99,0.68,0.73,0.77,3.986757
191,Estève,BUR,3,2,4.0,a,,True,802,False,0.0,0.0,2.56,3.0,2.75,2.35,2.52,2.52,3.24,2.4,2.99,2.96,2.36,2.59,2.16,2.99,2.83,3.45,2.08,2.31,2.56,13.177839
192,Hartman,BUR,3,2,4.0,a,,True,807,False,0.0,0.0,2.11,2.85,2.56,2.09,2.28,2.15,3.14,2.12,2.85,2.66,2.09,2.45,1.81,2.74,2.54,3.43,1.75,2.03,2.11,11.877021
193,Humphreys,BUR,3,2,4.0,a,,True,2,False,0.0,0.0,0.09,0.09,0.09,0.09,0.09,0.09,0.09,0.09,0.09,0.09,0.09,0.09,0.09,0.09,0.09,0.09,0.09,0.09,0.09,0.441894
194,Jordan,BUR,3,2,4.0,a,,True,0,False,0.0,0.0,0.0,0.0,0.0,0.0,0.0,0.0,0.0,0.0,0.0,0.0,0.0,0.0,0.0,0.0,0.0,0.0,0.0,0.0,0.0,0.0
195,Lucas Pires,BUR,3,2,3.9,a,,True,0,False,0.0,0.0,0.0,0.0,0.0,0.0,0.0,0.0,0.0,0.0,0.0,0.0,0.0,0.0,0.0,0.0,0.0,0.0,0.0,0.0,0.0,0.0
196,Sambo,BUR,3,2,4.0,a,,True,0,False,0.0,0.0,0.0,0.0,0.0,0.0,0.0,0.0,0.0,0.0,0.0,0.0,0.0,0.0,0.0,0.0,0.0,0.0,0.0,0.0,0.0,0.0
197,Sonne,BUR,3,2,3.9,a,,True,102,False,0.0,0.0,0.04,0.05,0.04,0.04,0.04,0.04,0.05,0.04,0.05,0.05,0.04,0.04,0.04,0.05,0.04,0.05,0.04,0.04,0.04,0.21094
198,Tuanzebe,BUR,3,2,3.9,a,,True,270,True,0.0,0.0,1.4,1.73,1.54,1.22,1.36,1.36,1.92,1.27,1.73,1.7,1.23,1.41,1.08,1.73,1.61,2.08,1.01,1.19,1.4,7.306742
199,Worrall,BUR,3,2,3.9,a,,True,19,False,0.0,0.0,0.21,0.21,0.21,0.21,0.21,0.21,0.21,0.21,0.21,0.21,0.21,0.21,0.21,0.21,0.21,0.21,0.21,0.21,0.21,1.031085
200,Anthony,BUR,3,3,5.7,a,,True,745,False,0.0,0.0,2.9,3.99,3.82,3.54,3.6,3.15,4.15,3.46,4.0,3.46,3.5,3.97,3.2,3.65,3.46,4.47,3.27,3.45,2.9,17.421595
201,Benson,BUR,3,3,5.4,a,,True,0,False,0.0,0.0,0.0,0.0,0.0,0.0,0.0,0.0,0.0,0.0,0.0,0.0,0.0,0.0,0.0,0.0,0.0,0.0,0.0,0.0,0.0,0.0
202,Bruun Larsen,BUR,3,3,5.3,a,,True,360,False,0.0,0.0,1.58,1.81,1.77,1.7,1.72,1.63,1.85,1.69,1.81,1.7,1.69,1.79,1.63,1.74,1.7,1.93,1.64,1.68,1.58,8.41061
203,Boateng,BUR,3,3,4.8,a,,True,0,False,0.0,0.0,0.0,0.0,0.0,0.0,0.0,0.0,0.0,0.0,0.0,0.0,0.0,0.0,0.0,0.0,0.0,0.0,0.0,0.0,0.0,0.0
204,Churlinov,BUR,3,3,4.9,a,,True,0,False,0.0,0.0,0.0,0.0,0.0,0.0,0.0,0.0,0.0,0.0,0.0,0.0,0.0,0.0,0.0,0.0,0.0,0.0,0.0,0.0,0.0,0.0
205,Cullen,BUR,3,3,5.0,a,,True,770,False,0.0,0.0,3.58,4.09,4.0,3.85,3.89,3.69,4.18,3.82,4.1,3.86,3.83,4.05,3.69,3.94,3.85,4.34,3.72,3.81,3.58,19.030345
206,Edwards,BUR,3,3,4.7,a,,True,5,False,0.0,0.0,0.01,0.01,0.01,0.01,0.01,0.01,0.01,0.01,0.01,0.01,0.01,0.01,0.01,0.01,0.01,0.01,0.01,0.01,0.01,0.049099
207,Hannibal,BUR,3,3,4.9,a,,True,254,False,0.0,0.0,0.91,0.94,0.94,0.93,0.93,0.92,0.95,0.93,0.94,0.93,0.93,0.94,0.92,0.93,0.93,0.96,0.92,0.93,0.91,4.565223
208,Koleosho,BUR,3,3,5.0,a,,True,0,False,0.0,0.0,0.0,0.0,0.0,0.0,0.0,0.0,0.0,0.0,0.0,0.0,0.0,0.0,0.0,0.0,0.0,0.0,0.0,0.0,0.0,0.0
209,Laurent,BUR,3,3,4.9,a,,True,482,False,0.0,0.0,1.35,1.45,1.43,1.39,1.4,1.37,1.47,1.39,1.45,1.41,1.39,1.43,1.36,1.42,1.4,1.5,1.37,1.39,1.35,6.896435
210,Tchaouna,BUR,3,3,4.9,d,,True,341,False,0.0,0.0,0.64,0.85,0.91,0.95,0.96,0.89,1.05,0.94,1.02,0.94,0.94,1.02,0.9,0.97,0.94,1.1,0.91,0.94,0.64,4.273875
211,A.Ramsey,BUR,3,3,4.4,a,,True,0,False,0.0,0.0,0.0,0.0,0.0,0.0,0.0,0.0,0.0,0.0,0.0,0.0,0.0,0.0,0.0,0.0,0.0,0.0,0.0,0.0,0.0,0.0
212,Adewumi,BUR,3,3,4.5,a,,True,0,False,0.0,0.0,0.0,0.0,0.0,0.0,0.0,0.0,0.0,0.0,0.0,0.0,0.0,0.0,0.0,0.0,0.0,0.0,0.0,0.0,0.0,0.0
213,Banel,BUR,3,3,4.5,a,,True,0,False,0.0,0.0,0.0,0.0,0.0,0.0,0.0,0.0,0.0,0.0,0.0,0.0,0.0,0.0,0.0,0.0,0.0,0.0,0.0,0.0,0.0,0.0
214,Trésor,BUR,3,3,4.4,a,,True,0,False,0.0,0.0,0.0,0.0,0.0,0.0,0.0,0.0,0.0,0.0,0.0,0.0,0.0,0.0,0.0,0.0,0.0,0.0,0.0,0.0,0.0,0.0
215,Flemming,BUR,3,4,5.3,a,,True,198,False,0.0,0.0,2.57,3.44,3.32,3.12,3.16,2.78,3.54,3.05,3.44,3.01,3.09,3.46,2.84,3.16,3.01,3.78,2.91,3.05,2.57,15.21213
216,Amdouni,BUR,3,4,4.8,a,,True,0,False,0.0,0.0,0.0,0.0,0.0,0.0,0.0,0.0,0.0,0.0,0.0,0.0,0.0,0.0,0.0,0.0,0.0,0.0,0.0,0.0,0.0,0.0
217,Foster,BUR,3,4,5.0,a,,True,578,False,0.0,0.0,1.37,1.68,1.64,1.57,1.58,1.45,1.71,1.54,1.68,1.53,1.56,1.68,1.47,1.58,1.53,1.8,1.49,1.54,1.37,7.655115
218,Barnes,BUR,3,4,4.3,a,,True,7,False,0.0,0.0,0.26,0.27,0.27,0.27,0.27,0.26,0.28,0.27,0.27,0.27,0.27,0.27,0.26,0.27,0.27,0.28,0.26,0.27,0.26,1.314408
219,Obafemi,BUR,3,4,4.4,a,,True,0,False,0.0,0.0,0.0,0.0,0.0,0.0,0.0,0.0,0.0,0.0,0.0,0.0,0.0,0.0,0.0,0.0,0.0,0.0,0.0,0.0,0.0,0.0
220,Sánchez,CHE,7,1,4.8,a,,True,724,True,0.0,0.0,3.23,3.65,3.51,3.23,3.23,3.15,3.5,3.21,3.72,3.4,3.0,3.38,3.38,2.98,3.77,3.38,3.49,3.79,3.23,16.553371
221,Jörgensen,CHE,7,1,4.4,a,,True,84,False,0.0,0.0,0.16,0.18,0.17,0.16,0.16,0.15,0.17,0.16,0.19,0.17,0.14,0.17,0.17,0.14,0.19,0.17,0.17,0.19,0.16,0.814636
222,Penders,CHE,7,1,4.0,a,,True,0,False,0.0,0.0,0.0,0.0,0.0,0.0,0.0,0.0,0.0,0.0,0.0,0.0,0.0,0.0,0.0,0.0,0.0,0.0,0.0,0.0,0.0,0.0
223,Slonina,CHE,7,1,3.9,a,,True,0,False,0.0,0.0,0.0,0.0,0.0,0.0,0.0,0.0,0.0,0.0,0.0,0.0,0.0,0.0,0.0,0.0,0.0,0.0,0.0,0.0,0.0,0.0
224,Cucurella,CHE,7,2,6.1,a,,True,716,True,0.0,0.0,3.39,4.42,4.35,3.2,3.42,3.33,4.13,3.29,4.24,3.91,2.78,3.82,3.91,2.94,4.74,3.82,3.99,5.01,3.39,18.474122
225,James,CHE,7,2,5.5,a,,True,603,True,0.0,0.0,3.25,4.25,4.19,3.05,3.27,3.19,3.97,3.14,4.07,3.76,2.65,3.67,3.76,2.81,4.57,3.67,3.83,4.84,3.25,17.724168
226,Chalobah,CHE,7,2,5.1,a,,True,660,True,0.0,0.0,2.99,3.84,3.81,2.81,3.01,2.95,3.61,2.9,3.67,3.43,2.48,3.35,3.43,2.63,4.12,3.35,3.48,4.36,2.99,16.19882
227,Colwill,CHE,7,2,4.8,a,,True,0,True,0.0,0.0,0.0,0.0,0.0,0.0,0.0,0.0,0.0,0.0,0.0,0.0,0.0,0.0,0.0,0.0,0.0,0.0,0.0,0.0,0.0,0.0
228,Gusto,CHE,7,2,4.9,d,,True,398,True,0.0,0.0,1.0,1.41,1.5,1.29,1.34,1.29,1.58,1.3,1.68,1.5,1.11,1.47,1.49,1.14,1.8,1.48,1.55,1.87,1.0,6.517549
229,B.Badiashile,CHE,7,2,4.4,a,,True,65,False,0.0,0.0,0.19,0.2,0.21,0.19,0.19,0.2,0.2,0.19,0.2,0.2,0.19,0.2,0.2,0.19,0.21,0.2,0.2,0.22,0.19,0.966339
230,Fofana,CHE,7,2,4.4,d,,True,129,True,0.0,0.0,0.04,0.1,0.15,0.16,0.17,0.16,0.19,0.16,0.21,0.18,0.14,0.18,0.18,0.14,0.21,0.18,0.19,0.22,0.04,0.639165
231,M.Sarr,CHE,7,2,4.5,a,,True,0,False,0.0,0.0,0.0,0.0,0.0,0.0,0.0,0.0,0.0,0.0,0.0,0.0,0.0,0.0,0.0,0.0,0.0,0.0,0.0,0.0,0.0,0.0
232,Tosin,CHE,7,2,4.3,a,,True,376,True,0.0,0.0,0.97,1.08,1.07,0.96,0.98,0.96,1.05,0.96,1.07,1.03,0.91,1.02,1.03,0.92,1.12,1.02,1.04,1.14,0.97,4.967416
233,Acheampong,CHE,7,2,3.9,a,,True,348,False,0.0,0.0,3.24,4.19,4.17,3.01,3.27,3.21,3.94,3.13,3.96,3.74,2.67,3.65,3.75,2.87,4.5,3.65,3.78,4.78,3.24,17.604841
234,Anselmino,CHE,7,2,4.0,a,,True,0,False,0.0,0.0,0.0,0.0,0.0,0.0,0.0,0.0,0.0,0.0,0.0,0.0,0.0,0.0,0.0,0.0,0.0,0.0,0.0,0.0,0.0,0.0
235,Palmer,CHE,7,3,10.3,d,,True,144,True,0.0,0.0,0.05,0.11,0.19,0.16,0.19,0.19,0.22,0.18,0.2,0.21,0.16,0.21,0.22,0.18,0.25,0.21,0.21,0.28,0.05,0.729596
236,Neto,CHE,7,3,7.0,a,,True,669,True,0.0,0.0,3.25,3.94,4.13,2.94,3.3,3.35,3.81,3.13,3.52,3.67,2.87,3.59,3.74,3.18,4.2,3.58,3.6,4.59,3.25,17.301945
237,Enzo,CHE,7,3,6.7,a,,True,708,True,0.0,0.0,3.1,4.0,4.29,2.68,3.17,3.26,3.85,2.94,3.4,3.66,2.62,3.55,3.76,3.05,4.35,3.54,3.55,4.9,3.1,17.010361
238,Estêvão,CHE,7,3,6.5,a,,True,306,False,0.0,0.0,1.79,2.24,2.4,1.56,1.83,1.88,2.17,1.71,1.91,2.08,1.55,2.02,2.13,1.78,2.42,2.01,2.01,2.71,1.79,9.688339
239,Gittens,CHE,7,3,6.1,a,,True,217,False,0.0,0.0,0.95,1.01,1.03,0.93,0.96,0.97,1.0,0.94,0.97,0.99,0.93,0.98,1.0,0.95,1.03,0.98,0.98,1.07,0.95,4.795761
240,Nkunku,CHE,7,3,5.9,a,,True,0,True,0.0,0.0,0.0,0.0,0.0,0.0,0.0,0.0,0.0,0.0,0.0,0.0,0.0,0.0,0.0,0.0,0.0,0.0,0.0,0.0,0.0,0.0
241,Caicedo,CHE,7,3,5.9,a,,True,765,True,0.0,0.0,3.33,3.74,3.83,3.15,3.36,3.38,3.66,3.26,3.51,3.57,3.1,3.53,3.61,3.27,3.89,3.52,3.54,4.09,3.33,17.131576
242,Dewsbury-Hall,EVE,9,3,4.9,a,,True,715,False,0.0,0.0,2.52,2.98,2.54,2.53,2.48,3.17,2.47,2.14,3.13,2.83,2.8,2.97,2.39,2.69,2.51,2.68,2.75,2.82,2.52,13.094247
243,George,CHE,7,3,4.9,a,,True,142,False,0.0,0.0,0.52,0.55,0.56,0.51,0.53,0.53,0.55,0.52,0.53,0.54,0.51,0.54,0.55,0.52,0.57,0.54,0.54,0.58,0.52,2.624764
244,Lavia,CHE,7,3,4.9,a,,True,91,True,0.0,0.0,0.46,0.48,0.5,0.44,0.46,0.46,0.48,0.45,0.46,0.48,0.44,0.47,0.48,0.46,0.5,0.47,0.47,0.51,0.46,2.299361
245,Mudryk,CHE,7,3,5.0,a,,True,0,False,0.0,0.0,0.0,0.0,0.0,0.0,0.0,0.0,0.0,0.0,0.0,0.0,0.0,0.0,0.0,0.0,0.0,0.0,0.0,0.0,0.0,0.0
246,Andrey Santos,CHE,7,3,4.5,a,,True,220,False,0.0,0.0,0.96,1.09,1.14,0.9,0.97,0.98,1.07,0.94,1.0,1.04,0.89,1.03,1.06,0.96,1.14,1.02,1.02,1.23,0.96,4.977915
247,D.Essugo,CHE,7,3,4.3,a,,True,0,False,0.0,0.0,0.0,0.0,0.0,0.0,0.0,0.0,0.0,0.0,0.0,0.0,0.0,0.0,0.0,0.0,0.0,0.0,0.0,0.0,0.0,0.0
248,Paez,CHE,7,3,4.5,a,,True,0,False,0.0,0.0,0.0,0.0,0.0,0.0,0.0,0.0,0.0,0.0,0.0,0.0,0.0,0.0,0.0,0.0,0.0,0.0,0.0,0.0,0.0,0.0
249,João Pedro,CHE,7,4,7.4,a,,True,757,True,0.0,0.0,3.91,4.79,5.13,3.43,3.99,4.11,4.66,3.74,4.13,4.48,3.43,4.37,4.6,3.91,5.13,4.36,4.35,5.71,3.91,20.96733
250,Delap,CHE,7,4,6.2,d,,True,91,True,0.0,0.0,0.02,0.04,0.06,0.06,0.06,0.07,0.07,0.06,0.07,0.07,0.06,0.07,0.07,0.06,0.08,0.07,0.07,0.08,0.02,0.251023
251,N.Jackson,CHE,7,4,6.5,a,,True,0,True,0.0,0.0,0.0,0.0,0.0,0.0,0.0,0.0,0.0,0.0,0.0,0.0,0.0,0.0,0.0,0.0,0.0,0.0,0.0,0.0,0.0,0.0
252,Marc Guiu,CHE,7,4,4.2,a,,True,149,False,0.0,0.0,1.76,2.05,2.17,1.6,1.79,1.82,2.01,1.7,1.83,1.95,1.6,1.91,1.99,1.76,2.17,1.91,1.9,2.37,1.76,9.228597
253,Henderson,CRY,8,1,5.0,a,,True,810,True,0.0,0.0,3.66,3.67,3.67,3.54,3.79,3.67,3.53,3.52,3.78,3.93,3.51,4.02,3.69,3.64,3.7,3.41,4.06,3.94,3.66,17.999061
254,Benitez,CRY,8,1,4.0,a,,True,0,False,0.0,0.0,0.0,0.0,0.0,0.0,0.0,0.0,0.0,0.0,0.0,0.0,0.0,0.0,0.0,0.0,0.0,0.0,0.0,0.0,0.0,0.0
255,Matthews,CRY,8,1,4.0,a,,True,0,False,0.0,0.0,0.0,0.0,0.0,0.0,0.0,0.0,0.0,0.0,0.0,0.0,0.0,0.0,0.0,0.0,0.0,0.0,0.0,0.0,0.0,0.0
256,Muñoz,CRY,8,2,5.7,a,,True,810,True,0.0,0.0,4.57,4.55,4.44,4.42,5.11,4.44,3.8,3.97,4.55,5.11,3.8,4.81,4.29,4.46,4.66,3.89,5.88,5.11,4.57,22.124113
257,Lacroix,CRY,8,2,5.0,a,,True,810,True,0.0,0.0,4.72,4.72,4.68,4.55,5.05,4.68,4.3,4.35,4.83,5.19,4.28,5.15,4.64,4.66,4.79,4.21,5.59,5.19,4.72,23.079226
258,Mitchell,CRY,8,2,5.0,a,,True,810,True,0.0,0.0,4.04,4.04,4.0,3.87,4.38,3.99,3.6,3.66,4.15,4.51,3.58,4.46,3.95,3.98,4.11,3.52,4.94,4.51,4.04,19.730753
259,Sosa,CRY,8,2,4.9,a,,True,1,False,0.0,0.0,0.41,0.41,0.41,0.41,0.41,0.41,0.41,0.41,0.41,0.41,0.41,0.41,0.41,0.41,0.41,0.41,0.41,0.41,0.41,2.01307
260,Guéhi,CRY,8,2,5.0,a,,True,810,True,0.0,0.0,4.6,4.59,4.51,4.44,5.05,4.51,3.98,4.1,4.64,5.11,3.97,4.92,4.4,4.51,4.68,3.99,5.73,5.11,4.6,22.36725
261,Richards,CRY,8,2,4.5,a,,True,810,True,0.0,0.0,4.55,4.55,4.52,4.37,4.86,4.52,4.17,4.21,4.67,5.01,4.14,4.99,4.49,4.49,4.62,4.05,5.38,5.01,4.55,22.262471
262,Chadi Riad,CRY,8,2,4.0,a,,True,0,False,0.0,0.0,0.0,0.0,0.0,0.0,0.0,0.0,0.0,0.0,0.0,0.0,0.0,0.0,0.0,0.0,0.0,0.0,0.0,0.0,0.0,0.0
263,Clyne,CRY,8,2,3.9,a,,True,4,False,0.0,0.0,0.02,0.02,0.02,0.02,0.02,0.02,0.02,0.02,0.02,0.02,0.02,0.02,0.02,0.02,0.02,0.02,0.02,0.02,0.02,0.098199
264,Holding,CRY,8,2,4.0,a,,True,0,False,0.0,0.0,0.0,0.0,0.0,0.0,0.0,0.0,0.0,0.0,0.0,0.0,0.0,0.0,0.0,0.0,0.0,0.0,0.0,0.0,0.0,0.0
265,Kporha,CRY,8,2,4.0,a,,True,0,False,0.0,0.0,0.0,0.0,0.0,0.0,0.0,0.0,0.0,0.0,0.0,0.0,0.0,0.0,0.0,0.0,0.0,0.0,0.0,0.0,0.0,0.0
266,Eze,ARS,1,3,7.6,a,,True,542,True,0.0,0.0,5.17,4.13,4.34,4.1,4.63,3.92,4.88,4.27,4.59,4.27,4.11,4.18,4.68,4.68,4.03,4.54,8.6,3.96,5.17,22.097162
267,Sarr,CRY,8,3,6.6,a,,True,612,True,0.0,0.0,5.08,5.02,4.79,5.15,5.8,4.8,3.9,4.29,4.69,5.41,3.97,4.59,4.41,4.94,5.15,4.47,6.62,5.4,5.08,24.268846
268,Doucouré,CRY,8,3,4.9,a,,True,0,False,0.0,0.0,0.0,0.0,0.0,0.0,0.0,0.0,0.0,0.0,0.0,0.0,0.0,0.0,0.0,0.0,0.0,0.0,0.0,0.0,0.0,0.0
269,Esse,CRY,8,3,4.7,a,,True,24,False,0.0,0.0,0.01,0.01,0.01,0.01,0.01,0.01,0.01,0.01,0.01,0.01,0.01,0.01,0.01,0.01,0.01,0.01,0.01,0.01,0.01,0.049099
270,Hughes,CRY,8,3,4.8,a,,True,427,True,0.0,0.0,0.81,0.81,0.8,0.81,0.85,0.8,0.75,0.77,0.79,0.83,0.75,0.79,0.78,0.8,0.81,0.77,0.89,0.83,0.81,3.949484
271,Kamada,CRY,8,3,5.0,a,,True,599,True,0.0,0.0,3.03,3.02,2.96,3.02,3.23,2.96,2.72,2.81,2.96,3.17,2.73,2.99,2.88,2.99,3.06,2.83,3.49,3.17,3.03,14.720016
272,Lerma,CRY,8,3,4.9,a,,True,180,True,0.0,0.0,0.83,0.83,0.82,0.83,0.85,0.82,0.81,0.81,0.82,0.84,0.81,0.82,0.82,0.83,0.83,0.82,0.86,0.84,0.83,4.061007
273,Wharton,CRY,8,3,5.0,a,,True,631,True,0.0,0.0,3.14,3.13,3.06,3.14,3.38,3.06,2.77,2.88,3.05,3.29,2.79,3.07,2.95,3.1,3.17,2.91,3.67,3.29,3.14,15.236251
274,Agbinone,CRY,8,3,4.4,a,,True,0,False,0.0,0.0,0.0,0.0,0.0,0.0,0.0,0.0,0.0,0.0,0.0,0.0,0.0,0.0,0.0,0.0,0.0,0.0,0.0,0.0,0.0,0.0
275,Ahamada,CRY,8,3,4.4,a,,True,0,False,0.0,0.0,0.0,0.0,0.0,0.0,0.0,0.0,0.0,0.0,0.0,0.0,0.0,0.0,0.0,0.0,0.0,0.0,0.0,0.0,0.0,0.0
276,Devenny,CRY,8,3,4.4,a,,True,145,False,0.0,0.0,0.43,0.43,0.42,0.43,0.45,0.42,0.4,0.41,0.42,0.44,0.41,0.42,0.42,0.43,0.43,0.42,0.47,0.44,0.43,2.094696
277,Ebiowei,CRY,8,3,4.5,a,,True,0,False,0.0,0.0,0.0,0.0,0.0,0.0,0.0,0.0,0.0,0.0,0.0,0.0,0.0,0.0,0.0,0.0,0.0,0.0,0.0,0.0,0.0,0.0
278,J.Rak-Sakyi,CRY,8,3,4.4,a,,True,0,False,0.0,0.0,0.0,0.0,0.0,0.0,0.0,0.0,0.0,0.0,0.0,0.0,0.0,0.0,0.0,0.0,0.0,0.0,0.0,0.0,0.0,0.0
279,M.França,CRY,8,3,4.5,a,,True,0,False,0.0,0.0,0.0,0.0,0.0,0.0,0.0,0.0,0.0,0.0,0.0,0.0,0.0,0.0,0.0,0.0,0.0,0.0,0.0,0.0,0.0,0.0
280,Ozoh,CRY,8,3,4.5,a,,True,0,False,0.0,0.0,0.0,0.0,0.0,0.0,0.0,0.0,0.0,0.0,0.0,0.0,0.0,0.0,0.0,0.0,0.0,0.0,0.0,0.0,0.0,0.0
281,Rodney,CRY,8,3,4.5,a,,True,0,False,0.0,0.0,0.0,0.0,0.0,0.0,0.0,0.0,0.0,0.0,0.0,0.0,0.0,0.0,0.0,0.0,0.0,0.0,0.0,0.0,0.0,0.0
282,Umeh,CRY,8,3,4.5,a,,True,0,False,0.0,0.0,0.0,0.0,0.0,0.0,0.0,0.0,0.0,0.0,0.0,0.0,0.0,0.0,0.0,0.0,0.0,0.0,0.0,0.0,0.0,0.0
283,Mateta,CRY,8,4,7.8,a,,True,780,True,0.0,0.0,5.66,5.58,5.28,5.8,6.54,5.29,4.19,4.69,5.11,5.99,4.29,4.9,4.79,5.49,5.73,4.96,7.5,5.97,5.66,26.912824
284,Nketiah,CRY,8,4,5.4,a,,True,107,True,0.0,0.0,1.63,1.61,1.54,1.66,1.81,1.55,1.31,1.42,1.51,1.7,1.33,1.46,1.44,1.59,1.64,1.48,2.02,1.69,1.63,7.799212
285,Édouard,CRY,8,4,5.0,a,,True,2,False,0.0,0.0,0.01,0.01,0.01,0.01,0.01,0.01,0.01,0.01,0.01,0.01,0.01,0.01,0.01,0.01,0.01,0.01,0.01,0.01,0.01,0.049099
286,Marsh,CRY,8,4,4.5,a,,True,0,False,0.0,0.0,0.0,0.0,0.0,0.0,0.0,0.0,0.0,0.0,0.0,0.0,0.0,0.0,0.0,0.0,0.0,0.0,0.0,0.0,0.0,0.0
287,Pickford,EVE,9,1,5.5,a,,True,810,True,0.0,0.0,3.62,3.9,3.26,3.69,3.38,3.95,3.33,3.42,3.77,3.66,3.62,3.91,3.66,3.72,3.36,3.61,3.64,3.51,3.62,17.745236
288,Travers,EVE,9,1,4.4,a,,True,0,False,0.0,0.0,0.0,0.0,0.0,0.0,0.0,0.0,0.0,0.0,0.0,0.0,0.0,0.0,0.0,0.0,0.0,0.0,0.0,0.0,0.0,0.0
289,Tyrer,EVE,9,1,4.0,a,,True,0,False,0.0,0.0,0.0,0.0,0.0,0.0,0.0,0.0,0.0,0.0,0.0,0.0,0.0,0.0,0.0,0.0,0.0,0.0,0.0,0.0,0.0,0.0
290,Branthwaite,EVE,9,2,5.3,a,,True,0,True,0.0,0.0,0.0,0.0,0.0,0.0,0.0,0.0,0.0,0.0,0.0,0.0,0.0,0.0,0.0,0.0,0.0,0.0,0.0,0.0,0.0,0.0
291,Tarkowski,EVE,9,2,5.5,a,,True,810,True,0.0,0.0,4.05,4.56,3.4,4.18,3.64,4.67,3.54,3.69,4.39,4.16,4.09,4.57,4.11,4.25,3.6,4.07,4.13,3.91,4.05,19.885702
292,Mykolenko,EVE,9,2,4.9,a,,True,535,True,0.0,0.0,2.85,3.3,2.22,2.97,2.45,3.39,2.36,2.54,3.13,2.93,2.87,3.31,2.92,3.02,2.42,2.85,2.9,2.68,2.85,13.923378
293,O'Brien,EVE,9,2,5.0,a,,True,785,True,0.0,0.0,2.99,3.48,2.33,3.11,2.57,3.58,2.48,2.64,3.31,3.09,3.02,3.49,3.05,3.18,2.53,3.0,3.05,2.83,2.99,14.631985
294,Coleman,EVE,9,2,4.3,a,,True,2,False,0.0,0.0,0.16,0.17,0.16,0.16,0.16,0.17,0.16,0.16,0.17,0.17,0.17,0.17,0.16,0.16,0.16,0.16,0.16,0.17,0.16,0.802043
295,Keane,EVE,9,2,4.5,a,,True,784,True,0.0,0.0,3.82,4.42,3.2,3.94,3.41,4.56,3.32,3.39,4.29,4.0,3.93,4.42,3.85,4.05,3.38,3.87,3.94,3.75,3.82,18.919141
296,Patterson,EVE,9,2,4.4,a,,True,0,False,0.0,0.0,0.0,0.0,0.0,0.0,0.0,0.0,0.0,0.0,0.0,0.0,0.0,0.0,0.0,0.0,0.0,0.0,0.0,0.0,0.0,0.0
297,Dixon,EVE,9,2,3.9,a,,True,0,False,0.0,0.0,0.0,0.0,0.0,0.0,0.0,0.0,0.0,0.0,0.0,0.0,0.0,0.0,0.0,0.0,0.0,0.0,0.0,0.0,0.0,0.0
298,Welch,EVE,9,2,3.9,a,,True,0,False,0.0,0.0,0.0,0.0,0.0,0.0,0.0,0.0,0.0,0.0,0.0,0.0,0.0,0.0,0.0,0.0,0.0,0.0,0.0,0.0,0.0,0.0
299,Ndiaye,EVE,9,3,6.5,a,,True,763,True,0.0,0.0,4.49,5.29,4.59,4.5,4.47,5.63,4.46,3.85,5.59,5.07,5.02,5.28,4.27,4.8,4.52,4.79,4.91,5.06,4.49,23.403598
300,McNeil,EVE,9,3,5.6,a,,True,23,True,0.0,0.0,0.28,0.28,0.28,0.28,0.28,0.29,0.28,0.27,0.29,0.28,0.28,0.28,0.27,0.28,0.28,0.28,0.28,0.28,0.28,1.37695
301,Alcaraz,EVE,9,3,5.2,a,,True,235,True,0.0,0.0,1.44,1.6,1.46,1.45,1.43,1.66,1.43,1.32,1.65,1.55,1.54,1.6,1.4,1.5,1.44,1.5,1.52,1.55,1.44,7.33829
302,Gana,EVE,9,3,5.4,a,,True,769,True,0.0,0.0,2.88,3.15,2.83,2.9,2.82,3.25,2.81,2.67,3.2,3.04,3.02,3.15,2.83,2.98,2.83,2.96,3.0,3.01,2.88,14.491477
303,Garner,EVE,9,3,5.0,a,,True,810,True,0.0,0.0,3.61,3.99,3.59,3.62,3.56,4.14,3.55,3.3,4.09,3.85,3.83,3.99,3.52,3.75,3.57,3.73,3.79,3.83,3.61,18.276612
304,Iroegbunam,EVE,9,3,4.9,d,,True,264,False,0.0,0.0,0.35,0.41,0.43,0.47,0.47,0.51,0.47,0.45,0.51,0.49,0.49,0.5,0.46,0.48,0.47,0.48,0.48,0.49,0.35,2.138045
305,Armstrong,EVE,9,3,4.5,a,,True,1,False,0.0,0.0,0.01,0.01,0.01,0.01,0.01,0.01,0.01,0.01,0.01,0.01,0.01,0.01,0.01,0.01,0.01,0.01,0.01,0.01,0.01,0.049099
306,Bates,EVE,9,3,4.4,a,,True,0,False,0.0,0.0,0.0,0.0,0.0,0.0,0.0,0.0,0.0,0.0,0.0,0.0,0.0,0.0,0.0,0.0,0.0,0.0,0.0,0.0,0.0,0.0
307,Ebere,EVE,9,3,4.4,a,,True,0,False,0.0,0.0,0.0,0.0,0.0,0.0,0.0,0.0,0.0,0.0,0.0,0.0,0.0,0.0,0.0,0.0,0.0,0.0,0.0,0.0,0.0,0.0
308,Heath,EVE,9,3,4.5,a,,True,0,False,0.0,0.0,0.0,0.0,0.0,0.0,0.0,0.0,0.0,0.0,0.0,0.0,0.0,0.0,0.0,0.0,0.0,0.0,0.0,0.0,0.0,0.0
309,Metcalfe,EVE,9,3,4.5,a,,True,0,False,0.0,0.0,0.0,0.0,0.0,0.0,0.0,0.0,0.0,0.0,0.0,0.0,0.0,0.0,0.0,0.0,0.0,0.0,0.0,0.0,0.0,0.0
310,Barry,EVE,9,4,5.7,a,,True,246,False,0.0,0.0,1.23,1.32,1.26,1.23,1.23,1.36,1.24,1.15,1.36,1.3,1.3,1.32,1.2,1.27,1.24,1.27,1.28,1.31,1.23,6.2105
311,Beto,EVE,9,4,5.2,a,,True,562,True,0.0,0.0,3.18,3.78,3.35,3.17,3.22,4.05,3.22,2.69,4.06,3.65,3.62,3.78,2.98,3.42,3.26,3.43,3.53,3.69,3.18,16.749049
312,Y.Chermiti,EVE,9,4,4.9,a,,True,0,False,0.0,0.0,0.0,0.0,0.0,0.0,0.0,0.0,0.0,0.0,0.0,0.0,0.0,0.0,0.0,0.0,0.0,0.0,0.0,0.0,0.0,0.0
313,Sherif,EVE,9,4,4.4,a,,True,0,False,0.0,0.0,0.0,0.0,0.0,0.0,0.0,0.0,0.0,0.0,0.0,0.0,0.0,0.0,0.0,0.0,0.0,0.0,0.0,0.0,0.0,0.0
314,Leno,FUL,10,1,5.0,a,,True,810,True,0.0,0.0,3.57,3.17,3.59,3.17,3.18,3.16,3.43,3.6,3.42,2.95,3.19,3.28,3.17,3.31,2.98,3.42,2.96,3.33,3.57,16.422266
315,Benda,FUL,10,1,4.0,a,,True,0,False,0.0,0.0,0.0,0.0,0.0,0.0,0.0,0.0,0.0,0.0,0.0,0.0,0.0,0.0,0.0,0.0,0.0,0.0,0.0,0.0,0.0,0.0
316,Robinson,FUL,10,2,4.9,a,,True,61,True,0.0,0.0,0.13,0.13,0.13,0.12,0.12,0.13,0.13,0.13,0.13,0.12,0.13,0.13,0.12,0.13,0.13,0.13,0.12,0.12,0.13,0.626539
317,Andersen,FUL,10,2,4.5,d,,True,671,True,0.0,0.0,1.19,1.07,1.42,1.25,1.23,1.28,1.53,1.63,1.48,1.09,1.29,1.38,1.26,1.4,1.14,1.48,1.06,1.37,1.19,6.239057
318,Bassey,FUL,10,2,4.5,a,,True,728,True,0.0,0.0,2.63,2.07,2.62,2.05,2.05,2.05,2.48,2.69,2.43,1.7,2.1,2.24,2.05,2.28,1.77,2.43,1.7,2.27,2.63,11.320361
319,Castagne,FUL,10,2,4.4,a,,True,397,True,0.0,0.0,2.02,1.65,2.01,1.63,1.62,1.64,1.93,2.07,1.89,1.4,1.67,1.76,1.63,1.79,1.46,1.89,1.4,1.78,2.02,8.858065
320,Diop,FUL,10,2,4.4,a,,True,223,True,0.0,0.0,1.85,1.46,1.85,1.45,1.45,1.44,1.73,1.88,1.71,1.19,1.48,1.57,1.45,1.6,1.24,1.71,1.21,1.61,1.85,7.970956
321,J.Cuenca,FUL,10,2,4.4,d,,True,168,False,0.0,0.0,0.59,0.52,0.73,0.62,0.62,0.61,0.74,0.81,0.73,0.51,0.63,0.67,0.62,0.68,0.52,0.73,0.52,0.69,0.59,3.083174
322,Tete,FUL,10,2,4.5,a,,True,540,True,0.0,0.0,1.63,1.24,1.62,1.21,1.2,1.22,1.54,1.68,1.49,0.97,1.25,1.35,1.22,1.39,1.02,1.49,0.96,1.37,1.63,6.871396
323,Amissah,FUL,10,2,3.9,a,,True,0,False,0.0,0.0,0.0,0.0,0.0,0.0,0.0,0.0,0.0,0.0,0.0,0.0,0.0,0.0,0.0,0.0,0.0,0.0,0.0,0.0,0.0,0.0
324,Iwobi,FUL,10,3,6.5,a,,True,721,True,0.0,0.0,4.02,3.55,3.79,3.33,3.18,3.55,4.2,4.24,3.88,3.27,3.49,3.74,3.38,3.79,3.51,3.89,2.96,3.47,4.02,18.125719
325,Smith Rowe,FUL,10,3,5.7,a,,True,195,True,0.0,0.0,1.73,1.58,1.63,1.48,1.41,1.58,1.84,1.83,1.69,1.48,1.55,1.65,1.5,1.66,1.58,1.7,1.34,1.52,1.73,7.942282
326,Adama,FUL,10,3,5.2,a,,True,226,True,0.0,0.0,2.46,2.21,2.33,2.09,2.0,2.21,2.56,2.58,2.39,2.05,2.17,2.31,2.11,2.33,2.18,2.39,1.89,2.16,2.46,11.207255
327,Andreas,FUL,10,3,5.3,a,,True,0,True,0.0,0.0,0.0,0.0,0.0,0.0,0.0,0.0,0.0,0.0,0.0,0.0,0.0,0.0,0.0,0.0,0.0,0.0,0.0,0.0,0.0,0.0
328,Sessegnon,FUL,10,3,5.4,a,,True,656,False,0.0,0.0,3.87,3.54,3.73,3.41,3.31,3.54,3.97,4.01,3.77,3.34,3.5,3.67,3.44,3.7,3.49,3.77,3.16,3.51,3.87,17.898327
329,Wilson,FUL,10,3,5.3,d,,True,518,True,0.0,0.0,1.76,1.71,2.01,1.91,1.81,2.05,2.47,2.49,2.26,1.87,2.01,2.17,1.94,2.2,2.03,2.26,1.67,1.99,1.76,9.522379
330,Berge,FUL,10,3,4.9,a,,True,778,True,0.0,0.0,2.68,2.49,2.63,2.44,2.41,2.48,2.69,2.74,2.62,2.38,2.48,2.55,2.45,2.57,2.43,2.62,2.31,2.51,2.68,12.558628
331,Cairney,FUL,10,3,4.9,a,,True,178,True,0.0,0.0,1.66,1.53,1.6,1.47,1.43,1.52,1.7,1.72,1.62,1.44,1.51,1.58,1.48,1.59,1.51,1.62,1.37,1.51,1.66,7.698806
332,Lukić,FUL,10,3,5.0,a,,True,632,True,0.0,0.0,2.07,1.83,1.96,1.73,1.66,1.83,2.16,2.18,2.0,1.69,1.81,1.93,1.75,1.95,1.8,2.01,1.55,1.8,2.07,9.361174
333,Godo,FUL,10,3,4.5,a,,True,0,False,0.0,0.0,0.0,0.0,0.0,0.0,0.0,0.0,0.0,0.0,0.0,0.0,0.0,0.0,0.0,0.0,0.0,0.0,0.0,0.0,0.0,0.0
334,Harris,FUL,10,3,4.5,a,,True,0,False,0.0,0.0,0.0,0.0,0.0,0.0,0.0,0.0,0.0,0.0,0.0,0.0,0.0,0.0,0.0,0.0,0.0,0.0,0.0,0.0,0.0,0.0
335,King,FUL,10,3,4.5,a,,True,543,False,0.0,0.0,2.01,1.85,1.95,1.79,1.76,1.85,2.04,2.07,1.96,1.76,1.84,1.91,1.81,1.92,1.82,1.96,1.68,1.84,2.01,9.344823
336,Reed,FUL,10,3,4.4,a,,True,0,False,0.0,0.0,0.0,0.0,0.0,0.0,0.0,0.0,0.0,0.0,0.0,0.0,0.0,0.0,0.0,0.0,0.0,0.0,0.0,0.0,0.0,0.0
337,Raúl,FUL,10,4,6.2,a,,True,321,True,0.0,0.0,3.44,3.04,3.17,2.79,2.62,3.04,3.69,3.69,3.33,2.79,2.96,3.22,2.85,3.26,3.05,3.34,2.44,2.9,3.44,15.428021
338,Muniz,FUL,10,4,5.4,d,,True,314,True,0.0,0.0,0.14,0.24,0.38,0.44,0.41,0.49,0.6,0.6,0.54,0.44,0.47,0.52,0.45,0.52,0.49,0.54,0.38,0.46,0.14,1.777996
339,Meslier,LEE,11,1,4.3,a,,True,0,False,0.0,0.0,0.0,0.0,0.0,0.0,0.0,0.0,0.0,0.0,0.0,0.0,0.0,0.0,0.0,0.0,0.0,0.0,0.0,0.0,0.0,0.0
340,Cairns,LEE,11,1,4.0,a,,True,0,False,0.0,0.0,0.0,0.0,0.0,0.0,0.0,0.0,0.0,0.0,0.0,0.0,0.0,0.0,0.0,0.0,0.0,0.0,0.0,0.0,0.0,0.0
341,Darlow,LEE,11,1,4.0,d,,True,450,False,0.0,0.0,1.38,1.67,2.01,1.78,1.97,1.92,1.84,1.89,2.0,1.78,1.91,1.9,2.14,1.9,1.92,2.16,1.83,2.04,1.38,8.68067
342,Bogle,LEE,11,2,4.5,a,,True,792,False,0.0,0.0,3.03,3.62,3.98,2.66,3.49,3.26,3.03,3.21,3.47,2.76,3.37,3.11,4.02,3.24,3.08,4.15,2.97,3.51,3.03,16.280436
343,Struijk,LEE,11,2,4.5,d,,True,720,False,0.0,0.0,1.37,1.82,2.19,1.57,2.1,1.96,1.82,1.93,2.08,1.65,2.04,1.85,2.43,1.95,1.83,2.52,1.79,2.1,1.37,8.905099
344,Bijol,LEE,11,2,3.9,a,,True,90,False,0.0,0.0,1.05,1.25,1.44,0.95,1.21,1.15,1.05,1.12,1.24,0.97,1.15,1.11,1.4,1.13,1.12,1.43,1.03,1.27,1.05,5.713129
345,Bornauw,LEE,11,2,3.9,a,,True,0,False,0.0,0.0,0.0,0.0,0.0,0.0,0.0,0.0,0.0,0.0,0.0,0.0,0.0,0.0,0.0,0.0,0.0,0.0,0.0,0.0,0.0,0.0
346,Byram,LEE,11,2,3.9,a,,True,7,False,0.0,0.0,0.01,0.01,0.01,0.01,0.01,0.01,0.01,0.01,0.01,0.01,0.01,0.01,0.01,0.01,0.01,0.01,0.01,0.01,0.01,0.049099
347,Gudmundsson,LEE,11,2,4.0,a,,True,740,False,0.0,0.0,2.61,3.03,3.17,2.28,2.93,2.75,2.62,2.73,2.86,2.4,2.88,2.6,3.28,2.75,2.53,3.4,2.57,2.85,2.61,13.66927
348,Rodon,LEE,11,2,4.1,a,,True,810,False,0.0,0.0,4.07,4.73,5.01,3.56,4.57,4.29,4.07,4.26,4.49,3.74,4.49,4.07,5.15,4.29,3.99,5.33,4.0,4.49,4.07,21.374505
349,Schmidt,LEE,11,2,4.0,a,,True,0,False,0.0,0.0,0.0,0.0,0.0,0.0,0.0,0.0,0.0,0.0,0.0,0.0,0.0,0.0,0.0,0.0,0.0,0.0,0.0,0.0,0.0,0.0
350,Aaronson,LEE,11,3,5.4,a,,True,546,False,0.0,0.0,3.88,4.38,4.02,3.22,4.23,3.9,3.91,3.99,3.87,3.56,4.37,3.54,4.58,3.99,3.29,4.88,3.83,3.67,3.88,19.419078
351,Gnonto,LEE,11,3,5.2,d,,True,191,False,0.0,0.0,0.02,0.05,0.07,0.09,0.1,0.1,0.09,0.1,0.1,0.09,0.1,0.09,0.1,0.1,0.09,0.1,0.09,0.09,0.02,0.340904
352,Harrison,LEE,11,3,5.2,a,,True,240,True,0.0,0.0,1.73,1.87,1.77,1.56,1.83,1.74,1.74,1.76,1.73,1.65,1.87,1.64,1.92,1.76,1.57,2.0,1.72,1.67,1.73,8.609985
353,James,LEE,11,3,5.3,a,,True,239,False,0.0,0.0,0.83,0.86,0.83,0.79,0.85,0.83,0.83,0.84,0.83,0.81,0.86,0.81,0.87,0.84,0.79,0.89,0.83,0.81,0.83,4.091068
354,Ampadu,LEE,11,3,4.9,a,,True,607,False,0.0,0.0,2.96,3.13,3.13,2.81,3.08,3.0,2.97,3.01,3.03,2.88,3.09,2.92,3.22,3.01,2.88,3.28,2.95,3.0,2.96,14.817258
355,Greenwood,LEE,11,3,4.9,a,,True,0,False,0.0,0.0,0.0,0.0,0.0,0.0,0.0,0.0,0.0,0.0,0.0,0.0,0.0,0.0,0.0,0.0,0.0,0.0,0.0,0.0,0.0,0.0
356,Gruev,LEE,11,3,4.8,a,,True,211,False,0.0,0.0,0.52,0.53,0.52,0.51,0.53,0.52,0.52,0.52,0.52,0.51,0.53,0.51,0.53,0.52,0.51,0.54,0.52,0.52,0.52,2.559962
357,Ramazani,LEE,11,3,4.9,a,,True,0,False,0.0,0.0,0.0,0.0,0.0,0.0,0.0,0.0,0.0,0.0,0.0,0.0,0.0,0.0,0.0,0.0,0.0,0.0,0.0,0.0,0.0,0.0
358,Tanaka,LEE,11,3,4.8,a,,True,260,False,0.0,0.0,1.61,1.69,1.68,1.53,1.67,1.63,1.61,1.63,1.63,1.57,1.67,1.59,1.73,1.63,1.56,1.76,1.6,1.62,1.61,8.023227
359,Crew,LEE,11,3,4.5,a,,True,0,False,0.0,0.0,0.0,0.0,0.0,0.0,0.0,0.0,0.0,0.0,0.0,0.0,0.0,0.0,0.0,0.0,0.0,0.0,0.0,0.0,0.0,0.0
360,Gelhardt,LEE,11,3,4.5,a,,True,0,False,0.0,0.0,0.0,0.0,0.0,0.0,0.0,0.0,0.0,0.0,0.0,0.0,0.0,0.0,0.0,0.0,0.0,0.0,0.0,0.0,0.0,0.0
361,Gyabi,LEE,11,3,4.5,a,,True,0,False,0.0,0.0,0.0,0.0,0.0,0.0,0.0,0.0,0.0,0.0,0.0,0.0,0.0,0.0,0.0,0.0,0.0,0.0,0.0,0.0,0.0,0.0
362,Piroe,LEE,11,4,5.1,d,,True,162,False,0.0,0.0,0.37,0.43,0.46,0.47,0.51,0.5,0.5,0.5,0.49,0.48,0.52,0.48,0.53,0.5,0.47,0.54,0.5,0.48,0.37,2.229867
363,Bamford,LEE,11,4,4.9,a,,True,0,False,0.0,0.0,0.0,0.0,0.0,0.0,0.0,0.0,0.0,0.0,0.0,0.0,0.0,0.0,0.0,0.0,0.0,0.0,0.0,0.0,0.0,0.0
364,Mateo Joseph,LEE,11,4,5.0,a,,True,0,False,0.0,0.0,0.0,0.0,0.0,0.0,0.0,0.0,0.0,0.0,0.0,0.0,0.0,0.0,0.0,0.0,0.0,0.0,0.0,0.0,0.0,0.0
365,Nmecha,LEE,11,4,5.0,a,,True,174,False,0.0,0.0,1.33,1.42,1.33,1.21,1.39,1.33,1.34,1.35,1.32,1.28,1.43,1.26,1.45,1.35,1.21,1.51,1.32,1.27,1.33,6.577261
366,A.Becker,LIV,12,1,5.4,d,,True,540,True,0.0,0.0,0.22,0.37,0.67,0.85,0.89,0.79,0.83,0.79,0.89,0.85,0.83,0.73,0.92,0.77,0.84,0.79,0.83,0.84,0.22,3.014465
367,Mamardashvili,LIV,12,1,4.3,a,,True,270,False,0.0,0.0,3.33,2.81,3.29,3.16,3.29,2.97,3.07,2.98,3.27,3.16,3.07,2.82,3.35,2.91,3.15,2.98,3.1,3.09,3.33,15.38708
368,Pécsi,LIV,12,1,3.9,a,,True,0,False,0.0,0.0,0.0,0.0,0.0,0.0,0.0,0.0,0.0,0.0,0.0,0.0,0.0,0.0,0.0,0.0,0.0,0.0,0.0,0.0,0.0,0.0
369,Woodman,LIV,12,1,3.9,a,,True,0,False,0.0,0.0,0.0,0.0,0.0,0.0,0.0,0.0,0.0,0.0,0.0,0.0,0.0,0.0,0.0,0.0,0.0,0.0,0.0,0.0,0.0,0.0
370,Frimpong,LIV,12,2,5.8,a,,True,83,False,0.0,0.0,0.4,0.39,0.42,0.41,0.41,0.4,0.41,0.4,0.42,0.41,0.41,0.38,0.44,0.4,0.4,0.39,0.4,0.41,0.4,1.987284
371,Kerkez,LIV,12,2,5.8,a,,True,660,True,0.0,0.0,3.46,2.38,3.61,3.29,3.45,2.82,3.12,2.81,3.5,3.22,3.09,2.35,3.84,2.73,3.15,2.77,3.05,3.18,3.46,15.463702
372,Robertson,LIV,12,2,5.8,a,,True,146,True,0.0,0.0,0.72,0.66,0.8,0.76,0.74,0.71,0.75,0.7,0.77,0.74,0.74,0.65,0.85,0.72,0.71,0.68,0.71,0.76,0.72,3.582326
373,Virgil,LIV,12,2,6.0,a,,True,810,True,0.0,0.0,5.51,4.21,5.67,5.29,5.5,4.73,5.09,4.72,5.55,5.22,5.05,4.16,5.94,4.62,5.13,4.68,5.02,5.16,5.51,25.183465
374,Konaté,LIV,12,2,5.4,a,,True,742,True,0.0,0.0,4.18,3.03,4.37,4.02,4.18,3.51,3.85,3.49,4.25,3.94,3.8,2.98,4.63,3.42,3.85,3.45,3.76,3.91,4.18,18.959115
375,Bradley,LIV,12,2,5.0,a,,True,357,True,0.0,0.0,2.95,2.0,3.13,2.83,2.96,2.4,2.68,2.38,3.02,2.76,2.64,1.95,3.36,2.32,2.68,2.34,2.6,2.74,2.95,13.224283
376,Gomez,LIV,12,2,4.9,a,,True,36,False,0.0,0.0,0.46,0.45,0.47,0.46,0.46,0.45,0.46,0.45,0.47,0.46,0.46,0.44,0.48,0.46,0.46,0.45,0.46,0.46,0.46,2.252575
377,Tsimikas,LIV,12,2,4.8,a,,True,0,True,0.0,0.0,0.0,0.0,0.0,0.0,0.0,0.0,0.0,0.0,0.0,0.0,0.0,0.0,0.0,0.0,0.0,0.0,0.0,0.0,0.0,0.0
378,Nallo,LIV,12,2,3.8,a,,True,0,False,0.0,0.0,0.0,0.0,0.0,0.0,0.0,0.0,0.0,0.0,0.0,0.0,0.0,0.0,0.0,0.0,0.0,0.0,0.0,0.0,0.0,0.0
379,R.Williams,LIV,12,2,3.9,a,,True,0,False,0.0,0.0,0.0,0.0,0.0,0.0,0.0,0.0,0.0,0.0,0.0,0.0,0.0,0.0,0.0,0.0,0.0,0.0,0.0,0.0,0.0,0.0
380,Ramsay,LIV,12,2,3.9,a,,True,0,False,0.0,0.0,0.0,0.0,0.0,0.0,0.0,0.0,0.0,0.0,0.0,0.0,0.0,0.0,0.0,0.0,0.0,0.0,0.0,0.0,0.0,0.0
381,M.Salah,LIV,12,3,14.2,a,,True,804,True,0.0,0.0,5.54,4.21,7.17,6.33,6.01,5.17,6.13,5.05,6.6,5.83,5.83,3.89,8.19,5.33,5.34,4.67,5.33,6.29,5.54,27.956155
382,Wirtz,LIV,12,3,8.0,a,,True,591,False,0.0,0.0,2.41,2.02,2.8,2.58,2.51,2.27,2.52,2.24,2.66,2.45,2.44,1.95,3.05,2.3,2.33,2.16,2.33,2.56,2.41,11.883599
383,Luis Díaz,LIV,12,3,8.0,a,,True,0,True,0.0,0.0,0.0,0.0,0.0,0.0,0.0,0.0,0.0,0.0,0.0,0.0,0.0,0.0,0.0,0.0,0.0,0.0,0.0,0.0,0.0,0.0
384,Gakpo,LIV,12,3,7.6,a,,True,705,True,0.0,0.0,4.37,3.43,5.46,4.89,4.68,4.09,4.74,4.01,5.08,4.55,4.54,3.21,6.15,4.19,4.22,3.76,4.21,4.85,4.37,21.877505
385,Chiesa,LIV,12,3,6.4,a,,True,110,False,0.0,0.0,1.23,1.03,1.54,1.39,1.32,1.19,1.36,1.17,1.43,1.3,1.3,0.97,1.72,1.22,1.21,1.1,1.21,1.39,1.23,6.263625
386,Mac Allister,LIV,12,3,6.3,a,,True,474,True,0.0,0.0,2.26,1.95,2.53,2.37,2.33,2.14,2.32,2.12,2.43,2.28,2.27,1.9,2.71,2.16,2.19,2.06,2.19,2.35,2.26,11.069999
387,Szoboszlai,LIV,12,3,6.5,a,,True,810,True,0.0,0.0,5.03,4.24,5.85,5.4,5.26,4.77,5.28,4.71,5.56,5.15,5.13,4.07,6.37,4.84,4.89,4.52,4.88,5.37,5.03,24.880887
388,C.Jones,LIV,12,3,5.4,a,,True,322,True,0.0,0.0,2.19,1.87,2.54,2.35,2.29,2.09,2.3,2.06,2.42,2.24,2.24,1.81,2.76,2.12,2.14,1.98,2.13,2.33,2.19,10.85765
389,Elliott,AVL,2,3,5.4,a,,True,97,False,0.0,0.0,0.22,0.24,0.23,0.25,0.23,0.21,0.25,0.25,0.23,0.21,0.26,0.23,0.25,0.22,0.25,0.23,0.24,0.24,0.22,1.143155
390,Gravenberch,LIV,12,3,5.6,d,,True,601,True,0.0,0.0,1.41,1.32,1.93,1.96,1.94,1.76,1.92,1.74,2.02,1.89,1.88,1.54,2.25,1.77,1.82,1.69,1.81,1.94,1.41,8.357065
391,Gannon-Doak,BOU,4,3,4.9,a,,True,43,False,0.0,0.0,0.52,0.54,0.6,0.55,0.58,0.57,0.56,0.63,0.55,0.55,0.52,0.56,0.55,0.55,0.56,0.55,0.56,0.58,0.52,2.731735
392,Endo,LIV,12,3,4.9,a,,True,36,False,0.0,0.0,0.18,0.18,0.19,0.18,0.18,0.18,0.18,0.18,0.19,0.18,0.18,0.18,0.19,0.18,0.18,0.18,0.18,0.18,0.18,0.892552
393,Bajcetic,LIV,12,3,4.3,a,,True,0,False,0.0,0.0,0.0,0.0,0.0,0.0,0.0,0.0,0.0,0.0,0.0,0.0,0.0,0.0,0.0,0.0,0.0,0.0,0.0,0.0,0.0,0.0
394,McConnell,LIV,12,3,4.4,a,,True,0,False,0.0,0.0,0.0,0.0,0.0,0.0,0.0,0.0,0.0,0.0,0.0,0.0,0.0,0.0,0.0,0.0,0.0,0.0,0.0,0.0,0.0,0.0
395,Morton,LIV,12,3,4.5,a,,True,0,False,0.0,0.0,0.0,0.0,0.0,0.0,0.0,0.0,0.0,0.0,0.0,0.0,0.0,0.0,0.0,0.0,0.0,0.0,0.0,0.0,0.0,0.0
396,Nyoni,LIV,12,3,4.3,a,,True,0,False,0.0,0.0,0.0,0.0,0.0,0.0,0.0,0.0,0.0,0.0,0.0,0.0,0.0,0.0,0.0,0.0,0.0,0.0,0.0,0.0,0.0,0.0
397,Darwin,LIV,12,4,6.5,a,,True,0,True,0.0,0.0,0.0,0.0,0.0,0.0,0.0,0.0,0.0,0.0,0.0,0.0,0.0,0.0,0.0,0.0,0.0,0.0,0.0,0.0,0.0,0.0
398,Danns,LIV,12,4,4.4,a,,True,0,False,0.0,0.0,0.0,0.0,0.0,0.0,0.0,0.0,0.0,0.0,0.0,0.0,0.0,0.0,0.0,0.0,0.0,0.0,0.0,0.0,0.0,0.0
399,Ederson M.,MCI,13,1,5.3,a,,True,0,True,0.0,0.0,0.0,0.0,0.0,0.0,0.0,0.0,0.0,0.0,0.0,0.0,0.0,0.0,0.0,0.0,0.0,0.0,0.0,0.0,0.0,0.0
400,Ortega Moreno,MCI,13,1,4.8,a,,True,0,True,0.0,0.0,0.0,0.0,0.0,0.0,0.0,0.0,0.0,0.0,0.0,0.0,0.0,0.0,0.0,0.0,0.0,0.0,0.0,0.0,0.0,0.0
401,Bettinelli,MCI,13,1,4.0,a,,True,0,False,0.0,0.0,0.0,0.0,0.0,0.0,0.0,0.0,0.0,0.0,0.0,0.0,0.0,0.0,0.0,0.0,0.0,0.0,0.0,0.0,0.0,0.0
402,Aït-Nouri,MCI,13,2,5.8,d,,True,202,True,0.0,0.0,0.03,0.06,0.09,0.13,0.13,0.14,0.11,0.15,0.14,0.13,0.13,0.13,0.11,0.15,0.12,0.11,0.15,0.13,0.03,0.459741
403,Gvardiol,MCI,13,2,5.9,a,,True,429,True,0.0,0.0,3.52,3.26,3.09,3.56,3.46,3.75,2.86,4.06,3.57,3.38,3.46,3.51,3.01,3.85,3.17,2.88,3.85,3.45,3.52,16.746441
404,Akanji,MCI,13,2,5.4,a,,True,0,True,0.0,0.0,0.0,0.0,0.0,0.0,0.0,0.0,0.0,0.0,0.0,0.0,0.0,0.0,0.0,0.0,0.0,0.0,0.0,0.0,0.0,0.0
405,Aké,MCI,13,2,5.4,a,,True,201,True,0.0,0.0,1.21,1.14,1.11,1.24,1.2,1.3,1.02,1.36,1.22,1.19,1.19,1.21,1.04,1.31,1.12,1.03,1.31,1.22,1.21,5.826828
406,Khusanov,MCI,13,2,5.4,d,,True,227,False,0.0,0.0,0.06,0.11,0.16,0.24,0.23,0.25,0.19,0.26,0.23,0.23,0.23,0.23,0.2,0.25,0.22,0.2,0.25,0.23,0.06,0.824068
407,Matheus N.,MCI,13,2,5.3,a,,True,513,True,0.0,0.0,4.38,4.06,3.84,4.43,4.3,4.66,3.55,5.06,4.45,4.2,4.31,4.37,3.74,4.79,3.93,3.57,4.79,4.29,4.38,20.832486
408,Rúben,MCI,13,2,5.5,a,,True,725,True,0.0,0.0,4.39,4.14,4.02,4.49,4.34,4.72,3.65,4.94,4.42,4.33,4.32,4.37,3.75,4.75,4.07,3.71,4.75,4.43,4.39,21.114587
409,Stones,MCI,13,2,5.5,a,,True,324,False,0.0,0.0,1.7,1.6,1.58,1.75,1.68,1.85,1.4,1.9,1.7,1.69,1.66,1.68,1.42,1.84,1.59,1.43,1.84,1.74,1.7,8.191541
410,Lewis,MCI,13,2,4.9,d,,True,172,True,0.0,0.0,0.34,0.37,0.4,0.45,0.45,0.46,0.43,0.47,0.45,0.44,0.45,0.45,0.44,0.46,0.44,0.43,0.46,0.45,0.34,2.003354
411,O'Reilly,MCI,13,2,4.9,a,,True,503,False,0.0,0.0,3.03,2.82,2.68,3.06,2.98,3.21,2.5,3.47,3.08,2.91,2.99,3.03,2.63,3.29,2.74,2.52,3.29,2.97,3.03,14.442345
412,Vitor Reis,MCI,13,2,5.0,a,,True,0,False,0.0,0.0,0.0,0.0,0.0,0.0,0.0,0.0,0.0,0.0,0.0,0.0,0.0,0.0,0.0,0.0,0.0,0.0,0.0,0.0,0.0,0.0
413,Marmoush,MCI,13,3,8.3,a,,True,154,True,0.0,0.0,0.65,0.62,0.59,0.64,0.64,0.64,0.6,0.7,0.66,0.61,0.65,0.65,0.63,0.67,0.6,0.59,0.67,0.61,0.65,3.105325
414,Foden,MCI,13,3,8.0,a,,True,532,True,0.0,0.0,4.53,4.17,3.78,4.43,4.42,4.55,3.87,5.26,4.69,4.13,4.52,4.59,4.21,4.89,3.95,3.79,4.9,4.14,4.53,21.289474
415,Savinho,MCI,13,3,6.9,a,,True,334,True,0.0,0.0,3.86,3.57,3.26,3.78,3.77,3.88,3.32,4.44,3.98,3.54,3.85,3.9,3.59,4.15,3.39,3.26,4.15,3.55,3.86,18.181463
416,Bernardo,MCI,13,3,6.3,a,,True,461,True,0.0,0.0,2.27,2.15,2.04,2.24,2.23,2.29,2.05,2.49,2.31,2.15,2.26,2.28,2.15,2.38,2.09,2.03,2.38,2.16,2.27,10.838061
417,Cherki,MCI,13,3,6.3,a,,True,89,False,0.0,0.0,0.85,0.82,0.78,0.84,0.84,0.84,0.8,0.91,0.86,0.81,0.85,0.85,0.83,0.88,0.8,0.79,0.88,0.81,0.85,4.083839
418,Doku,MCI,13,3,6.5,a,,True,472,True,0.0,0.0,2.21,2.06,1.89,2.16,2.16,2.2,1.95,2.51,2.28,2.03,2.21,2.24,2.1,2.35,1.96,1.91,2.36,2.03,2.21,10.440459
419,Grealish,EVE,9,3,6.9,a,,True,646,True,0.0,0.0,2.91,3.48,2.97,2.91,2.89,3.71,2.88,2.44,3.68,3.32,3.28,3.47,2.74,3.13,2.92,3.12,3.21,3.31,2.91,15.22755
420,Gündoğan,MCI,13,3,6.3,a,,True,0,True,0.0,0.0,0.0,0.0,0.0,0.0,0.0,0.0,0.0,0.0,0.0,0.0,0.0,0.0,0.0,0.0,0.0,0.0,0.0,0.0,0.0,0.0
421,Rodrigo,MCI,13,3,6.3,d,,True,291,False,0.0,0.0,0.12,0.23,0.33,0.47,0.47,0.48,0.44,0.5,0.48,0.46,0.47,0.47,0.45,0.49,0.45,0.44,0.49,0.46,0.12,1.676233
422,Kovačić,MCI,13,3,5.9,a,,True,4,True,0.0,0.0,0.26,0.25,0.25,0.26,0.26,0.26,0.25,0.26,0.26,0.25,0.26,0.26,0.25,0.26,0.25,0.25,0.26,0.25,0.26,1.256514
423,N.Gonzalez,MCI,13,3,5.9,a,,True,464,True,0.0,0.0,1.86,1.79,1.73,1.86,1.84,1.89,1.72,2.01,1.89,1.8,1.85,1.87,1.77,1.94,1.76,1.71,1.94,1.81,1.86,8.97609
424,Bobb,MCI,13,3,5.4,a,,True,451,False,0.0,0.0,2.29,2.19,2.09,2.28,2.26,2.32,2.09,2.51,2.33,2.2,2.29,2.31,2.17,2.41,2.13,2.07,2.41,2.21,2.29,11.003365
425,Echeverri,MCI,13,3,5.4,a,,True,0,False,0.0,0.0,0.0,0.0,0.0,0.0,0.0,0.0,0.0,0.0,0.0,0.0,0.0,0.0,0.0,0.0,0.0,0.0,0.0,0.0,0.0,0.0
426,McAtee,NFO,16,3,5.2,a,,True,126,False,0.0,0.0,0.19,0.19,0.18,0.19,0.19,0.18,0.18,0.19,0.17,0.19,0.18,0.19,0.17,0.18,0.18,0.18,0.19,0.18,0.19,0.913218
427,Reijnders,MCI,13,3,5.6,a,,True,740,False,0.0,0.0,3.05,2.85,2.65,3.0,2.99,3.08,2.67,3.45,3.13,2.84,3.04,3.08,2.85,3.25,2.74,2.64,3.26,2.85,3.05,14.460545
428,Nypan,MCI,13,3,5.0,a,,True,0,False,0.0,0.0,0.0,0.0,0.0,0.0,0.0,0.0,0.0,0.0,0.0,0.0,0.0,0.0,0.0,0.0,0.0,0.0,0.0,0.0,0.0,0.0
429,Phillips,MCI,13,3,4.8,a,,True,0,True,0.0,0.0,0.0,0.0,0.0,0.0,0.0,0.0,0.0,0.0,0.0,0.0,0.0,0.0,0.0,0.0,0.0,0.0,0.0,0.0,0.0,0.0
430,Haaland,MCI,13,4,14.8,a,,True,773,True,0.0,0.0,7.73,6.92,5.96,7.4,7.45,7.59,6.37,9.29,8.1,6.71,7.74,7.88,7.21,8.45,6.37,6.15,8.47,6.68,7.73,35.638821
431,Bayindir,MUN,14,1,4.9,d,,True,540,False,0.0,0.0,0.17,0.31,0.51,0.57,0.75,0.66,0.67,0.68,0.69,0.72,0.63,0.69,0.63,0.58,0.72,0.69,0.69,0.63,0.17,2.381998
432,Onana,MUN,14,1,4.9,a,,True,0,True,0.0,0.0,0.0,0.0,0.0,0.0,0.0,0.0,0.0,0.0,0.0,0.0,0.0,0.0,0.0,0.0,0.0,0.0,0.0,0.0,0.0,0.0
433,Harrison,MUN,14,1,4.0,a,,True,0,False,0.0,0.0,0.0,0.0,0.0,0.0,0.0,0.0,0.0,0.0,0.0,0.0,0.0,0.0,0.0,0.0,0.0,0.0,0.0,0.0,0.0,0.0
434,Heaton,MUN,14,1,3.9,a,,True,0,False,0.0,0.0,0.0,0.0,0.0,0.0,0.0,0.0,0.0,0.0,0.0,0.0,0.0,0.0,0.0,0.0,0.0,0.0,0.0,0.0,0.0,0.0
435,Mee,MUN,14,1,3.9,a,,True,0,False,0.0,0.0,0.0,0.0,0.0,0.0,0.0,0.0,0.0,0.0,0.0,0.0,0.0,0.0,0.0,0.0,0.0,0.0,0.0,0.0,0.0,0.0
436,De Ligt,MUN,14,2,5.0,a,,True,810,True,0.0,0.0,4.18,3.62,4.32,3.15,4.92,4.03,4.11,3.96,4.07,4.61,3.64,4.51,3.55,2.96,4.61,4.17,4.32,3.74,4.18,19.739056
437,Martinez,MUN,14,2,4.8,a,,True,0,True,0.0,0.0,0.0,0.0,0.0,0.0,0.0,0.0,0.0,0.0,0.0,0.0,0.0,0.0,0.0,0.0,0.0,0.0,0.0,0.0,0.0,0.0
438,Mazraoui,MUN,14,2,4.9,d,,True,130,True,0.0,0.0,0.07,0.12,0.21,0.19,0.31,0.26,0.26,0.26,0.27,0.3,0.23,0.28,0.23,0.19,0.3,0.27,0.27,0.24,0.07,0.928797
439,D.Leon,MUN,14,2,4.3,a,,True,0,False,0.0,0.0,0.0,0.0,0.0,0.0,0.0,0.0,0.0,0.0,0.0,0.0,0.0,0.0,0.0,0.0,0.0,0.0,0.0,0.0,0.0,0.0
440,Dalot,MUN,14,2,4.4,a,,True,515,True,0.0,0.0,3.01,2.57,3.14,2.15,3.64,2.9,2.96,2.88,2.96,3.39,2.58,3.27,2.53,2.04,3.38,3.04,3.14,2.65,3.01,14.196743
441,Dorgu,MUN,14,2,4.3,a,,True,521,True,0.0,0.0,1.4,1.27,1.43,1.18,1.56,1.36,1.38,1.32,1.36,1.49,1.27,1.48,1.24,1.12,1.49,1.38,1.43,1.3,1.4,6.680609
442,Maguire,MUN,14,2,4.4,d,,True,270,True,0.0,0.0,1.15,1.1,1.46,1.14,1.82,1.48,1.51,1.45,1.49,1.7,1.33,1.67,1.29,1.06,1.7,1.53,1.59,1.37,1.15,6.593978
443,Shaw,MUN,14,2,4.5,a,,True,753,False,0.0,0.0,2.74,2.43,2.87,1.96,3.31,2.68,2.72,2.8,2.83,3.12,2.43,2.9,2.44,2.01,3.11,2.86,2.87,2.43,2.74,13.11318
444,Yoro,MUN,14,2,4.4,a,,True,544,True,0.0,0.0,2.18,1.93,2.26,1.64,2.57,2.12,2.16,2.15,2.19,2.43,1.93,2.32,1.92,1.62,2.42,2.23,2.26,1.96,2.18,10.388285
445,Amass,MUN,14,2,4.0,a,,True,0,False,0.0,0.0,0.0,0.0,0.0,0.0,0.0,0.0,0.0,0.0,0.0,0.0,0.0,0.0,0.0,0.0,0.0,0.0,0.0,0.0,0.0,0.0
446,Fredricson,MUN,14,2,3.9,a,,True,0,False,0.0,0.0,0.0,0.0,0.0,0.0,0.0,0.0,0.0,0.0,0.0,0.0,0.0,0.0,0.0,0.0,0.0,0.0,0.0,0.0,0.0,0.0
447,Heaven,MUN,14,2,3.9,a,,True,28,False,0.0,0.0,0.52,0.48,0.52,0.48,0.54,0.5,0.51,0.48,0.49,0.52,0.49,0.54,0.47,0.45,0.52,0.5,0.52,0.5,0.52,2.476336
448,Malacia,MUN,14,2,3.9,a,,True,0,False,0.0,0.0,0.0,0.0,0.0,0.0,0.0,0.0,0.0,0.0,0.0,0.0,0.0,0.0,0.0,0.0,0.0,0.0,0.0,0.0,0.0,0.0
449,B.Fernandes,MUN,14,3,8.9,a,,True,800,True,0.0,0.0,6.37,5.28,6.43,5.21,7.2,5.96,6.15,5.19,5.53,6.66,5.39,7.12,4.94,4.24,6.67,5.84,6.41,5.77,6.37,29.373192
450,Cunha,MUN,14,3,7.9,a,,True,522,True,0.0,0.0,4.17,3.49,4.21,3.44,4.7,3.92,4.03,3.44,3.66,4.36,3.56,4.64,3.28,2.83,4.36,3.85,4.2,3.79,4.17,19.296985
451,Rashford,MUN,14,3,7.0,a,,True,0,True,0.0,0.0,0.0,0.0,0.0,0.0,0.0,0.0,0.0,0.0,0.0,0.0,0.0,0.0,0.0,0.0,0.0,0.0,0.0,0.0,0.0,0.0
452,Amad,MUN,14,3,6.3,a,,True,573,True,0.0,0.0,3.44,2.88,3.47,2.83,3.88,3.23,3.32,2.84,3.02,3.6,2.93,3.83,2.71,2.34,3.6,3.17,3.46,3.12,3.44,15.913164
453,Garnacho,CHE,7,3,6.4,a,,True,187,True,0.0,0.0,1.66,2.06,2.2,1.46,1.7,1.74,2.0,1.59,1.77,1.91,1.45,1.86,1.96,1.65,2.22,1.86,1.86,2.47,1.66,8.95297
454,Antony,MUN,14,3,5.9,a,,True,0,False,0.0,0.0,0.0,0.0,0.0,0.0,0.0,0.0,0.0,0.0,0.0,0.0,0.0,0.0,0.0,0.0,0.0,0.0,0.0,0.0,0.0,0.0
455,Mount,MUN,14,3,5.9,d,,True,331,True,0.0,0.0,1.29,1.23,1.59,1.45,1.92,1.63,1.67,1.47,1.55,1.8,1.5,1.89,1.41,1.25,1.8,1.61,1.74,1.58,1.29,7.311643
456,Sancho,AVL,2,3,5.8,a,,True,52,True,0.0,0.0,0.63,0.72,0.66,0.76,0.68,0.59,0.74,0.75,0.67,0.56,0.8,0.65,0.74,0.62,0.73,0.67,0.73,0.7,0.63,3.346882
457,Casemiro,MUN,14,3,5.5,a,,True,456,True,0.0,0.0,2.43,2.11,2.46,2.07,2.7,2.31,2.37,2.1,2.2,2.53,2.14,2.65,2.02,1.8,2.54,2.29,2.45,2.25,2.43,11.392546
458,Mainoo,MUN,14,3,4.8,a,,True,138,True,0.0,0.0,1.04,1.01,1.04,1.01,1.06,1.03,1.04,1.01,1.02,1.05,1.01,1.06,1.0,0.98,1.05,1.03,1.04,1.03,1.04,5.055888
459,Ugarte,MUN,14,3,4.8,a,,True,281,True,0.0,0.0,1.15,1.11,1.16,1.11,1.19,1.14,1.14,1.12,1.13,1.17,1.12,1.18,1.1,1.08,1.17,1.14,1.16,1.13,1.15,5.596291
460,Collyer,MUN,14,3,4.5,a,,True,0,False,0.0,0.0,0.0,0.0,0.0,0.0,0.0,0.0,0.0,0.0,0.0,0.0,0.0,0.0,0.0,0.0,0.0,0.0,0.0,0.0,0.0,0.0
461,Fitzgerald,MUN,14,3,4.4,a,,True,0,False,0.0,0.0,0.0,0.0,0.0,0.0,0.0,0.0,0.0,0.0,0.0,0.0,0.0,0.0,0.0,0.0,0.0,0.0,0.0,0.0,0.0,0.0
462,J.Fletcher,MUN,14,3,4.4,a,,True,0,False,0.0,0.0,0.0,0.0,0.0,0.0,0.0,0.0,0.0,0.0,0.0,0.0,0.0,0.0,0.0,0.0,0.0,0.0,0.0,0.0,0.0,0.0
463,Kone,MUN,14,3,4.4,a,,True,0,False,0.0,0.0,0.0,0.0,0.0,0.0,0.0,0.0,0.0,0.0,0.0,0.0,0.0,0.0,0.0,0.0,0.0,0.0,0.0,0.0,0.0,0.0
464,Moorhouse,MUN,14,3,4.5,a,,True,0,False,0.0,0.0,0.0,0.0,0.0,0.0,0.0,0.0,0.0,0.0,0.0,0.0,0.0,0.0,0.0,0.0,0.0,0.0,0.0,0.0,0.0,0.0
465,Højlund,MUN,14,4,6.3,a,,True,0,True,0.0,0.0,0.0,0.0,0.0,0.0,0.0,0.0,0.0,0.0,0.0,0.0,0.0,0.0,0.0,0.0,0.0,0.0,0.0,0.0,0.0,0.0
466,Zirkzee,MUN,14,4,5.8,a,,True,82,True,0.0,0.0,0.66,0.62,0.66,0.62,0.69,0.65,0.65,0.62,0.63,0.67,0.63,0.69,0.61,0.59,0.67,0.64,0.66,0.64,0.66,3.17374
467,Obi,MUN,14,4,4.3,a,,True,0,False,0.0,0.0,0.0,0.0,0.0,0.0,0.0,0.0,0.0,0.0,0.0,0.0,0.0,0.0,0.0,0.0,0.0,0.0,0.0,0.0,0.0,0.0
468,Wheatley,MUN,14,4,4.5,a,,True,0,False,0.0,0.0,0.0,0.0,0.0,0.0,0.0,0.0,0.0,0.0,0.0,0.0,0.0,0.0,0.0,0.0,0.0,0.0,0.0,0.0,0.0,0.0
469,Pope,NEW,15,1,5.2,a,,True,810,True,0.0,0.0,4.28,3.95,4.03,4.05,4.27,4.56,4.18,4.15,3.87,4.31,4.03,4.27,4.18,4.46,3.85,4.18,4.04,3.82,4.28,20.377926
470,Dúbravka,BUR,3,1,4.0,a,,True,810,True,0.0,0.0,2.81,3.05,2.92,2.75,2.82,2.8,3.19,2.76,3.05,3.02,2.75,2.85,2.67,3.04,2.96,3.31,2.65,2.73,2.81,14.204878
471,Gillespie,NEW,15,1,4.0,a,,True,0,False,0.0,0.0,0.0,0.0,0.0,0.0,0.0,0.0,0.0,0.0,0.0,0.0,0.0,0.0,0.0,0.0,0.0,0.0,0.0,0.0,0.0,0.0
472,Odysseas,NEW,15,1,4.0,a,,True,0,False,0.0,0.0,0.0,0.0,0.0,0.0,0.0,0.0,0.0,0.0,0.0,0.0,0.0,0.0,0.0,0.0,0.0,0.0,0.0,0.0,0.0,0.0
473,Hall,NEW,15,2,5.2,a,,True,133,True,0.0,0.0,0.26,0.22,0.22,0.23,0.26,0.31,0.24,0.25,0.21,0.27,0.23,0.26,0.25,0.27,0.21,0.25,0.23,0.2,0.26,1.197514
474,Schär,NEW,15,2,5.4,a,,True,379,True,0.0,0.0,0.74,0.67,0.66,0.69,0.72,0.83,0.7,0.72,0.66,0.77,0.69,0.72,0.71,0.73,0.64,0.73,0.67,0.62,0.74,3.47865
475,Botman,NEW,15,2,4.9,a,,True,488,False,0.0,0.0,4.28,3.62,3.72,3.82,4.2,4.85,4.03,4.04,3.45,4.38,3.79,4.22,4.06,4.49,3.37,4.09,3.75,3.27,4.28,19.659175
476,Burn,NEW,15,2,5.2,a,,True,810,True,0.0,0.0,4.12,3.45,3.57,3.65,4.05,4.69,3.88,3.87,3.26,4.21,3.62,4.06,3.9,4.36,3.2,3.93,3.59,3.11,4.12,18.865248
477,Livramento,NEW,15,2,4.9,d,,True,526,True,0.0,0.0,0.2,0.34,0.53,0.72,0.8,0.94,0.77,0.77,0.64,0.84,0.71,0.81,0.77,0.87,0.63,0.78,0.71,0.61,0.2,2.734417
478,Trippier,NEW,15,2,5.0,a,,True,609,True,0.0,0.0,3.67,3.06,3.13,3.24,3.59,4.23,3.42,3.44,2.9,3.78,3.21,3.6,3.46,3.84,2.82,3.5,3.17,2.72,3.67,16.748897
479,Krafth,NEW,15,2,4.4,a,,True,0,False,0.0,0.0,0.0,0.0,0.0,0.0,0.0,0.0,0.0,0.0,0.0,0.0,0.0,0.0,0.0,0.0,0.0,0.0,0.0,0.0,0.0,0.0
480,Lascelles,NEW,15,2,4.3,a,,True,19,False,0.0,0.0,0.15,0.15,0.14,0.15,0.15,0.15,0.15,0.15,0.15,0.15,0.15,0.15,0.15,0.15,0.14,0.15,0.15,0.14,0.15,0.729424
481,A.Murphy,NEW,15,2,3.9,a,,True,0,False,0.0,0.0,0.0,0.0,0.0,0.0,0.0,0.0,0.0,0.0,0.0,0.0,0.0,0.0,0.0,0.0,0.0,0.0,0.0,0.0,0.0,0.0
482,Ashby,NEW,15,2,3.9,a,,True,0,False,0.0,0.0,0.0,0.0,0.0,0.0,0.0,0.0,0.0,0.0,0.0,0.0,0.0,0.0,0.0,0.0,0.0,0.0,0.0,0.0,0.0,0.0
483,Pivas,NEW,15,2,3.9,a,,True,0,False,0.0,0.0,0.0,0.0,0.0,0.0,0.0,0.0,0.0,0.0,0.0,0.0,0.0,0.0,0.0,0.0,0.0,0.0,0.0,0.0,0.0,0.0
484,Targett,NEW,15,2,4.0,a,,True,0,False,0.0,0.0,0.0,0.0,0.0,0.0,0.0,0.0,0.0,0.0,0.0,0.0,0.0,0.0,0.0,0.0,0.0,0.0,0.0,0.0,0.0,0.0
485,Gordon,NEW,15,3,7.5,a,,True,416,True,0.0,0.0,3.68,3.28,2.97,3.35,3.42,4.48,3.26,3.53,3.29,4.01,3.34,3.48,3.46,3.39,3.0,3.61,3.12,2.75,3.68,16.964304
486,Elanga,NEW,15,3,6.7,a,,True,385,True,0.0,0.0,1.87,1.73,1.6,1.75,1.76,2.17,1.71,1.82,1.74,2.0,1.75,1.79,1.78,1.74,1.63,1.85,1.66,1.52,1.87,8.773643
487,Barnes,NEW,15,3,6.3,a,,True,363,True,0.0,0.0,1.81,1.67,1.51,1.68,1.69,2.15,1.63,1.76,1.69,1.96,1.68,1.72,1.72,1.65,1.55,1.79,1.58,1.43,1.81,8.457157
488,Bruno G.,NEW,15,3,6.5,a,,True,715,True,0.0,0.0,4.11,3.67,3.34,3.75,3.82,4.95,3.65,3.95,3.69,4.46,3.74,3.89,3.86,3.79,3.37,4.03,3.5,3.09,4.11,18.960626
489,J.Murphy,NEW,15,3,6.1,a,,True,414,True,0.0,0.0,3.35,2.99,2.67,3.04,3.09,4.12,2.94,3.22,3.01,3.68,3.04,3.15,3.14,3.04,2.72,3.29,2.82,2.47,3.35,15.418172
490,Joelinton,NEW,15,3,5.9,a,,True,536,True,0.0,0.0,2.71,2.47,2.31,2.51,2.57,3.17,2.48,2.62,2.47,2.89,2.51,2.6,2.58,2.57,2.31,2.67,2.39,2.17,2.71,12.6659
491,Tonali,NEW,15,3,5.4,a,,True,703,True,0.0,0.0,2.58,2.37,2.23,2.41,2.45,2.97,2.38,2.5,2.37,2.73,2.4,2.48,2.47,2.45,2.23,2.54,2.3,2.11,2.58,12.100927
492,Antoñito C.,NEW,15,3,4.9,a,,True,0,False,0.0,0.0,0.0,0.0,0.0,0.0,0.0,0.0,0.0,0.0,0.0,0.0,0.0,0.0,0.0,0.0,0.0,0.0,0.0,0.0,0.0,0.0
493,Longstaff,LEE,11,3,4.9,a,,True,655,True,0.0,0.0,3.28,3.54,3.44,2.97,3.47,3.31,3.29,3.34,3.32,3.12,3.51,3.15,3.67,3.34,3.04,3.8,3.25,3.24,3.28,16.393962
494,Willock,NEW,15,3,5.0,a,,True,86,True,0.0,0.0,0.19,0.17,0.17,0.18,0.18,0.21,0.18,0.18,0.17,0.2,0.18,0.18,0.18,0.18,0.16,0.18,0.17,0.16,0.19,0.888613
495,Hayden,NEW,15,3,4.5,a,,True,0,False,0.0,0.0,0.0,0.0,0.0,0.0,0.0,0.0,0.0,0.0,0.0,0.0,0.0,0.0,0.0,0.0,0.0,0.0,0.0,0.0,0.0,0.0
496,Kuol,NEW,15,3,4.4,a,,True,0,False,0.0,0.0,0.0,0.0,0.0,0.0,0.0,0.0,0.0,0.0,0.0,0.0,0.0,0.0,0.0,0.0,0.0,0.0,0.0,0.0,0.0,0.0
497,L.Miley,NEW,15,3,4.4,a,,True,272,False,0.0,0.0,1.8,1.69,1.65,1.72,1.75,1.97,1.72,1.76,1.69,1.86,1.71,1.76,1.75,1.77,1.63,1.78,1.68,1.59,1.8,8.573902
498,White,NEW,15,3,4.5,a,,True,0,False,0.0,0.0,0.0,0.0,0.0,0.0,0.0,0.0,0.0,0.0,0.0,0.0,0.0,0.0,0.0,0.0,0.0,0.0,0.0,0.0,0.0,0.0
499,Isak,LIV,12,4,10.4,d,,True,250,True,0.0,0.0,1.62,1.46,2.52,2.47,2.34,2.08,2.41,2.04,2.55,2.29,2.3,1.64,3.11,2.15,2.11,1.9,2.12,2.47,1.62,10.094934
500,Osula,NEW,15,4,5.5,a,,True,168,False,0.0,0.0,1.17,1.14,1.11,1.15,1.15,1.25,1.13,1.16,1.15,1.21,1.15,1.15,1.15,1.14,1.12,1.17,1.13,1.09,1.17,5.667413
501,Neave,NEW,15,4,4.4,a,,True,0,False,0.0,0.0,0.0,0.0,0.0,0.0,0.0,0.0,0.0,0.0,0.0,0.0,0.0,0.0,0.0,0.0,0.0,0.0,0.0,0.0,0.0,0.0
502,Sels,NFO,16,1,4.8,a,,True,810,True,0.0,0.0,3.01,3.23,2.82,3.12,3.12,2.99,3.23,3.12,3.0,3.23,3.19,3.23,2.99,2.9,2.98,2.99,3.38,3.02,3.01,15.076116
503,C.Miguel,NFO,16,1,4.0,a,,True,0,False,0.0,0.0,0.0,0.0,0.0,0.0,0.0,0.0,0.0,0.0,0.0,0.0,0.0,0.0,0.0,0.0,0.0,0.0,0.0,0.0,0.0,0.0
504,Turner,NFO,16,1,4.0,a,,True,0,False,0.0,0.0,0.0,0.0,0.0,0.0,0.0,0.0,0.0,0.0,0.0,0.0,0.0,0.0,0.0,0.0,0.0,0.0,0.0,0.0,0.0,0.0
505,Milenković,NFO,16,2,5.2,a,,True,810,True,0.0,0.0,2.53,2.86,1.94,2.71,2.68,2.41,2.85,2.68,2.32,2.93,2.71,2.93,2.28,2.2,2.38,2.36,3.2,2.44,2.53,12.579214
506,Murillo,NFO,16,2,5.3,a,,True,469,True,0.0,0.0,1.63,1.88,1.27,1.77,1.75,1.57,1.87,1.75,1.53,1.91,1.79,1.91,1.51,1.43,1.55,1.55,2.09,1.6,1.63,8.210767
507,Aina,NFO,16,2,4.7,d,,True,270,True,0.0,0.0,0.02,0.05,0.05,0.1,0.1,0.09,0.1,0.1,0.08,0.1,0.1,0.1,0.08,0.08,0.08,0.08,0.11,0.09,0.02,0.32836
508,N.Williams,NFO,16,2,4.7,a,,True,810,True,0.0,0.0,2.69,2.98,1.98,2.86,2.8,2.51,2.95,2.8,2.33,3.09,2.74,3.09,2.25,2.29,2.48,2.42,3.39,2.52,2.69,13.127576
509,David Carmo,NFO,16,2,4.5,a,,True,0,False,0.0,0.0,0.0,0.0,0.0,0.0,0.0,0.0,0.0,0.0,0.0,0.0,0.0,0.0,0.0,0.0,0.0,0.0,0.0,0.0,0.0,0.0
510,Jair Cunha,NFO,16,2,4.3,a,,True,90,False,0.0,0.0,0.31,0.36,0.24,0.34,0.34,0.3,0.36,0.34,0.3,0.37,0.35,0.37,0.3,0.27,0.3,0.3,0.4,0.31,0.31,1.575727
511,Morato,NFO,16,2,4.4,d,,True,436,True,0.0,0.0,0.7,0.96,0.63,1.05,1.05,0.91,1.16,1.05,0.91,1.16,1.12,1.16,0.91,0.8,0.89,0.91,1.3,0.94,0.7,4.425059
512,O.Richards,NFO,16,2,4.5,a,,True,0,False,0.0,0.0,0.0,0.0,0.0,0.0,0.0,0.0,0.0,0.0,0.0,0.0,0.0,0.0,0.0,0.0,0.0,0.0,0.0,0.0,0.0,0.0
513,Abbott,NFO,16,2,3.9,a,,True,0,False,0.0,0.0,0.0,0.0,0.0,0.0,0.0,0.0,0.0,0.0,0.0,0.0,0.0,0.0,0.0,0.0,0.0,0.0,0.0,0.0,0.0,0.0
514,Boly,NFO,16,2,3.9,a,,True,0,False,0.0,0.0,0.0,0.0,0.0,0.0,0.0,0.0,0.0,0.0,0.0,0.0,0.0,0.0,0.0,0.0,0.0,0.0,0.0,0.0,0.0,0.0
515,Gibbs-White,NFO,16,3,7.3,a,,True,729,True,0.0,0.0,3.66,3.48,3.02,3.6,3.47,3.36,3.42,3.47,2.97,3.7,3.11,3.7,2.81,3.3,3.36,3.18,3.83,3.29,3.66,16.829282
516,Hudson-Odoi,NFO,16,3,5.8,a,,True,477,True,0.0,0.0,1.7,1.62,1.48,1.67,1.62,1.59,1.59,1.62,1.44,1.7,1.48,1.7,1.38,1.58,1.59,1.52,1.73,1.56,1.7,7.902982
517,Anderson,NFO,16,3,5.3,a,,True,810,True,0.0,0.0,3.92,3.84,3.52,3.89,3.82,3.74,3.81,3.82,3.51,3.97,3.62,3.97,3.42,3.69,3.74,3.64,4.06,3.7,3.92,18.60603
518,Jota,NFO,16,3,5.4,a,,True,11,True,0.0,0.0,0.01,0.01,0.01,0.01,0.01,0.01,0.01,0.01,0.01,0.01,0.01,0.01,0.01,0.01,0.01,0.01,0.01,0.01,0.01,0.049099
519,Dominguez,NFO,16,3,5.0,a,,True,52,True,0.0,0.0,0.5,0.5,0.49,0.5,0.5,0.49,0.49,0.5,0.48,0.5,0.49,0.5,0.48,0.49,0.49,0.49,0.51,0.49,0.5,2.435577
520,O'Brien,NFO,16,3,5.0,a,,True,0,False,0.0,0.0,0.0,0.0,0.0,0.0,0.0,0.0,0.0,0.0,0.0,0.0,0.0,0.0,0.0,0.0,0.0,0.0,0.0,0.0,0.0,0.0
521,Sangaré,NFO,16,3,4.9,d,,True,441,False,0.0,0.0,0.6,0.67,0.68,0.81,0.8,0.78,0.8,0.8,0.75,0.82,0.77,0.82,0.73,0.77,0.78,0.76,0.84,0.78,0.6,3.53043
522,Yates,NFO,16,3,4.7,a,,True,133,True,0.0,0.0,0.88,0.85,0.78,0.87,0.85,0.83,0.84,0.85,0.77,0.88,0.8,0.88,0.75,0.82,0.83,0.81,0.9,0.82,0.88,4.13744
523,Da Silva Moreira,NFO,16,3,4.5,a,,True,0,False,0.0,0.0,0.0,0.0,0.0,0.0,0.0,0.0,0.0,0.0,0.0,0.0,0.0,0.0,0.0,0.0,0.0,0.0,0.0,0.0,0.0,0.0
524,Stamenic,NFO,16,3,4.5,a,,True,0,False,0.0,0.0,0.0,0.0,0.0,0.0,0.0,0.0,0.0,0.0,0.0,0.0,0.0,0.0,0.0,0.0,0.0,0.0,0.0,0.0,0.0,0.0
525,Wood,NFO,16,4,7.2,d,,True,538,True,0.0,0.0,1.45,1.5,1.46,1.88,1.81,1.76,1.76,1.81,1.54,1.92,1.59,1.92,1.45,1.74,1.76,1.66,1.97,1.72,1.45,7.983024
526,Igor Jesus,NFO,16,4,5.8,a,,True,191,False,0.0,0.0,1.76,1.65,1.47,1.72,1.65,1.62,1.62,1.66,1.43,1.76,1.47,1.75,1.35,1.6,1.62,1.53,1.8,1.58,1.76,8.05728
527,Awoniyi,NFO,16,4,5.2,a,,True,90,False,0.0,0.0,1.07,1.01,0.92,1.05,1.02,1.0,1.0,1.02,0.9,1.07,0.92,1.07,0.85,0.99,1.0,0.95,1.09,0.98,1.07,4.954221
528,Patterson,SUN,17,1,4.3,a,,True,0,False,0.0,0.0,0.0,0.0,0.0,0.0,0.0,0.0,0.0,0.0,0.0,0.0,0.0,0.0,0.0,0.0,0.0,0.0,0.0,0.0,0.0,0.0
529,Moore,SUN,17,1,4.0,a,,True,0,False,0.0,0.0,0.0,0.0,0.0,0.0,0.0,0.0,0.0,0.0,0.0,0.0,0.0,0.0,0.0,0.0,0.0,0.0,0.0,0.0,0.0,0.0
530,Nna Noukeu,SUN,17,1,4.0,a,,True,0,False,0.0,0.0,0.0,0.0,0.0,0.0,0.0,0.0,0.0,0.0,0.0,0.0,0.0,0.0,0.0,0.0,0.0,0.0,0.0,0.0,0.0,0.0
531,Ballard,SUN,17,2,4.6,a,,True,399,False,0.0,0.0,4.9,3.96,4.62,4.71,3.91,3.68,4.55,4.23,4.73,4.09,4.22,4.24,4.38,4.9,5.75,3.56,4.37,5.13,4.9,21.670452
532,Hume,SUN,17,2,4.5,a,,True,798,False,0.0,0.0,3.76,3.13,3.52,3.58,2.8,2.7,3.62,3.05,3.7,3.17,3.2,3.05,3.23,3.76,4.38,2.67,3.28,4.02,3.76,16.519881
533,Alese,SUN,17,2,4.0,a,,True,0,False,0.0,0.0,0.0,0.0,0.0,0.0,0.0,0.0,0.0,0.0,0.0,0.0,0.0,0.0,0.0,0.0,0.0,0.0,0.0,0.0,0.0,0.0
534,Anderson,SUN,17,2,3.9,a,,True,0,False,0.0,0.0,0.0,0.0,0.0,0.0,0.0,0.0,0.0,0.0,0.0,0.0,0.0,0.0,0.0,0.0,0.0,0.0,0.0,0.0,0.0,0.0
535,Cirkin,SUN,17,2,4.0,a,,True,0,False,0.0,0.0,0.0,0.0,0.0,0.0,0.0,0.0,0.0,0.0,0.0,0.0,0.0,0.0,0.0,0.0,0.0,0.0,0.0,0.0,0.0,0.0
536,Hjelde,SUN,17,2,4.0,a,,True,0,False,0.0,0.0,0.0,0.0,0.0,0.0,0.0,0.0,0.0,0.0,0.0,0.0,0.0,0.0,0.0,0.0,0.0,0.0,0.0,0.0,0.0,0.0
537,Huggins,SUN,17,2,4.0,a,,True,0,False,0.0,0.0,0.0,0.0,0.0,0.0,0.0,0.0,0.0,0.0,0.0,0.0,0.0,0.0,0.0,0.0,0.0,0.0,0.0,0.0,0.0,0.0
538,Johnson,SUN,17,2,3.9,a,,True,0,False,0.0,0.0,0.0,0.0,0.0,0.0,0.0,0.0,0.0,0.0,0.0,0.0,0.0,0.0,0.0,0.0,0.0,0.0,0.0,0.0,0.0,0.0
539,O'Nien,SUN,17,2,4.0,a,,True,0,False,0.0,0.0,0.0,0.0,0.0,0.0,0.0,0.0,0.0,0.0,0.0,0.0,0.0,0.0,0.0,0.0,0.0,0.0,0.0,0.0,0.0,0.0
540,Pembele,SUN,17,2,3.9,a,,True,0,False,0.0,0.0,0.0,0.0,0.0,0.0,0.0,0.0,0.0,0.0,0.0,0.0,0.0,0.0,0.0,0.0,0.0,0.0,0.0,0.0,0.0,0.0
541,Reinildo,SUN,17,2,4.0,a,,True,482,False,0.0,0.0,1.42,1.23,1.33,1.35,1.04,1.03,1.4,1.13,1.41,1.23,1.22,1.12,1.2,1.42,1.62,1.03,1.24,1.53,1.42,6.280097
542,Seelt,SUN,17,2,4.0,a,,True,133,False,0.0,0.0,0.04,0.04,0.04,0.04,0.03,0.03,0.04,0.04,0.04,0.04,0.04,0.04,0.04,0.04,0.05,0.03,0.04,0.05,0.04,0.189337
543,Adingra,SUN,17,3,5.1,d,,True,271,True,0.0,0.0,0.13,0.21,0.37,0.5,0.45,0.42,0.47,0.47,0.49,0.44,0.46,0.48,0.48,0.51,0.59,0.41,0.47,0.52,0.13,1.692743
544,Diarra,SUN,17,3,5.3,d,,True,345,False,0.0,0.0,0.05,0.08,0.14,0.2,0.17,0.16,0.19,0.18,0.19,0.17,0.18,0.18,0.19,0.2,0.23,0.16,0.18,0.21,0.05,0.654692
545,Roberts,SUN,17,3,5.4,a,,True,27,False,0.0,0.0,0.01,0.01,0.01,0.01,0.01,0.01,0.01,0.01,0.01,0.01,0.01,0.01,0.01,0.01,0.02,0.01,0.01,0.01,0.01,0.049539
546,Aleksić,SUN,17,3,4.9,a,,True,0,False,0.0,0.0,0.0,0.0,0.0,0.0,0.0,0.0,0.0,0.0,0.0,0.0,0.0,0.0,0.0,0.0,0.0,0.0,0.0,0.0,0.0,0.0
547,E.Le Fée,SUN,17,3,4.9,a,,True,539,False,0.0,0.0,3.57,2.97,3.41,3.47,3.07,2.9,3.3,3.25,3.43,3.07,3.17,3.27,3.32,3.57,4.12,2.81,3.28,3.67,3.57,16.147651
548,Mundle,SUN,17,3,4.9,a,,True,0,False,0.0,0.0,0.0,0.0,0.0,0.0,0.0,0.0,0.0,0.0,0.0,0.0,0.0,0.0,0.0,0.0,0.0,0.0,0.0,0.0,0.0,0.0
549,Neil,SUN,17,3,4.8,a,,True,2,False,0.0,0.0,0.3,0.3,0.3,0.3,0.3,0.3,0.3,0.3,0.3,0.3,0.3,0.3,0.3,0.3,0.3,0.3,0.3,0.3,0.3,1.472978
550,Poveda,SUN,17,3,4.8,a,,True,0,False,0.0,0.0,0.0,0.0,0.0,0.0,0.0,0.0,0.0,0.0,0.0,0.0,0.0,0.0,0.0,0.0,0.0,0.0,0.0,0.0,0.0,0.0
551,Rigg,SUN,17,3,4.8,a,,True,186,False,0.0,0.0,1.33,1.21,1.3,1.31,1.23,1.2,1.28,1.26,1.3,1.23,1.25,1.26,1.28,1.33,1.43,1.18,1.27,1.35,1.33,6.254807
552,Sadiki,SUN,17,3,5.0,a,,True,803,False,0.0,0.0,2.35,2.16,2.29,2.31,2.13,2.09,2.29,2.19,2.32,2.18,2.2,2.2,2.23,2.35,2.53,2.08,2.23,2.4,2.35,11.033936
553,Talbi,SUN,17,3,5.0,a,,True,553,False,0.0,0.0,1.93,1.59,1.84,1.88,1.68,1.58,1.76,1.77,1.84,1.66,1.72,1.78,1.8,1.92,2.22,1.53,1.78,1.97,1.93,8.724858
554,Ba,SUN,17,3,4.3,a,,True,0,False,0.0,0.0,0.0,0.0,0.0,0.0,0.0,0.0,0.0,0.0,0.0,0.0,0.0,0.0,0.0,0.0,0.0,0.0,0.0,0.0,0.0,0.0
555,Browne,SUN,17,3,4.5,a,,True,0,False,0.0,0.0,0.0,0.0,0.0,0.0,0.0,0.0,0.0,0.0,0.0,0.0,0.0,0.0,0.0,0.0,0.0,0.0,0.0,0.0,0.0,0.0
556,Ekwah,SUN,17,3,4.5,a,,True,0,False,0.0,0.0,0.0,0.0,0.0,0.0,0.0,0.0,0.0,0.0,0.0,0.0,0.0,0.0,0.0,0.0,0.0,0.0,0.0,0.0,0.0,0.0
557,H.Jones,SUN,17,3,4.4,a,,True,0,False,0.0,0.0,0.0,0.0,0.0,0.0,0.0,0.0,0.0,0.0,0.0,0.0,0.0,0.0,0.0,0.0,0.0,0.0,0.0,0.0,0.0,0.0
558,Matete,SUN,17,3,4.4,a,,True,0,False,0.0,0.0,0.0,0.0,0.0,0.0,0.0,0.0,0.0,0.0,0.0,0.0,0.0,0.0,0.0,0.0,0.0,0.0,0.0,0.0,0.0,0.0
559,Triantis,SUN,17,3,4.4,a,,True,0,False,0.0,0.0,0.0,0.0,0.0,0.0,0.0,0.0,0.0,0.0,0.0,0.0,0.0,0.0,0.0,0.0,0.0,0.0,0.0,0.0,0.0,0.0
560,Isidor,SUN,17,4,5.6,a,,True,526,False,0.0,0.0,4.23,3.15,3.97,4.08,3.49,3.14,3.69,3.79,3.96,3.36,3.57,3.83,3.87,4.22,5.15,2.96,3.78,4.35,4.23,18.460918
561,Mayenda,SUN,17,4,5.4,d,,True,257,False,0.0,0.0,0.55,0.53,0.65,0.71,0.66,0.63,0.68,0.69,0.7,0.65,0.67,0.69,0.7,0.73,0.81,0.61,0.69,0.74,0.55,3.070557
562,Abdullahi,SUN,17,4,4.3,a,,True,0,False,0.0,0.0,0.0,0.0,0.0,0.0,0.0,0.0,0.0,0.0,0.0,0.0,0.0,0.0,0.0,0.0,0.0,0.0,0.0,0.0,0.0,0.0
563,Luís Hemir,SUN,17,4,4.4,a,,True,0,False,0.0,0.0,0.0,0.0,0.0,0.0,0.0,0.0,0.0,0.0,0.0,0.0,0.0,0.0,0.0,0.0,0.0,0.0,0.0,0.0,0.0,0.0
564,Rusyn,SUN,17,4,4.4,a,,True,0,False,0.0,0.0,0.0,0.0,0.0,0.0,0.0,0.0,0.0,0.0,0.0,0.0,0.0,0.0,0.0,0.0,0.0,0.0,0.0,0.0,0.0,0.0
565,Vicario,TOT,18,1,5.1,a,,True,810,True,0.0,0.0,4.04,3.96,3.65,4.33,3.88,4.07,4.1,3.94,3.68,3.82,4.33,3.84,4.46,4.21,3.9,3.73,4.14,3.88,4.04,19.554429
566,Austin,TOT,18,1,3.9,a,,True,0,False,0.0,0.0,0.0,0.0,0.0,0.0,0.0,0.0,0.0,0.0,0.0,0.0,0.0,0.0,0.0,0.0,0.0,0.0,0.0,0.0,0.0,0.0
567,Kinsky,TOT,18,1,3.9,a,,True,0,False,0.0,0.0,0.0,0.0,0.0,0.0,0.0,0.0,0.0,0.0,0.0,0.0,0.0,0.0,0.0,0.0,0.0,0.0,0.0,0.0,0.0,0.0
568,Pedro Porro,TOT,18,2,5.5,a,,True,725,True,0.0,0.0,3.7,3.62,2.75,4.22,3.26,3.77,3.84,3.45,2.92,3.25,4.12,3.27,4.49,4.14,3.28,3.09,3.74,3.2,3.7,17.433269
569,Romero,TOT,18,2,5.0,d,,True,630,True,0.0,0.0,0.3,0.58,0.65,1.38,1.05,1.22,1.24,1.11,0.91,1.03,1.36,1.04,1.48,1.34,1.06,0.97,1.23,1.04,0.3,4.114694
570,Danso,TOT,18,2,4.3,a,,True,196,True,0.0,0.0,2.71,2.62,2.26,3.03,2.53,2.74,2.79,2.6,2.26,2.45,3.02,2.48,3.16,2.91,2.56,2.32,2.82,2.54,2.71,12.967753
571,Davies,TOT,18,2,4.3,a,,True,0,True,0.0,0.0,0.0,0.0,0.0,0.0,0.0,0.0,0.0,0.0,0.0,0.0,0.0,0.0,0.0,0.0,0.0,0.0,0.0,0.0,0.0,0.0
572,Dragusin,TOT,18,2,4.5,a,,True,0,True,0.0,0.0,0.0,0.0,0.0,0.0,0.0,0.0,0.0,0.0,0.0,0.0,0.0,0.0,0.0,0.0,0.0,0.0,0.0,0.0,0.0,0.0
573,Spence,TOT,18,2,4.5,a,,True,578,True,0.0,0.0,2.59,2.48,1.98,2.99,2.34,2.63,2.69,2.44,2.01,2.25,2.97,2.28,3.17,2.86,2.36,2.09,2.7,2.34,2.59,12.244269
574,Udogie,TOT,18,2,4.4,d,,True,301,True,0.0,0.0,0.23,0.45,0.55,1.07,0.86,0.95,0.96,0.88,0.74,0.82,1.07,0.83,1.13,1.02,0.87,0.76,0.98,0.86,0.23,3.255678
575,Van de Ven,TOT,18,2,4.7,a,,True,799,True,0.0,0.0,4.26,4.22,2.95,4.9,3.62,4.37,4.45,3.92,3.29,3.71,4.71,3.71,5.27,4.88,3.63,3.55,4.21,3.49,4.26,19.92255
576,Phillips,TOT,18,2,4.0,a,,True,0,False,0.0,0.0,0.0,0.0,0.0,0.0,0.0,0.0,0.0,0.0,0.0,0.0,0.0,0.0,0.0,0.0,0.0,0.0,0.0,0.0,0.0,0.0
577,Takai,TOT,18,2,4.0,a,,True,0,False,0.0,0.0,0.0,0.0,0.0,0.0,0.0,0.0,0.0,0.0,0.0,0.0,0.0,0.0,0.0,0.0,0.0,0.0,0.0,0.0,0.0,0.0
578,Vuskovic,TOT,18,2,3.9,a,,True,0,False,0.0,0.0,0.0,0.0,0.0,0.0,0.0,0.0,0.0,0.0,0.0,0.0,0.0,0.0,0.0,0.0,0.0,0.0,0.0,0.0,0.0,0.0
579,Son,TOT,18,3,8.5,a,,True,0,True,0.0,0.0,0.0,0.0,0.0,0.0,0.0,0.0,0.0,0.0,0.0,0.0,0.0,0.0,0.0,0.0,0.0,0.0,0.0,0.0,0.0,0.0
580,Johnson,TOT,18,3,6.7,a,,True,360,True,0.0,0.0,2.76,2.86,2.01,2.97,2.32,2.83,2.86,2.55,2.39,2.57,2.76,2.52,3.19,3.15,2.29,2.59,2.53,2.16,2.76,12.979969
581,Maddison,TOT,18,3,6.9,a,,True,0,True,0.0,0.0,0.0,0.0,0.0,0.0,0.0,0.0,0.0,0.0,0.0,0.0,0.0,0.0,0.0,0.0,0.0,0.0,0.0,0.0,0.0,0.0
582,Kudus,TOT,18,3,6.7,a,,True,785,True,0.0,0.0,3.94,4.06,2.91,4.26,3.35,4.03,4.08,3.66,3.4,3.66,3.99,3.6,4.56,4.48,3.31,3.68,3.65,3.13,3.94,18.568583
583,Kulusevski,TOT,18,3,6.4,a,,True,0,True,0.0,0.0,0.0,0.0,0.0,0.0,0.0,0.0,0.0,0.0,0.0,0.0,0.0,0.0,0.0,0.0,0.0,0.0,0.0,0.0,0.0,0.0
584,Tel,TOT,18,3,6.3,a,,True,235,True,0.0,0.0,1.73,1.78,1.39,1.83,1.53,1.76,1.77,1.64,1.56,1.64,1.73,1.62,1.93,1.91,1.51,1.66,1.62,1.45,1.73,8.239347
585,Bentancur,TOT,18,3,5.3,a,,True,585,True,0.0,0.0,3.43,3.46,2.93,3.61,3.15,3.47,3.49,3.29,3.14,3.27,3.5,3.25,3.75,3.68,3.14,3.26,3.32,3.06,3.43,16.449497
586,Bergvall,TOT,18,3,5.4,a,,True,403,True,0.0,0.0,1.26,1.28,1.1,1.31,1.17,1.28,1.28,1.22,1.18,1.22,1.27,1.21,1.36,1.34,1.16,1.22,1.22,1.14,1.26,6.071878
587,Bissouma,TOT,18,3,5.2,a,,True,0,True,0.0,0.0,0.0,0.0,0.0,0.0,0.0,0.0,0.0,0.0,0.0,0.0,0.0,0.0,0.0,0.0,0.0,0.0,0.0,0.0,0.0,0.0
588,Odobert,TOT,18,3,5.3,d,,True,314,True,0.0,0.0,1.29,1.46,1.26,1.83,1.52,1.75,1.76,1.62,1.53,1.62,1.74,1.6,1.93,1.9,1.51,1.62,1.63,1.46,1.29,7.436146
589,Solomon,TOT,18,3,5.4,a,,True,0,False,0.0,0.0,0.0,0.0,0.0,0.0,0.0,0.0,0.0,0.0,0.0,0.0,0.0,0.0,0.0,0.0,0.0,0.0,0.0,0.0,0.0,0.0
590,Bryan,TOT,18,3,4.9,a,,True,0,False,0.0,0.0,0.0,0.0,0.0,0.0,0.0,0.0,0.0,0.0,0.0,0.0,0.0,0.0,0.0,0.0,0.0,0.0,0.0,0.0,0.0,0.0
591,Gray,TOT,18,3,4.8,a,,True,71,True,0.0,0.0,0.07,0.07,0.07,0.07,0.07,0.07,0.07,0.07,0.07,0.07,0.07,0.07,0.07,0.07,0.07,0.07,0.07,0.07,0.07,0.343695
592,Moore,TOT,18,3,5.0,a,,True,0,False,0.0,0.0,0.0,0.0,0.0,0.0,0.0,0.0,0.0,0.0,0.0,0.0,0.0,0.0,0.0,0.0,0.0,0.0,0.0,0.0,0.0,0.0
593,P.M.Sarr,TOT,18,3,4.9,a,,True,390,True,0.0,0.0,1.24,1.26,1.1,1.28,1.16,1.25,1.26,1.2,1.17,1.21,1.24,1.2,1.32,1.31,1.15,1.21,1.2,1.13,1.24,5.984076
594,Min-hyeok,TOT,18,3,4.5,a,,True,0,False,0.0,0.0,0.0,0.0,0.0,0.0,0.0,0.0,0.0,0.0,0.0,0.0,0.0,0.0,0.0,0.0,0.0,0.0,0.0,0.0,0.0,0.0
595,Olusesi,TOT,18,3,4.4,a,,True,0,False,0.0,0.0,0.0,0.0,0.0,0.0,0.0,0.0,0.0,0.0,0.0,0.0,0.0,0.0,0.0,0.0,0.0,0.0,0.0,0.0,0.0,0.0
596,Solanke,TOT,18,4,7.2,a,,True,31,True,0.0,0.0,0.02,0.03,0.02,0.03,0.02,0.03,0.03,0.02,0.02,0.02,0.02,0.02,0.03,0.03,0.02,0.02,0.02,0.02,0.02,0.118454
597,Richarlison,TOT,18,4,6.5,a,,True,511,False,0.0,0.0,2.36,2.46,1.72,2.52,1.98,2.42,2.44,2.19,2.07,2.21,2.33,2.17,2.69,2.69,1.95,2.25,2.14,1.83,2.36,11.101544
598,Lankshear,TOT,18,4,4.5,a,,True,0,False,0.0,0.0,0.0,0.0,0.0,0.0,0.0,0.0,0.0,0.0,0.0,0.0,0.0,0.0,0.0,0.0,0.0,0.0,0.0,0.0,0.0,0.0
599,Scarlett,TOT,18,4,4.3,a,,True,0,False,0.0,0.0,0.0,0.0,0.0,0.0,0.0,0.0,0.0,0.0,0.0,0.0,0.0,0.0,0.0,0.0,0.0,0.0,0.0,0.0,0.0,0.0
600,Areola,WHU,19,1,4.3,a,,True,450,True,0.0,0.0,2.94,3.19,2.66,2.75,2.55,2.64,3.18,2.56,3.09,2.85,2.85,3.11,2.74,3.11,2.62,2.95,2.74,2.87,2.94,14.076583
601,Foderingham,WHU,19,1,4.0,a,,True,0,False,0.0,0.0,0.0,0.0,0.0,0.0,0.0,0.0,0.0,0.0,0.0,0.0,0.0,0.0,0.0,0.0,0.0,0.0,0.0,0.0,0.0,0.0
602,Hegyi,WHU,19,1,4.0,a,,True,0,False,0.0,0.0,0.0,0.0,0.0,0.0,0.0,0.0,0.0,0.0,0.0,0.0,0.0,0.0,0.0,0.0,0.0,0.0,0.0,0.0,0.0,0.0
603,Diouf,WHU,19,2,4.4,a,,True,765,False,0.0,0.0,2.51,3.28,2.11,2.26,1.95,2.09,2.84,1.75,2.9,2.51,2.47,3.02,2.17,2.84,2.04,2.81,2.38,2.53,2.51,12.20244
604,Emerson,WHU,19,2,4.4,a,,True,0,True,0.0,0.0,0.0,0.0,0.0,0.0,0.0,0.0,0.0,0.0,0.0,0.0,0.0,0.0,0.0,0.0,0.0,0.0,0.0,0.0,0.0,0.0
605,Kilman,WHU,19,2,4.3,a,,True,810,True,0.0,0.0,3.13,3.81,2.58,2.78,2.34,2.55,3.54,2.25,3.49,3.03,3.01,3.58,2.71,3.48,2.49,3.3,2.83,3.06,3.13,14.821105
606,Mavropanos,WHU,19,2,4.4,d,,True,495,True,0.0,0.0,0.88,1.24,0.91,1.06,0.92,0.98,1.31,0.84,1.33,1.16,1.15,1.38,1.02,1.31,0.96,1.28,1.1,1.17,0.88,5.122176
607,N.Aguerd,WHU,19,2,4.4,d,,True,180,False,0.0,0.0,0.01,0.03,0.03,0.04,0.03,0.04,0.05,0.03,0.05,0.04,0.04,0.05,0.04,0.05,0.04,0.05,0.04,0.05,0.01,0.152089
608,Scarles,WHU,19,2,4.4,a,,True,69,True,0.0,0.0,0.7,0.75,0.7,0.7,0.7,0.7,0.7,0.68,0.72,0.71,0.71,0.73,0.69,0.71,0.7,0.73,0.72,0.71,0.7,3.48281
609,Todibo,WHU,19,2,4.3,a,,True,306,True,0.0,0.0,1.5,1.82,1.14,1.27,0.97,1.11,1.77,0.97,1.68,1.4,1.4,1.72,1.24,1.7,1.08,1.53,1.26,1.43,1.5,6.879796
610,Wan-Bissaka,WHU,19,2,4.3,a,,True,381,True,0.0,0.0,1.86,2.34,1.56,1.67,1.43,1.54,2.1,1.33,2.11,1.83,1.81,2.18,1.62,2.08,1.5,2.02,1.73,1.85,1.86,8.939516
611,Casey,WHU,19,2,4.0,a,,True,0,False,0.0,0.0,0.0,0.0,0.0,0.0,0.0,0.0,0.0,0.0,0.0,0.0,0.0,0.0,0.0,0.0,0.0,0.0,0.0,0.0,0.0,0.0
612,L.Paquetá,WHU,19,3,5.9,a,,True,787,True,0.0,0.0,3.5,4.78,3.46,3.51,3.54,3.49,3.62,2.96,4.07,3.83,3.69,4.32,3.34,3.81,3.45,4.28,3.89,3.79,3.5,18.399147
613,Souček,WHU,19,3,5.7,a,,True,365,True,0.0,0.0,2.06,2.64,2.02,2.05,2.05,2.03,2.13,1.79,2.32,2.2,2.14,2.43,1.98,2.21,2.01,2.4,2.22,2.18,2.06,10.618034
614,Ward-Prowse,WHU,19,3,5.7,d,,True,414,True,0.0,0.0,0.09,0.22,0.26,0.35,0.34,0.34,0.36,0.3,0.39,0.37,0.36,0.41,0.33,0.37,0.34,0.4,0.37,0.37,0.09,1.299318
615,Summerville,WHU,19,3,5.5,a,,True,479,True,0.0,0.0,2.86,3.82,2.81,2.85,2.86,2.83,2.96,2.43,3.29,3.09,3.0,3.48,2.73,3.1,2.8,3.44,3.13,3.07,2.86,14.90514
616,Álvarez,WHU,19,3,4.9,a,,True,0,True,0.0,0.0,0.0,0.0,0.0,0.0,0.0,0.0,0.0,0.0,0.0,0.0,0.0,0.0,0.0,0.0,0.0,0.0,0.0,0.0,0.0,0.0
617,Cornet,WHU,19,3,4.9,a,,True,0,False,0.0,0.0,0.0,0.0,0.0,0.0,0.0,0.0,0.0,0.0,0.0,0.0,0.0,0.0,0.0,0.0,0.0,0.0,0.0,0.0,0.0,0.0
618,G.Rodriguez,WHU,19,3,4.8,a,,True,89,True,0.0,0.0,0.25,0.26,0.25,0.25,0.25,0.25,0.25,0.24,0.25,0.25,0.25,0.26,0.25,0.25,0.25,0.26,0.25,0.25,0.25,1.234596
619,L.Guilherme,WHU,19,3,4.9,a,,True,54,False,0.0,0.0,0.19,0.2,0.19,0.19,0.19,0.19,0.19,0.18,0.19,0.19,0.19,0.2,0.19,0.19,0.19,0.2,0.19,0.19,0.19,0.94
620,Earthy,WHU,19,3,4.5,a,,True,0,False,0.0,0.0,0.0,0.0,0.0,0.0,0.0,0.0,0.0,0.0,0.0,0.0,0.0,0.0,0.0,0.0,0.0,0.0,0.0,0.0,0.0,0.0
621,Irving,WHU,19,3,4.4,a,,True,149,False,0.0,0.0,1.71,1.9,1.67,1.69,1.66,1.67,1.77,1.59,1.8,1.74,1.72,1.84,1.67,1.78,1.66,1.81,1.73,1.74,1.71,8.504137
622,Orford,WHU,19,3,4.4,a,,True,0,False,0.0,0.0,0.0,0.0,0.0,0.0,0.0,0.0,0.0,0.0,0.0,0.0,0.0,0.0,0.0,0.0,0.0,0.0,0.0,0.0,0.0,0.0
623,Potts,WHU,19,3,4.4,a,,True,131,False,0.0,0.0,0.7,0.76,0.71,0.71,0.71,0.71,0.71,0.68,0.73,0.72,0.71,0.74,0.7,0.72,0.71,0.74,0.73,0.72,0.7,3.518738
624,Bowen,WHU,19,4,7.8,a,,True,810,True,0.0,0.0,3.87,5.35,3.93,3.96,4.07,3.97,3.95,3.32,4.54,4.32,4.15,4.83,3.76,4.21,3.93,4.84,4.44,4.26,3.87,20.648277
625,Füllkrug,WHU,19,4,5.6,d,,True,379,True,0.0,0.0,0.2,0.53,0.62,0.83,0.85,0.83,0.83,0.73,0.92,0.89,0.86,0.97,0.8,0.87,0.82,0.97,0.91,0.88,0.2,3.104462
626,Marshall,WHU,19,4,4.4,a,,True,58,False,0.0,0.0,0.52,0.64,0.52,0.53,0.53,0.53,0.52,0.47,0.57,0.56,0.54,0.6,0.51,0.55,0.52,0.6,0.56,0.55,0.52,2.679525
627,Johnstone,WOL,20,1,4.5,a,,True,450,True,0.0,0.0,3.02,2.79,2.88,3.1,3.27,2.91,2.74,3.01,2.74,2.72,3.35,2.9,3.11,2.73,3.04,2.99,5.96,2.71,3.02,14.589923
628,José Sá,WOL,20,1,4.4,d,,True,360,True,0.0,0.0,0.07,0.12,0.19,0.28,0.3,0.26,0.24,0.27,0.24,0.24,0.31,0.26,0.28,0.24,0.28,0.27,0.54,0.23,0.07,0.961301
629,Bentley,WOL,20,1,4.0,a,,True,0,False,0.0,0.0,0.0,0.0,0.0,0.0,0.0,0.0,0.0,0.0,0.0,0.0,0.0,0.0,0.0,0.0,0.0,0.0,0.0,0.0,0.0,0.0
630,King,EVE,9,1,3.9,a,,True,0,False,0.0,0.0,0.0,0.0,0.0,0.0,0.0,0.0,0.0,0.0,0.0,0.0,0.0,0.0,0.0,0.0,0.0,0.0,0.0,0.0,0.0,0.0
631,Agbadou,WOL,20,2,4.3,d,,True,525,True,0.0,0.0,0.15,0.27,0.42,0.6,0.7,0.59,0.48,0.61,0.51,0.52,0.71,0.57,0.61,0.49,0.61,0.6,1.16,0.5,0.15,2.117068
632,Doherty,WOL,20,2,4.4,d,,True,291,True,0.0,0.0,0.54,0.49,0.59,0.74,0.88,0.68,0.51,0.73,0.54,0.55,0.91,0.66,0.75,0.52,0.74,0.72,1.38,0.52,0.54,3.065915
633,H.Bueno,WOL,20,2,4.4,a,,True,612,False,0.0,0.0,3.16,2.64,2.87,3.13,3.81,3.04,2.24,3.21,2.42,2.53,3.94,2.9,3.22,2.29,3.23,3.14,5.97,2.37,3.16,14.767328
634,Mosquera,WOL,20,2,4.4,d,,True,137,False,0.0,0.0,0.09,0.16,0.26,0.37,0.41,0.35,0.31,0.36,0.31,0.31,0.42,0.34,0.38,0.31,0.37,0.36,0.71,0.3,0.09,1.279981
635,R.Gomes,WOL,20,2,4.5,a,,True,331,True,0.0,0.0,2.49,2.07,2.26,2.39,3.09,2.46,1.66,2.57,1.87,2.01,3.19,2.28,2.49,1.72,2.56,2.5,4.64,1.85,2.49,11.622333
636,S.Bueno,WOL,20,2,4.4,a,,True,484,True,0.0,0.0,3.41,2.9,3.13,3.36,4.07,3.31,2.49,3.47,2.68,2.8,4.2,3.15,3.46,2.54,3.48,3.4,6.47,2.64,3.41,16.024305
637,Toti,WOL,20,2,4.3,d,,True,390,True,0.0,0.0,0.1,0.16,0.26,0.39,0.44,0.36,0.3,0.38,0.31,0.31,0.46,0.36,0.4,0.3,0.39,0.38,0.74,0.3,0.1,1.326624
638,Hoever,WOL,20,2,3.9,a,,True,204,False,0.0,0.0,1.4,1.19,1.28,1.43,1.65,1.33,1.07,1.41,1.11,1.13,1.7,1.3,1.45,1.08,1.43,1.39,2.7,1.09,1.4,6.594663
639,Meupiyou,WOL,20,2,4.0,a,,True,0,False,0.0,0.0,0.0,0.0,0.0,0.0,0.0,0.0,0.0,0.0,0.0,0.0,0.0,0.0,0.0,0.0,0.0,0.0,0.0,0.0,0.0,0.0
640,Pedro Lima,WOL,20,2,4.0,a,,True,0,False,0.0,0.0,0.0,0.0,0.0,0.0,0.0,0.0,0.0,0.0,0.0,0.0,0.0,0.0,0.0,0.0,0.0,0.0,0.0,0.0,0.0,0.0
641,Pond,WOL,20,2,3.9,a,,True,0,False,0.0,0.0,0.0,0.0,0.0,0.0,0.0,0.0,0.0,0.0,0.0,0.0,0.0,0.0,0.0,0.0,0.0,0.0,0.0,0.0,0.0,0.0
642,Hee Chan,WOL,20,3,5.8,a,,True,297,True,0.0,0.0,1.04,1.0,1.02,0.97,1.15,1.08,0.88,1.07,0.96,1.02,1.16,1.02,1.0,0.91,1.06,1.06,1.99,0.97,1.04,5.060109
643,André,WOL,20,3,5.4,a,,True,599,True,0.0,0.0,2.82,2.73,2.77,2.8,2.96,2.81,2.64,2.84,2.69,2.72,2.98,2.78,2.82,2.66,2.84,2.82,5.57,2.69,2.82,13.787906
644,Bellegarde,WOL,20,3,5.2,a,,True,342,True,0.0,0.0,1.67,1.58,1.62,1.55,1.88,1.72,1.37,1.72,1.5,1.6,1.89,1.62,1.6,1.41,1.69,1.69,3.17,1.52,1.67,8.071116
645,Fer López,WOL,20,3,5.3,a,,True,116,False,0.0,0.0,0.42,0.41,0.42,0.39,0.46,0.44,0.36,0.44,0.39,0.42,0.47,0.42,0.41,0.37,0.43,0.43,0.81,0.4,0.42,2.058431
646,J.Gomes,WOL,20,3,5.4,a,,True,700,True,0.0,0.0,2.03,1.94,1.98,1.94,2.21,2.06,1.77,2.06,1.88,1.95,2.23,1.98,1.99,1.81,2.05,2.04,3.92,1.89,2.03,9.856477
647,Guedes,WOL,20,3,5.5,a,,True,0,True,0.0,0.0,0.0,0.0,0.0,0.0,0.0,0.0,0.0,0.0,0.0,0.0,0.0,0.0,0.0,0.0,0.0,0.0,0.0,0.0,0.0,0.0
648,Munetsi,WOL,20,3,5.4,a,,True,692,True,0.0,0.0,3.53,3.29,3.41,3.18,4.11,3.7,2.7,3.68,3.09,3.38,4.14,3.42,3.34,2.83,3.61,3.6,6.61,3.14,3.53,16.985648
649,B.Traore,WOL,20,3,5.0,a,,True,0,False,0.0,0.0,0.0,0.0,0.0,0.0,0.0,0.0,0.0,0.0,0.0,0.0,0.0,0.0,0.0,0.0,0.0,0.0,0.0,0.0,0.0,0.0
650,Chirewa,WOL,20,3,4.4,a,,True,0,False,0.0,0.0,0.0,0.0,0.0,0.0,0.0,0.0,0.0,0.0,0.0,0.0,0.0,0.0,0.0,0.0,0.0,0.0,0.0,0.0,0.0,0.0
651,Edozie,WOL,20,3,4.4,a,,True,0,False,0.0,0.0,0.0,0.0,0.0,0.0,0.0,0.0,0.0,0.0,0.0,0.0,0.0,0.0,0.0,0.0,0.0,0.0,0.0,0.0,0.0,0.0
652,Gonzalez,WOL,20,3,4.4,a,,True,0,False,0.0,0.0,0.0,0.0,0.0,0.0,0.0,0.0,0.0,0.0,0.0,0.0,0.0,0.0,0.0,0.0,0.0,0.0,0.0,0.0,0.0,0.0
653,Hodge,WOL,20,3,4.5,a,,True,0,False,0.0,0.0,0.0,0.0,0.0,0.0,0.0,0.0,0.0,0.0,0.0,0.0,0.0,0.0,0.0,0.0,0.0,0.0,0.0,0.0,0.0,0.0
654,Strand Larsen,WOL,20,4,6.4,a,,True,542,True,0.0,0.0,3.32,3.13,3.24,2.92,3.86,3.54,2.52,3.48,2.93,3.25,3.87,3.23,3.09,2.66,3.4,3.4,6.17,3.0,3.32,16.013831
655,Fábio Silva,WOL,20,4,4.9,a,,True,0,False,0.0,0.0,0.0,0.0,0.0,0.0,0.0,0.0,0.0,0.0,0.0,0.0,0.0,0.0,0.0,0.0,0.0,0.0,0.0,0.0,0.0,0.0
656,Kalajdžić,WOL,20,4,4.9,a,,True,14,False,0.0,0.0,0.02,0.02,0.02,0.02,0.02,0.02,0.02,0.02,0.02,0.02,0.02,0.02,0.02,0.02,0.02,0.02,0.04,0.02,0.02,0.098762
657,Chiwome,WOL,20,4,4.4,a,,True,0,False,0.0,0.0,0.0,0.0,0.0,0.0,0.0,0.0,0.0,0.0,0.0,0.0,0.0,0.0,0.0,0.0,0.0,0.0,0.0,0.0,0.0,0.0
658,Fraser,WOL,20,4,4.4,a,,True,0,False,0.0,0.0,0.0,0.0,0.0,0.0,0.0,0.0,0.0,0.0,0.0,0.0,0.0,0.0,0.0,0.0,0.0,0.0,0.0,0.0,0.0,0.0
659,Walker-Peters,WHU,19,2,4.4,a,,True,447,True,0.0,0.0,1.29,1.47,1.19,1.23,1.15,1.18,1.37,1.1,1.38,1.28,1.28,1.41,1.21,1.37,1.17,1.35,1.25,1.29,1.29,6.288423
660,Stach,LEE,11,3,5.0,d,,True,678,False,0.0,0.0,1.39,1.69,1.78,1.63,1.98,1.87,1.86,1.89,1.87,1.74,2.01,1.75,2.11,1.89,1.67,2.21,1.83,1.81,1.39,8.429272
661,Ekitiké,LIV,12,4,8.6,a,,True,499,False,0.0,0.0,3.07,2.54,3.82,3.47,3.3,2.97,3.39,2.91,3.57,3.24,3.25,2.39,4.27,3.06,3.01,2.73,3.02,3.46,3.07,15.588356
662,Mosquera,ARS,1,2,5.4,a,,True,292,False,0.0,0.0,0.9,0.86,0.87,0.84,0.87,0.85,0.9,0.85,0.87,0.88,0.84,0.85,0.88,0.87,0.84,0.89,1.71,0.84,0.9,4.294837
663,J.Arias,WOL,20,3,5.2,a,,True,500,False,0.0,0.0,3.17,2.99,3.08,2.95,3.58,3.27,2.6,3.27,2.85,3.04,3.6,3.08,3.05,2.68,3.23,3.21,6.03,2.88,3.17,15.332623
664,Lecomte,FUL,10,1,4.0,a,,True,0,False,0.0,0.0,0.0,0.0,0.0,0.0,0.0,0.0,0.0,0.0,0.0,0.0,0.0,0.0,0.0,0.0,0.0,0.0,0.0,0.0,0.0,0.0
665,Perri,LEE,11,1,4.5,a,,True,360,False,0.0,0.0,1.27,1.42,1.6,1.21,1.39,1.35,1.27,1.32,1.43,1.21,1.34,1.33,1.55,1.33,1.35,1.56,1.26,1.46,1.27,6.69366
666,Gyökeres,ARS,1,4,9.0,a,,True,756,False,0.0,0.0,4.68,3.62,3.81,3.67,4.15,3.38,4.34,3.81,4.1,3.69,3.67,3.71,4.19,4.23,3.56,3.98,7.68,3.49,4.68,19.645284
667,Aznou,EVE,9,2,4.3,a,,True,0,False,0.0,0.0,0.0,0.0,0.0,0.0,0.0,0.0,0.0,0.0,0.0,0.0,0.0,0.0,0.0,0.0,0.0,0.0,0.0,0.0,0.0,0.0
668,Xhaka,SUN,17,3,5.1,a,,True,810,False,0.0,0.0,3.73,3.29,3.61,3.65,3.34,3.22,3.54,3.47,3.64,3.36,3.43,3.48,3.53,3.73,4.14,3.16,3.51,3.82,3.73,17.274697
669,Ndoye,NFO,16,3,5.7,a,,True,575,False,0.0,0.0,2.34,2.28,2.06,2.32,2.27,2.21,2.26,2.27,2.05,2.37,2.12,2.37,1.98,2.18,2.21,2.14,2.43,2.19,2.34,11.032063
670,Roefs,SUN,17,1,4.7,a,,True,810,False,0.0,0.0,4.27,3.92,4.14,4.17,3.8,3.74,4.19,3.92,4.23,3.95,3.97,3.92,4.0,4.27,4.6,3.71,4.02,4.41,4.27,19.950872
671,Wilson,WHU,19,4,5.8,a,,True,235,False,0.0,0.0,1.63,2.23,1.65,1.66,1.71,1.67,1.66,1.41,1.9,1.81,1.74,2.02,1.58,1.76,1.65,2.02,1.86,1.78,1.63,8.661878
672,Hato,CHE,7,2,4.7,d,,True,166,False,0.0,0.0,0.08,0.19,0.28,0.33,0.33,0.31,0.37,0.32,0.4,0.35,0.29,0.35,0.35,0.29,0.41,0.35,0.37,0.41,0.08,1.246288
673,J.Palhinha,TOT,18,3,5.5,a,,True,693,False,0.0,0.0,4.37,4.46,3.51,4.64,3.89,4.44,4.48,4.15,3.92,4.14,4.43,4.09,4.87,4.79,3.86,4.15,4.15,3.71,4.37,20.807501
674,Ramsdale,NEW,15,1,4.8,a,,True,0,True,0.0,0.0,0.0,0.0,0.0,0.0,0.0,0.0,0.0,0.0,0.0,0.0,0.0,0.0,0.0,0.0,0.0,0.0,0.0,0.0,0.0,0.0
675,Gunn,NFO,16,1,4.0,a,,True,0,False,0.0,0.0,0.0,0.0,0.0,0.0,0.0,0.0,0.0,0.0,0.0,0.0,0.0,0.0,0.0,0.0,0.0,0.0,0.0,0.0,0.0,0.0
676,Ugochukwu,BUR,3,3,5.0,a,,True,457,True,0.0,0.0,2.06,2.47,2.4,2.28,2.31,2.15,2.54,2.26,2.48,2.28,2.27,2.45,2.15,2.35,2.28,2.67,2.18,2.25,2.06,11.289319
677,Guessand,AVL,2,3,6.3,a,,True,358,False,0.0,0.0,1.65,1.77,1.69,1.84,1.7,1.63,1.8,1.78,1.69,1.58,1.89,1.65,1.81,1.66,1.78,1.7,1.78,1.77,1.65,8.449241
678,Masuaku,SUN,17,2,3.9,d,,True,125,False,0.0,0.0,0.07,0.13,0.21,0.28,0.26,0.25,0.27,0.27,0.28,0.26,0.27,0.28,0.28,0.29,0.32,0.25,0.27,0.29,0.07,0.974678
679,Hermansen,WHU,19,1,4.4,d,,True,360,True,0.0,0.0,0.05,0.12,0.15,0.2,0.19,0.19,0.23,0.19,0.23,0.21,0.21,0.23,0.2,0.23,0.19,0.21,0.2,0.21,0.05,0.746193
680,Broja,BUR,3,4,5.3,a,,True,42,False,0.0,0.0,0.3,0.34,0.33,0.32,0.33,0.31,0.34,0.32,0.34,0.32,0.32,0.34,0.31,0.33,0.32,0.35,0.32,0.32,0.3,1.585631
681,Šeško,MUN,14,4,7.3,a,,True,494,False,0.0,0.0,3.48,2.95,3.49,2.95,3.83,3.27,3.36,2.87,3.04,3.58,3.01,3.83,2.78,2.45,3.59,3.2,3.48,3.2,3.48,16.115907
682,Møller Wolfe,WOL,20,2,4.4,a,,True,149,False,0.0,0.0,0.62,0.62,0.62,0.62,0.64,0.63,0.6,0.63,0.61,0.62,0.64,0.62,0.62,0.61,0.62,0.62,1.24,0.61,0.62,3.069625
683,Alderete,SUN,17,2,4.1,d,,True,667,False,0.0,0.0,1.9,1.65,2.15,2.4,1.84,1.73,2.36,2.04,2.45,2.04,2.09,2.05,2.16,2.53,3.04,1.68,2.18,2.7,1.9,9.879674
684,Thiaw,NEW,15,2,4.9,a,,True,452,False,0.0,0.0,4.62,3.87,3.84,4.07,4.45,5.45,4.23,4.34,3.71,4.84,4.04,4.48,4.33,4.7,3.54,4.42,3.93,3.35,4.62,21.02892
685,Diakité,BOU,4,2,4.5,d,,True,630,False,0.0,0.0,0.97,1.46,1.88,1.71,1.81,1.67,1.33,2.08,1.44,1.42,1.54,1.8,1.45,1.58,1.7,1.99,1.55,1.81,0.97,7.458011
686,Ngumoha,LIV,12,3,4.5,a,,True,30,False,0.0,0.0,0.75,0.67,0.88,0.82,0.79,0.73,0.8,0.72,0.84,0.78,0.78,0.64,0.96,0.75,0.74,0.7,0.74,0.82,0.75,3.780557
687,Rees-Dottin,BOU,4,3,4.4,a,,True,0,False,0.0,0.0,0.0,0.0,0.0,0.0,0.0,0.0,0.0,0.0,0.0,0.0,0.0,0.0,0.0,0.0,0.0,0.0,0.0,0.0,0.0,0.0
688,Wright,AVL,2,1,4.0,a,,True,0,False,0.0,0.0,0.0,0.0,0.0,0.0,0.0,0.0,0.0,0.0,0.0,0.0,0.0,0.0,0.0,0.0,0.0,0.0,0.0,0.0,0.0,0.0
689,Seung soo,NEW,15,3,4.4,a,,True,0,False,0.0,0.0,0.0,0.0,0.0,0.0,0.0,0.0,0.0,0.0,0.0,0.0,0.0,0.0,0.0,0.0,0.0,0.0,0.0,0.0,0.0,0.0
690,Cardines,CRY,8,3,4.4,a,,True,0,False,0.0,0.0,0.0,0.0,0.0,0.0,0.0,0.0,0.0,0.0,0.0,0.0,0.0,0.0,0.0,0.0,0.0,0.0,0.0,0.0,0.0,0.0
691,Calvert-Lewin,LEE,11,4,5.5,a,,True,534,True,0.0,0.0,3.39,3.76,3.36,2.84,3.64,3.38,3.42,3.46,3.31,3.13,3.79,3.07,3.89,3.46,2.84,4.14,3.35,3.12,3.39,16.761868
692,Leoni,LIV,12,2,4.9,a,,True,0,False,0.0,0.0,0.0,0.0,0.0,0.0,0.0,0.0,0.0,0.0,0.0,0.0,0.0,0.0,0.0,0.0,0.0,0.0,0.0,0.0,0.0,0.0
693,Hutchinson,NFO,16,3,5.4,a,,True,97,True,0.0,0.0,1.0,0.95,0.87,0.98,0.95,0.93,0.94,0.95,0.85,1.0,0.87,0.99,0.81,0.93,0.94,0.9,1.02,0.92,1.0,4.642572
694,Mukiele,SUN,17,2,4.1,a,,True,630,False,0.0,0.0,5.37,4.51,5.08,5.17,4.26,4.09,5.12,4.58,5.25,4.6,4.68,4.59,4.77,5.37,6.18,4.01,4.81,5.65,5.37,23.95753
695,Tchatchoua,WOL,20,2,4.5,a,,True,382,False,0.0,0.0,1.45,1.33,1.38,1.45,1.6,1.42,1.24,1.46,1.28,1.3,1.63,1.39,1.46,1.25,1.46,1.44,2.82,1.27,1.45,6.96706
696,Kalimuendo,NFO,16,4,6.0,a,,True,66,False,0.0,0.0,0.66,0.65,0.64,0.66,0.65,0.65,0.65,0.65,0.64,0.66,0.64,0.66,0.63,0.65,0.65,0.65,0.66,0.65,0.66,3.19853
697,Adli,BOU,4,3,5.5,a,,True,183,False,0.0,0.0,0.91,0.93,1.0,0.94,0.97,0.96,0.95,1.03,0.95,0.94,0.91,0.95,0.94,0.94,0.95,0.94,0.95,0.97,0.91,4.656782
698,Okafor,LEE,11,3,5.5,a,,True,349,False,0.0,0.0,2.03,2.32,2.07,1.63,2.23,2.04,2.05,2.09,2.0,1.84,2.32,1.81,2.42,2.09,1.66,2.6,2.0,1.87,2.03,10.134117
699,Douglas Luiz,NFO,16,3,5.0,a,,True,172,False,0.0,0.0,0.93,0.89,0.81,0.91,0.89,0.87,0.87,0.89,0.8,0.93,0.82,0.93,0.77,0.86,0.87,0.84,0.95,0.86,0.93,4.331747
700,Dowman,ARS,1,3,4.4,a,,True,27,False,0.0,0.0,0.04,0.03,0.04,0.03,0.04,0.03,0.04,0.04,0.04,0.03,0.03,0.03,0.04,0.04,0.03,0.04,0.07,0.03,0.04,0.176905
701,Rowe,AVL,2,2,4.0,a,,True,0,False,0.0,0.0,0.0,0.0,0.0,0.0,0.0,0.0,0.0,0.0,0.0,0.0,0.0,0.0,0.0,0.0,0.0,0.0,0.0,0.0,0.0,0.0
702,Burrowes,AVL,2,3,4.5,a,,True,16,False,0.0,0.0,0.02,0.02,0.02,0.02,0.02,0.02,0.02,0.02,0.02,0.02,0.02,0.02,0.02,0.02,0.02,0.02,0.02,0.02,0.02,0.098199
703,Proctor,AVL,2,1,4.0,a,,True,0,False,0.0,0.0,0.0,0.0,0.0,0.0,0.0,0.0,0.0,0.0,0.0,0.0,0.0,0.0,0.0,0.0,0.0,0.0,0.0,0.0,0.0,0.0
704,Onyango,EVE,9,3,4.5,a,,True,0,False,0.0,0.0,0.0,0.0,0.0,0.0,0.0,0.0,0.0,0.0,0.0,0.0,0.0,0.0,0.0,0.0,0.0,0.0,0.0,0.0,0.0,0.0
705,Campbell,EVE,9,2,4.0,a,,True,0,False,0.0,0.0,0.0,0.0,0.0,0.0,0.0,0.0,0.0,0.0,0.0,0.0,0.0,0.0,0.0,0.0,0.0,0.0,0.0,0.0,0.0,0.0
706,Justin,LEE,11,2,4.0,a,,True,64,True,0.0,0.0,0.67,0.69,0.67,0.64,0.69,0.67,0.67,0.68,0.67,0.65,0.7,0.65,0.7,0.68,0.64,0.72,0.67,0.65,0.67,3.302001
707,Dibling,EVE,9,3,5.4,a,,True,62,True,0.0,0.0,0.58,0.61,0.59,0.58,0.58,0.62,0.58,0.55,0.62,0.6,0.6,0.61,0.57,0.59,0.58,0.59,0.6,0.6,0.58,2.900321
708,M.Fernandes,WHU,19,3,5.5,a,,True,468,True,0.0,0.0,1.76,2.18,1.75,1.77,1.78,1.76,1.8,1.59,1.95,1.87,1.83,2.03,1.71,1.87,1.75,2.02,1.89,1.86,1.76,9.0538
709,Krejčí,WOL,20,2,4.5,a,,True,540,False,0.0,0.0,3.68,3.06,3.35,3.5,4.6,3.66,2.42,3.81,2.76,2.99,4.74,3.38,3.66,2.52,3.79,3.7,6.84,2.73,3.68,17.185451
710,Patterson,AVL,2,2,3.9,a,,True,0,False,0.0,0.0,0.0,0.0,0.0,0.0,0.0,0.0,0.0,0.0,0.0,0.0,0.0,0.0,0.0,0.0,0.0,0.0,0.0,0.0,0.0,0.0
711,Harriman-Annous,ARS,1,3,4.5,a,,True,0,False,0.0,0.0,0.0,0.0,0.0,0.0,0.0,0.0,0.0,0.0,0.0,0.0,0.0,0.0,0.0,0.0,0.0,0.0,0.0,0.0,0.0,0.0
712,Yeremy,CRY,8,3,5.8,a,,True,428,False,0.0,0.0,2.55,2.53,2.43,2.57,2.85,2.43,2.07,2.22,2.4,2.69,2.1,2.37,2.28,2.49,2.58,2.29,3.19,2.69,2.55,12.24761
713,A.Jimenez,BOU,4,2,4.5,a,,True,313,False,0.0,0.0,1.41,2.02,2.43,1.96,2.1,1.91,1.45,2.47,1.6,1.57,1.74,2.08,1.61,1.79,1.95,2.34,1.75,2.1,1.41,9.287197
714,Woltemade,NEW,15,4,7.5,a,,True,478,False,0.0,0.0,5.57,4.95,4.23,5.02,5.02,7.05,4.75,5.35,5.04,6.24,5.02,5.15,5.17,4.85,4.43,5.5,4.55,3.89,5.57,25.431352
715,John,NFO,16,1,4.0,a,,True,0,False,0.0,0.0,0.0,0.0,0.0,0.0,0.0,0.0,0.0,0.0,0.0,0.0,0.0,0.0,0.0,0.0,0.0,0.0,0.0,0.0,0.0,0.0
716,Savona,NFO,16,2,4.5,a,,True,249,False,0.0,0.0,1.48,1.7,1.23,1.6,1.6,1.45,1.7,1.59,1.45,1.71,1.67,1.71,1.45,1.34,1.43,1.45,1.85,1.48,1.48,7.527592
717,Xavi,TOT,18,3,6.8,a,,True,387,False,0.0,0.0,2.71,2.74,2.27,2.88,2.47,2.75,2.77,2.59,2.45,2.56,2.78,2.55,3.01,2.94,2.46,2.55,2.62,2.39,2.71,12.977626
718,S.Magassa,WHU,19,3,5.0,a,,True,170,False,0.0,0.0,0.9,0.96,0.89,0.9,0.89,0.89,0.91,0.87,0.93,0.91,0.91,0.94,0.89,0.92,0.89,0.94,0.91,0.91,0.9,4.462264
719,Lindelöf,AVL,2,2,4.5,a,,True,21,True,0.0,0.0,0.27,0.27,0.27,0.27,0.27,0.27,0.27,0.27,0.27,0.27,0.27,0.27,0.27,0.27,0.27,0.27,0.27,0.27,0.27,1.325681
720,Tolu,WOL,20,4,5.5,a,,True,182,False,0.0,0.0,1.23,1.21,1.22,1.19,1.28,1.25,1.15,1.25,1.19,1.22,1.28,1.22,1.21,1.17,1.24,1.24,2.42,1.2,1.23,6.031983
721,Milosavljević,BOU,4,2,4.5,a,,True,185,False,0.0,0.0,1.17,1.54,1.8,1.5,1.59,1.48,1.2,1.84,1.29,1.27,1.36,1.58,1.3,1.4,1.5,1.73,1.38,1.6,1.17,7.195325
722,Florentino,BUR,3,3,5.0,a,,True,477,False,0.0,0.0,3.0,3.2,3.15,3.07,3.09,3.03,3.25,3.06,3.2,3.12,3.06,3.15,3.0,3.15,3.1,3.32,3.01,3.05,3.0,15.240736
723,Canvot,CRY,8,2,4.5,a,,True,0,False,0.0,0.0,0.0,0.0,0.0,0.0,0.0,0.0,0.0,0.0,0.0,0.0,0.0,0.0,0.0,0.0,0.0,0.0,0.0,0.0,0.0,0.0
724,Geertruida,SUN,17,2,4.5,a,,True,161,False,0.0,0.0,2.35,1.92,2.21,2.25,1.83,1.74,2.2,1.98,2.28,1.97,2.01,1.99,2.07,2.35,2.77,1.7,2.08,2.48,2.35,10.365248
725,Hincapie,ARS,1,2,5.4,a,,True,8,False,0.0,0.0,0.44,0.43,0.43,0.43,0.43,0.43,0.43,0.43,0.43,0.43,0.43,0.43,0.43,0.43,0.43,0.43,0.86,0.43,0.44,2.133372
726,Kolo Muani,TOT,18,4,6.9,a,,True,72,False,0.0,0.0,1.48,1.51,1.26,1.53,1.35,1.49,1.5,1.42,1.38,1.43,1.47,1.41,1.59,1.59,1.34,1.44,1.4,1.3,1.48,7.087344
727,Chukwueze,FUL,10,3,5.3,a,,True,33,False,0.0,0.0,0.37,0.34,0.35,0.32,0.31,0.34,0.39,0.39,0.36,0.32,0.34,0.36,0.33,0.36,0.34,0.36,0.3,0.33,0.37,1.708994
728,Röhl,EVE,9,3,5.0,a,,True,68,False,0.0,0.0,0.86,0.94,0.88,0.86,0.87,0.97,0.87,0.8,0.97,0.92,0.92,0.94,0.84,0.89,0.87,0.89,0.91,0.92,0.86,4.373868
729,Cuiabano,NFO,16,2,4.5,a,,True,0,False,0.0,0.0,0.0,0.0,0.0,0.0,0.0,0.0,0.0,0.0,0.0,0.0,0.0,0.0,0.0,0.0,0.0,0.0,0.0,0.0,0.0,0.0
730,Brobbey,SUN,17,4,5.5,a,,True,72,False,0.0,0.0,0.88,0.78,0.85,0.86,0.81,0.78,0.83,0.84,0.85,0.8,0.82,0.84,0.85,0.88,0.96,0.77,0.84,0.89,0.88,4.099398
731,Kevin,FUL,10,3,6.0,a,,True,157,False,0.0,0.0,1.1,1.04,1.06,1.01,0.99,1.05,1.13,1.13,1.08,1.01,1.03,1.07,1.02,1.07,1.05,1.09,0.97,1.03,1.1,5.193495
732,Uche,CRY,8,4,5.5,a,,True,8,False,0.0,0.0,0.62,0.62,0.62,0.62,0.62,0.62,0.61,0.61,0.62,0.62,0.61,0.61,0.61,0.62,0.62,0.61,0.62,0.62,0.62,3.036465
733,Lammens,MUN,14,1,5.0,a,,True,270,False,0.0,0.0,3.03,2.85,3.1,2.65,3.35,2.99,3.02,3.03,3.06,3.24,2.85,3.13,2.84,2.63,3.23,3.08,3.1,2.87,3.03,14.695023
734,Bakwa,NFO,16,3,6.0,d,,True,172,False,0.0,0.0,0.14,0.27,0.37,0.54,0.53,0.52,0.53,0.53,0.5,0.55,0.51,0.55,0.48,0.52,0.52,0.51,0.56,0.52,0.14,1.896417
735,Traoré,SUN,17,3,5.5,a,,True,214,False,0.0,0.0,2.22,1.86,2.12,2.16,1.91,1.81,2.06,2.02,2.14,1.92,1.98,2.03,2.06,2.22,2.57,1.76,2.04,2.29,2.22,10.061054
736,Donnarumma,MCI,13,1,5.7,a,,True,540,False,0.0,0.0,4.05,3.91,3.88,4.14,4.03,4.31,3.6,4.38,4.06,4.06,4.0,4.03,3.63,4.28,3.89,3.65,4.28,4.14,4.05,19.70584
737,Kusi-Asare,FUL,10,4,4.5,a,,True,1,False,0.0,0.0,0.43,0.43,0.43,0.43,0.42,0.43,0.43,0.43,0.43,0.43,0.43,0.43,0.43,0.43,0.43,0.43,0.42,0.43,0.43,2.106892
738,Fabianski,WHU,19,1,4.5,a,,True,0,True,0.0,0.0,0.0,0.0,0.0,0.0,0.0,0.0,0.0,0.0,0.0,0.0,0.0,0.0,0.0,0.0,0.0,0.0,0.0,0.0,0.0,0.0
739,Mukasa,MCI,13,3,4.5,a,,True,0,False,0.0,0.0,0.0,0.0,0.0,0.0,0.0,0.0,0.0,0.0,0.0,0.0,0.0,0.0,0.0,0.0,0.0,0.0,0.0,0.0,0.0,0.0
740,Mfuni,MCI,13,2,4.0,a,,True,0,False,0.0,0.0,0.0,0.0,0.0,0.0,0.0,0.0,0.0,0.0,0.0,0.0,0.0,0.0,0.0,0.0,0.0,0.0,0.0,0.0,0.0,0.0
741,Gray,LEE,11,4,4.5,a,,True,0,False,0.0,0.0,0.0,0.0,0.0,0.0,0.0,0.0,0.0,0.0,0.0,0.0,0.0,0.0,0.0,0.0,0.0,0.0,0.0,0.0,0.0,0.0
742,McAidoo,MCI,13,3,4.5,a,,True,0,False,0.0,0.0,0.0,0.0,0.0,0.0,0.0,0.0,0.0,0.0,0.0,0.0,0.0,0.0,0.0,0.0,0.0,0.0,0.0,0.0,0.0,0.0
743,Emenalo,CHE,7,3,4.5,a,,True,0,False,0.0,0.0,0.0,0.0,0.0,0.0,0.0,0.0,0.0,0.0,0.0,0.0,0.0,0.0,0.0,0.0,0.0,0.0,0.0,0.0,0.0,0.0
744,Oriola,BHA,6,3,4.5,a,,True,0,False,0.0,0.0,0.0,0.0,0.0,0.0,0.0,0.0,0.0,0.0,0.0,0.0,0.0,0.0,0.0,0.0,0.0,0.0,0.0,0.0,0.0,0.0
745,Byfield,TOT,18,2,4.0,a,,True,0,False,0.0,0.0,0.0,0.0,0.0,0.0,0.0,0.0,0.0,0.0,0.0,0.0,0.0,0.0,0.0,0.0,0.0,0.0,0.0,0.0,0.0,0.0
746,Morrison,LIV,12,3,4.5,a,,True,0,False,0.0,0.0,0.0,0.0,0.0,0.0,0.0,0.0,0.0,0.0,0.0,0.0,0.0,0.0,0.0,0.0,0.0,0.0,0.0,0.0,0.0,0.0
747,Mayers,WHU,19,2,4.0,a,,True,0,False,0.0,0.0,0.0,0.0,0.0,0.0,0.0,0.0,0.0,0.0,0.0,0.0,0.0,0.0,0.0,0.0,0.0,0.0,0.0,0.0,0.0,0.0
