id,name,team,team_id,pos,price,status,news,can_select,minutes,has_last,rise,fall,gw20,gw21,gw22,gw23,gw24,gw25,gw26,gw27,gw28,gw29,gw30,gw31,gw32,gw33,gw34,gw35,gw36,gw37,xp_next,xp_long
1,Raya,ARS,1,1,6.0,a,,True,1710,True,0.0,0.0,4.4,4.62,4.66,4.55,4.49,5.05,9.29,4.74,4.58,4.42,4.89,0.0,4.63,4.21,4.71,4.84,4.73,5.04,4.4,23.391642
2,Arrizabalaga,ARS,1,1,4.1,a,,True,0,True,0.0,0.0,0.0,0.0,0.0,0.0,0.0,0.0,0.0,0.0,0.0,0.0,0.0,0.0,0.0,0.0,0.0,0.0,0.0,0.0,0.0,0.0
3,Hein,ARS,1,1,4.0,a,,True,0,False,0.0,0.0,0.0,0.0,0.0,0.0,0.0,0.0,0.0,0.0,0.0,0.0,0.0,0.0,0.0,0.0,0.0,0.0,0.0,0.0,0.0,0.0
4,Setford,ARS,1,1,3.9,a,,True,0,False,0.0,0.0,0.0,0.0,0.0,0.0,0.0,0.0,0.0,0.0,0.0,0.0,0.0,0.0,0.0,0.0,0.0,0.0,0.0,0.0,0.0,0.0
5,Gabriel,ARS,1,2,6.5,a,,True,1085,True,0.0,0.0,2.4,2.47,2.54,2.49,2.38,2.84,5.06,2.53,2.51,2.37,2.71,0.0,2.66,2.07,2.57,2.68,2.71,3.08,2.4,12.718708
6,Saliba,ARS,1,2,5.9,a,,True,1174,True,0.0,0.0,3.66,3.95,4.03,3.88,3.76,4.57,8.0,4.11,3.91,3.67,4.35,0.0,4.04,3.3,4.09,4.28,4.18,4.67,3.66,20.010412
7,Calafiori,ARS,1,2,5.7,d,,True,1256,True,0.0,0.0,0.28,0.59,0.91,1.19,1.12,1.39,2.42,1.22,1.19,1.11,1.32,0.0,1.28,0.95,1.24,1.3,1.31,1.52,0.28,4.550076
8,J.Timber,ARS,1,2,6.4,a,,True,1459,True,0.0,0.0,3.71,3.82,3.95,3.87,3.66,4.5,7.88,3.92,3.9,3.65,4.26,0.0,4.2,3.09,4.01,4.21,4.29,5.0,3.71,19.754861
9,Kiwior,ARS,1,2,5.4,a,,True,0,True,0.0,0.0,0.0,0.0,0.0,0.0,0.0,0.0,0.0,0.0,0.0,0.0,0.0,0.0,0.0,0.0,0.0,0.0,0.0,0.0,0.0,0.0
10,Lewis-Skelly,ARS,1,2,5.1,a,,True,278,True,0.0,0.0,1.36,1.44,1.46,1.42,1.39,1.6,2.9,1.48,1.43,1.36,1.54,0.0,1.45,1.27,1.47,1.52,1.49,1.61,1.36,7.291262
11,White,ARS,1,2,5.1,a,,True,287,True,0.0,0.0,0.91,0.93,0.94,0.93,0.91,1.0,1.88,0.94,0.93,0.91,0.98,0.0,0.97,0.84,0.95,0.97,0.98,1.06,0.91,4.745733
12,Zinchenko,NFO,16,2,4.9,a,,True,352,False,0.0,0.0,1.18,1.33,1.05,1.08,1.23,1.11,1.6,1.22,1.06,0.88,1.4,1.31,1.37,1.61,1.4,1.0,1.29,0.98,1.18,5.908369
13,Clarke,ARS,1,2,3.8,a,,True,0,False,0.0,0.0,0.0,0.0,0.0,0.0,0.0,0.0,0.0,0.0,0.0,0.0,0.0,0.0,0.0,0.0,0.0,0.0,0.0,0.0,0.0,0.0
14,Kacurri,ARS,1,2,3.9,a,,True,0,False,0.0,0.0,0.0,0.0,0.0,0.0,0.0,0.0,0.0,0.0,0.0,0.0,0.0,0.0,0.0,0.0,0.0,0.0,0.0,0.0,0.0,0.0
15,Nichols,ARS,1,2,3.8,a,,True,0,False,0.0,0.0,0.0,0.0,0.0,0.0,0.0,0.0,0.0,0.0,0.0,0.0,0.0,0.0,0.0,0.0,0.0,0.0,0.0,0.0,0.0,0.0
16,Saka,ARS,1,3,10.3,a,,True,1320,True,0.0,0.0,5.67,5.27,5.56,5.64,5.23,6.05,11.15,5.19,5.65,5.41,5.81,0.0,6.39,4.42,5.59,5.82,6.37,7.57,5.67,28.248448
17,Ødegaard,ARS,1,3,7.8,a,,True,714,True,0.0,0.0,3.94,3.76,3.91,3.94,3.72,4.21,7.84,3.74,3.95,3.81,4.07,0.0,4.34,3.28,3.94,4.07,4.34,4.99,3.94,19.851122
18,Madueke,ARS,1,3,6.8,a,,True,427,True,0.0,0.0,0.7,0.68,0.69,0.7,0.68,0.71,1.39,0.68,0.7,0.69,0.7,0.0,0.73,0.64,0.7,0.7,0.73,0.78,0.7,3.526257
19,Martinelli,ARS,1,3,6.8,d,,True,408,True,0.0,0.0,0.66,0.7,0.79,0.87,0.84,0.9,1.73,0.83,0.87,0.85,0.88,0.0,0.94,0.77,0.87,0.88,0.93,1.03,0.66,4.017648
20,Trossard,ARS,1,3,7.0,a,,True,1042,True,0.0,0.0,4.49,4.21,4.42,4.48,4.18,4.79,8.86,4.16,4.49,4.3,4.61,0.0,5.01,3.59,4.45,4.61,5.0,5.87,4.49,22.455193
21,Rice,ARS,1,3,7.1,d,,True,1515,True,0.0,0.0,2.03,2.16,2.47,2.71,2.57,2.9,5.4,2.58,2.72,2.62,2.8,0.0,2.98,2.26,2.71,2.8,2.98,3.41,2.03,12.501943
22,Merino,ARS,1,3,5.8,a,,True,921,True,0.0,0.0,3.46,3.3,3.43,3.46,3.27,3.69,6.88,3.28,3.47,3.34,3.57,0.0,3.8,2.89,3.45,3.56,3.8,4.36,3.46,17.422592
23,Fábio Vieira,ARS,1,3,5.4,a,,True,0,False,0.0,0.0,0.0,0.0,0.0,0.0,0.0,0.0,0.0,0.0,0.0,0.0,0.0,0.0,0.0,0.0,0.0,0.0,0.0,0.0,0.0,0.0
24,Nørgaard,ARS,1,3,5.1,a,,True,31,True,0.0,0.0,0.47,0.46,0.47,0.47,0.46,0.48,0.94,0.46,0.47,0.47,0.47,0.0,0.49,0.44,0.47,0.47,0.49,0.52,0.47,2.380999
25,Nwaneri,ARS,1,3,5.0,a,,True,165,True,0.0,0.0,0.02,0.02,0.02,0.02,0.02,0.02,0.03,0.02,0.02,0.02,0.02,0.0,0.02,0.02,0.02,0.02,0.02,0.02,0.02,0.099102
26,Zubimendi,ARS,1,3,5.2,a,,True,1590,False,0.0,0.0,3.38,3.31,3.4,3.41,3.27,3.63,6.81,3.31,3.42,3.31,3.53,0.0,3.65,2.96,3.42,3.52,3.67,4.09,3.38,17.238437
27,Nelson,BRE,5,3,4.8,a,,True,42,False,0.0,0.0,0.72,0.74,0.72,0.74,0.72,0.72,0.7,0.74,0.75,0.73,0.75,0.72,0.73,0.73,0.72,0.76,0.71,0.73,0.72,3.572524
28,Kabia,ARS,1,3,4.5,a,,True,0,False,0.0,0.0,0.0,0.0,0.0,0.0,0.0,0.0,0.0,0.0,0.0,0.0,0.0,0.0,0.0,0.0,0.0,0.0,0.0,0.0,0.0,0.0
29,Sambi,ARS,1,3,4.5,a,,True,0,False,0.0,0.0,0.0,0.0,0.0,0.0,0.0,0.0,0.0,0.0,0.0,0.0,0.0,0.0,0.0,0.0,0.0,0.0,0.0,0.0,0.0,0.0
30,Havertz,ARS,1,4,7.3,a,,True,30,True,0.0,0.0,0.0,0.0,0.0,0.0,0.0,0.0,0.0,0.0,0.0,0.0,0.0,0.0,0.0,0.0,0.0,0.0,0.0,0.0,0.0,0.0
31,G.Jesus,ARS,1,4,6.4,a,,True,66,True,0.0,0.0,1.24,1.17,1.21,1.23,1.17,1.26,2.43,1.16,1.23,1.2,1.24,0.0,1.33,1.08,1.21,1.24,1.32,1.47,1.24,6.170985
32,Martinez,AVL,2,1,5.0,a,,True,1350,True,0.0,0.0,3.38,2.91,3.39,2.98,3.16,2.91,3.13,3.2,3.33,3.06,2.85,3.45,3.14,3.58,3.1,3.47,3.3,3.11,3.38,15.54854
33,M.Bizot,AVL,2,1,4.2,d,,True,360,False,0.0,0.0,0.1,0.16,0.29,0.33,0.36,0.31,0.35,0.36,0.38,0.34,0.31,0.4,0.35,0.42,0.35,0.4,0.38,0.35,0.1,1.271064
34,Gauci,AVL,2,1,4.0,a,,True,0,False,0.0,0.0,0.0,0.0,0.0,0.0,0.0,0.0,0.0,0.0,0.0,0.0,0.0,0.0,0.0,0.0,0.0,0.0,0.0,0.0,0.0,0.0
35,Marschall,AVL,2,1,4.0,a,,True,0,False,0.0,0.0,0.0,0.0,0.0,0.0,0.0,0.0,0.0,0.0,0.0,0.0,0.0,0.0,0.0,0.0,0.0,0.0,0.0,0.0,0.0,0.0
36,Cash,AVL,2,2,4.8,d,,True,1592,True,0.0,0.0,1.62,1.23,1.95,1.59,1.9,1.55,1.88,1.93,2.08,1.75,1.41,2.34,1.84,2.35,1.76,2.21,2.13,1.77,1.62,8.296665
37,Digne,AVL,2,2,4.5,a,,True,1099,True,0.0,0.0,2.18,1.66,2.15,1.74,1.98,1.73,1.98,2.01,2.12,1.87,1.61,2.34,1.94,2.31,1.86,2.2,2.18,1.88,2.18,9.597102
38,Konsa,AVL,2,2,4.4,a,,True,1595,True,0.0,0.0,3.54,2.56,3.54,2.72,3.14,2.58,3.08,3.2,3.46,2.92,2.42,3.71,3.09,3.88,2.99,3.68,3.44,3.01,3.54,15.258465
39,Maatsen,AVL,2,2,4.2,d,,True,603,True,0.0,0.0,1.57,1.2,1.88,1.54,1.84,1.52,1.83,1.87,2.01,1.7,1.38,2.27,1.78,2.26,1.7,2.13,2.07,1.72,1.57,8.04714
40,Mings,AVL,2,2,4.3,d,,True,497,True,0.0,0.0,0.0,0.0,0.0,0.0,0.0,0.0,0.0,0.0,0.0,0.0,0.0,0.0,0.0,0.0,0.0,0.0,0.0,0.0,0.0,0.0
41,Pau,AVL,2,2,4.3,d,,True,952,True,0.0,0.0,0.1,0.15,0.31,0.32,0.37,0.3,0.36,0.38,0.41,0.34,0.28,0.44,0.36,0.46,0.35,0.44,0.41,0.35,0.1,1.288765
42,A.García,AVL,2,2,3.9,a,,True,29,False,0.0,0.0,0.44,0.43,0.44,0.43,0.44,0.44,0.44,0.44,0.44,0.44,0.43,0.46,0.44,0.44,0.43,0.44,0.45,0.43,0.44,2.147509
43,Alex Moreno,AVL,2,2,4.0,a,,True,0,True,0.0,0.0,0.0,0.0,0.0,0.0,0.0,0.0,0.0,0.0,0.0,0.0,0.0,0.0,0.0,0.0,0.0,0.0,0.0,0.0,0.0,0.0
44,Bogarde,AVL,2,2,4.0,a,,True,417,False,0.0,0.0,1.79,1.37,1.79,1.44,1.62,1.4,1.61,1.65,1.75,1.53,1.32,1.88,1.6,1.93,1.55,1.84,1.76,1.56,1.79,7.895076
45,Sousa,AVL,2,2,3.9,a,,True,0,False,0.0,0.0,0.0,0.0,0.0,0.0,0.0,0.0,0.0,0.0,0.0,0.0,0.0,0.0,0.0,0.0,0.0,0.0,0.0,0.0,0.0,0.0
46,Yasin,AVL,2,2,4.0,a,,True,0,False,0.0,0.0,0.0,0.0,0.0,0.0,0.0,0.0,0.0,0.0,0.0,0.0,0.0,0.0,0.0,0.0,0.0,0.0,0.0,0.0,0.0,0.0
47,Rogers,AVL,2,3,7.5,a,,True,1687,True,0.0,0.0,4.2,3.42,3.98,3.48,3.98,3.82,4.07,3.96,4.01,3.84,3.48,4.73,3.8,4.14,3.61,3.98,4.42,3.64,4.2,19.006346
48,Tielemans,AVL,2,3,5.9,a,,True,952,True,0.0,0.0,3.65,3.15,3.53,3.2,3.5,3.38,3.55,3.5,3.54,3.41,3.18,3.96,3.4,3.65,3.28,3.54,3.77,3.3,3.65,16.890121
49,Bailey,AVL,2,3,5.5,a,,True,0,True,0.0,0.0,0.0,0.0,0.0,0.0,0.0,0.0,0.0,0.0,0.0,0.0,0.0,0.0,0.0,0.0,0.0,0.0,0.0,0.0,0.0,0.0
50,Buendía,AVL,2,3,5.3,a,,True,679,False,0.0,0.0,2.77,2.31,2.63,2.35,2.65,2.56,2.7,2.63,2.65,2.56,2.35,3.09,2.53,2.72,2.41,2.62,2.91,2.43,2.77,12.65219
51,Iling Jr,AVL,2,3,5.5,a,,True,0,False,0.0,0.0,0.0,0.0,0.0,0.0,0.0,0.0,0.0,0.0,0.0,0.0,0.0,0.0,0.0,0.0,0.0,0.0,0.0,0.0,0.0,0.0
52,J.Ramsey,NEW,15,3,5.3,a,,True,464,True,0.0,0.0,1.68,1.73,1.75,1.75,1.57,1.73,1.66,1.52,1.75,1.69,1.6,1.8,1.59,1.78,1.46,1.75,1.69,1.91,1.68,8.314215
53,Malen,AVL,2,3,5.1,a,,True,616,False,0.0,0.0,2.48,2.0,2.31,2.03,2.37,2.31,2.45,2.34,2.34,2.28,2.06,2.88,2.23,2.39,2.09,2.29,2.68,2.11,2.48,11.205699
54,McGinn,AVL,2,3,5.4,a,,True,1420,True,0.0,0.0,2.14,1.82,2.04,1.84,2.05,1.99,2.09,2.04,2.06,1.99,1.84,2.37,1.97,2.11,1.89,2.04,2.24,1.91,2.14,9.837332
55,Barkley,AVL,2,3,4.8,a,,True,114,False,0.0,0.0,0.06,0.05,0.06,0.05,0.06,0.06,0.06,0.06,0.06,0.06,0.05,0.06,0.06,0.06,0.05,0.06,0.06,0.05,0.06,0.279737
56,Barrenechea,AVL,2,3,5.0,a,,True,0,False,0.0,0.0,0.0,0.0,0.0,0.0,0.0,0.0,0.0,0.0,0.0,0.0,0.0,0.0,0.0,0.0,0.0,0.0,0.0,0.0,0.0,0.0
57,Dobbin,AVL,2,3,5.0,a,,True,0,False,0.0,0.0,0.0,0.0,0.0,0.0,0.0,0.0,0.0,0.0,0.0,0.0,0.0,0.0,0.0,0.0,0.0,0.0,0.0,0.0,0.0,0.0
58,Kamara,AVL,2,3,4.9,d,,True,1239,True,0.0,0.0,1.32,1.27,1.57,1.55,1.69,1.62,1.7,1.69,1.71,1.64,1.53,1.88,1.64,1.77,1.6,1.72,1.8,1.6,1.32,7.417897
59,Onana,AVL,2,3,4.8,a,,True,886,True,0.0,0.0,1.91,1.7,1.86,1.72,1.85,1.8,1.87,1.85,1.86,1.81,1.72,2.05,1.8,1.9,1.75,1.86,1.97,1.76,1.91,8.948214
60,Broggio,AVL,2,3,4.5,a,,True,0,False,0.0,0.0,0.0,0.0,0.0,0.0,0.0,0.0,0.0,0.0,0.0,0.0,0.0,0.0,0.0,0.0,0.0,0.0,0.0,0.0,0.0,0.0
61,Dendoncker,AVL,2,3,4.5,a,,True,0,False,0.0,0.0,0.0,0.0,0.0,0.0,0.0,0.0,0.0,0.0,0.0,0.0,0.0,0.0,0.0,0.0,0.0,0.0,0.0,0.0,0.0,0.0
62,Jimoh-Aloba,AVL,2,3,4.5,a,,True,8,False,0.0,0.0,0.43,0.42,0.43,0.42,0.43,0.43,0.43,0.43,0.43,0.43,0.42,0.44,0.43,0.43,0.42,0.43,0.44,0.42,0.43,2.097551
63,Young,AVL,2,3,4.3,a,,True,0,False,0.0,0.0,0.0,0.0,0.0,0.0,0.0,0.0,0.0,0.0,0.0,0.0,0.0,0.0,0.0,0.0,0.0,0.0,0.0,0.0,0.0,0.0
64,Watkins,AVL,2,4,8.6,a,,True,1389,True,0.0,0.0,4.14,3.38,3.86,3.43,3.96,3.87,4.08,3.92,3.92,3.83,3.48,4.77,3.74,3.99,3.53,3.83,4.45,3.56,4.14,18.779243
65,Redmond,AVL,2,4,4.5,a,,True,0,False,0.0,0.0,0.0,0.0,0.0,0.0,0.0,0.0,0.0,0.0,0.0,0.0,0.0,0.0,0.0,0.0,0.0,0.0,0.0,0.0,0.0,0.0
66,Neto,BOU,4,1,4.5,a,,True,0,False,0.0,0.0,0.0,0.0,0.0,0.0,0.0,0.0,0.0,0.0,0.0,0.0,0.0,0.0,0.0,0.0,0.0,0.0,0.0,0.0,0.0,0.0
67,Petrović,BOU,4,1,4.5,a,,True,1710,False,0.0,0.0,2.95,3.53,2.9,3.12,3.37,3.3,3.17,3.21,3.66,3.16,3.32,3.03,2.75,6.18,0.0,3.11,3.11,2.93,2.95,15.639917
68,Dennis,BOU,4,1,4.0,a,,True,0,False,0.0,0.0,0.0,0.0,0.0,0.0,0.0,0.0,0.0,0.0,0.0,0.0,0.0,0.0,0.0,0.0,0.0,0.0,0.0,0.0,0.0,0.0
69,McKenna,BOU,4,1,3.9,a,,True,0,False,0.0,0.0,0.0,0.0,0.0,0.0,0.0,0.0,0.0,0.0,0.0,0.0,0.0,0.0,0.0,0.0,0.0,0.0,0.0,0.0,0.0,0.0
70,Paulsen,BOU,4,1,4.0,a,,True,0,False,0.0,0.0,0.0,0.0,0.0,0.0,0.0,0.0,0.0,0.0,0.0,0.0,0.0,0.0,0.0,0.0,0.0,0.0,0.0,0.0,0.0,0.0
71,Zabarnyi,BOU,4,2,5.0,a,,True,0,True,0.0,0.0,0.0,0.0,0.0,0.0,0.0,0.0,0.0,0.0,0.0,0.0,0.0,0.0,0.0,0.0,0.0,0.0,0.0,0.0,0.0,0.0
72,Senesi,BOU,4,2,4.8,a,,True,1578,True,0.0,0.0,3.6,4.89,3.8,4.15,4.68,4.59,4.22,4.56,5.12,4.37,4.79,4.09,3.13,8.26,0.0,4.19,4.12,3.74,3.6,20.880302
73,Smith,BOU,4,2,4.4,a,,True,522,True,0.0,0.0,0.93,1.11,0.93,0.99,1.07,1.05,1.01,1.04,1.14,1.02,1.07,0.98,0.85,1.97,0.0,1.0,0.99,0.93,0.93,4.963225
74,Truffert,BOU,4,2,4.5,a,,True,1668,False,0.0,0.0,2.67,3.84,2.74,3.12,3.61,3.52,3.21,3.43,4.06,3.29,3.64,3.02,2.21,6.18,0.0,3.14,3.1,2.74,2.67,15.809979
75,Akinmboni,BOU,4,2,3.8,a,,True,0,False,0.0,0.0,0.0,0.0,0.0,0.0,0.0,0.0,0.0,0.0,0.0,0.0,0.0,0.0,0.0,0.0,0.0,0.0,0.0,0.0,0.0,0.0
76,Bevan,BOU,4,2,3.8,a,,True,0,False,0.0,0.0,0.0,0.0,0.0,0.0,0.0,0.0,0.0,0.0,0.0,0.0,0.0,0.0,0.0,0.0,0.0,0.0,0.0,0.0,0.0,0.0
77,Hill,BOU,4,2,3.9,a,,True,392,False,0.0,0.0,0.91,1.35,0.92,1.07,1.26,1.22,1.11,1.18,1.44,1.13,1.26,1.02,0.73,2.11,0.0,1.08,1.06,0.92,0.91,5.451832
78,J.Araujo,BOU,4,2,3.8,a,,True,0,False,0.0,0.0,0.0,0.0,0.0,0.0,0.0,0.0,0.0,0.0,0.0,0.0,0.0,0.0,0.0,0.0,0.0,0.0,0.0,0.0,0.0,0.0
79,Mepham,BOU,4,2,4.0,a,,True,0,False,0.0,0.0,0.0,0.0,0.0,0.0,0.0,0.0,0.0,0.0,0.0,0.0,0.0,0.0,0.0,0.0,0.0,0.0,0.0,0.0,0.0,0.0
80,Soler,BOU,4,2,4.0,a,,True,34,False,0.0,0.0,0.28,0.28,0.28,0.28,0.28,0.28,0.28,0.29,0.28,0.28,0.29,0.28,0.28,0.56,0.0,0.28,0.28,0.28,0.28,1.381029
81,Kluivert,BOU,4,3,7.0,a,,True,841,True,0.0,0.0,2.53,3.44,3.2,3.13,3.48,3.51,3.1,3.75,3.6,3.48,3.93,3.33,2.33,6.44,0.0,3.24,3.1,2.91,2.53,15.667227
82,Semenyo,BOU,4,3,7.7,a,,True,1620,True,0.0,0.0,3.65,5.02,4.67,4.56,5.09,5.13,4.51,5.49,5.26,5.09,5.76,4.87,3.36,9.39,0.0,4.73,4.51,4.24,3.65,22.827405
83,O.Dango,BRE,5,3,5.8,d,,True,1061,True,0.0,0.0,0.21,0.49,0.61,1.01,0.86,0.82,0.69,0.98,1.08,0.91,1.07,0.85,0.95,0.94,0.82,1.16,0.72,0.89,0.21,3.242256
84,Tavernier,BOU,4,3,5.6,a,,True,1516,True,0.0,0.0,3.21,4.22,3.93,3.86,4.26,4.28,3.83,4.53,4.4,4.25,4.73,4.08,2.99,7.92,0.0,3.99,3.83,3.62,3.21,19.316463
85,Adams,BOU,4,3,5.0,d,,True,1196,True,0.0,0.0,0.06,0.14,0.19,0.26,0.27,0.27,0.26,0.27,0.28,0.27,0.28,0.26,0.23,0.52,0.0,0.26,0.26,0.25,0.06,0.952668
86,Brooks,BOU,4,3,5.0,a,,True,840,True,0.0,0.0,2.21,3.04,2.83,2.76,3.09,3.11,2.73,3.34,3.19,3.09,3.51,2.95,2.03,5.69,0.0,2.87,2.73,2.57,2.21,13.835388
87,Christie,BOU,4,3,4.9,a,,True,287,True,0.0,0.0,0.18,0.2,0.2,0.19,0.2,0.2,0.19,0.21,0.2,0.2,0.22,0.2,0.18,0.39,0.0,0.2,0.19,0.19,0.18,0.958257
88,Cook,BOU,4,3,4.9,d,,True,394,True,0.0,0.0,0.71,0.92,0.94,1.03,1.09,1.09,1.03,1.11,1.13,1.07,1.14,1.05,0.91,2.08,0.0,1.04,1.03,0.99,0.71,4.691944
89,Philip,BOU,4,3,4.9,a,,True,0,False,0.0,0.0,0.0,0.0,0.0,0.0,0.0,0.0,0.0,0.0,0.0,0.0,0.0,0.0,0.0,0.0,0.0,0.0,0.0,0.0,0.0,0.0
90,Scott,BOU,4,3,5.0,a,,True,1245,True,0.0,0.0,2.5,2.91,2.73,2.74,2.9,2.9,2.73,2.96,2.98,2.87,3.04,2.79,2.4,5.52,0.0,2.78,2.72,2.63,2.5,13.605833
91,Sinisterra,BOU,4,3,5.0,a,,True,0,False,0.0,0.0,0.0,0.0,0.0,0.0,0.0,0.0,0.0,0.0,0.0,0.0,0.0,0.0,0.0,0.0,0.0,0.0,0.0,0.0,0.0,0.0
92,Faivre,BOU,4,3,4.5,a,,True,0,False,0.0,0.0,0.0,0.0,0.0,0.0,0.0,0.0,0.0,0.0,0.0,0.0,0.0,0.0,0.0,0.0,0.0,0.0,0.0,0.0,0.0,0.0
93,H.Traorè,BOU,4,3,4.5,a,,True,16,False,0.0,0.0,0.0,0.0,0.0,0.0,0.0,0.0,0.0,0.0,0.0,0.0,0.0,0.0,0.0,0.0,0.0,0.0,0.0,0.0,0.0,0.0
94,Sadi,BOU,4,3,4.5,a,,True,0,False,0.0,0.0,0.0,0.0,0.0,0.0,0.0,0.0,0.0,0.0,0.0,0.0,0.0,0.0,0.0,0.0,0.0,0.0,0.0,0.0,0.0,0.0
95,Silcott-Duberry,BOU,4,3,4.4,a,,True,0,False,0.0,0.0,0.0,0.0,0.0,0.0,0.0,0.0,0.0,0.0,0.0,0.0,0.0,0.0,0.0,0.0,0.0,0.0,0.0,0.0,0.0,0.0
96,Winterburn,BOU,4,3,4.5,a,,True,6,False,0.0,0.0,0.0,0.0,0.0,0.0,0.0,0.0,0.0,0.0,0.0,0.0,0.0,0.0,0.0,0.0,0.0,0.0,0.0,0.0,0.0,0.0
97,Evanilson,BOU,4,4,7.0,a,,True,1270,True,0.0,0.0,2.49,3.15,3.05,2.96,3.21,3.24,2.92,3.46,3.26,3.24,3.59,3.14,2.36,6.08,0.0,3.05,2.93,2.81,2.49,14.731584
98,Enes Ünal,BOU,4,4,5.4,a,,True,69,False,0.0,0.0,0.77,0.9,0.88,0.86,0.91,0.92,0.85,0.96,0.92,0.92,0.98,0.9,0.75,1.75,0.0,0.88,0.86,0.83,0.77,4.273843
99,Adu-Adjei,BOU,4,4,4.4,a,,True,0,False,0.0,0.0,0.0,0.0,0.0,0.0,0.0,0.0,0.0,0.0,0.0,0.0,0.0,0.0,0.0,0.0,0.0,0.0,0.0,0.0,0.0,0.0
100,Kroupi.Jr,BOU,4,4,4.6,d,,True,652,False,0.0,0.0,0.75,1.12,1.19,1.25,1.38,1.39,1.23,1.51,1.4,1.4,1.57,1.34,0.93,2.58,0.0,1.3,1.23,1.17,0.75,5.726352
101,Kelleher,BRE,5,1,4.5,a,,True,1710,True,0.0,0.0,3.53,4.01,3.2,3.77,3.42,3.33,3.3,3.49,3.69,3.24,4.0,3.33,3.79,3.72,3.18,3.84,3.1,3.48,3.53,17.480256
102,Balcombe,BRE,5,1,3.9,a,,True,0,False,0.0,0.0,0.0,0.0,0.0,0.0,0.0,0.0,0.0,0.0,0.0,0.0,0.0,0.0,0.0,0.0,0.0,0.0,0.0,0.0,0.0,0.0
103,Cox,BRE,5,1,3.9,a,,True,0,False,0.0,0.0,0.0,0.0,0.0,0.0,0.0,0.0,0.0,0.0,0.0,0.0,0.0,0.0,0.0,0.0,0.0,0.0,0.0,0.0,0.0,0.0
104,Eyestone,BRE,5,1,3.9,a,,True,0,False,0.0,0.0,0.0,0.0,0.0,0.0,0.0,0.0,0.0,0.0,0.0,0.0,0.0,0.0,0.0,0.0,0.0,0.0,0.0,0.0,0.0,0.0
105,Valdimarsson,BRE,5,1,3.9,a,,True,0,False,0.0,0.0,0.0,0.0,0.0,0.0,0.0,0.0,0.0,0.0,0.0,0.0,0.0,0.0,0.0,0.0,0.0,0.0,0.0,0.0,0.0,0.0
106,Collins,BRE,5,2,4.9,a,,True,1636,True,0.0,0.0,4.2,5.05,3.58,4.75,4.02,3.82,3.63,4.29,4.7,3.76,5.13,3.86,4.7,4.6,3.54,5.02,3.25,4.16,4.2,20.981719
107,Lewis-Potter,BRE,5,2,4.9,a,,True,818,True,0.0,0.0,3.19,4.05,2.62,3.82,3.04,2.83,2.54,3.39,3.84,2.87,4.21,2.89,3.71,3.62,2.58,4.21,2.24,3.18,3.19,16.191897
108,Ajer,BRE,5,2,4.4,a,,True,791,True,0.0,0.0,2.53,3.13,2.09,2.92,2.41,2.27,2.14,2.59,2.88,2.22,3.19,2.29,2.88,2.81,2.06,3.11,1.86,2.5,2.53,12.683206
109,Henry,BRE,5,2,4.3,a,,True,608,False,0.0,0.0,2.33,2.98,1.81,2.71,2.17,2.02,1.94,2.33,2.62,1.91,3.0,2.04,2.7,2.62,1.77,2.86,1.58,2.27,2.33,11.604778
110,Kayode,BRE,5,2,4.5,a,,True,1657,False,0.0,0.0,3.31,4.16,2.67,3.84,3.12,2.92,2.75,3.37,3.77,2.84,4.22,2.96,3.8,3.7,2.63,4.09,2.35,3.25,3.31,16.559801
111,Pinnock,BRE,5,2,4.2,d,,True,228,True,0.0,0.0,0.02,0.05,0.05,0.1,0.08,0.07,0.07,0.08,0.1,0.07,0.11,0.07,0.1,0.1,0.06,0.1,0.06,0.08,0.02,0.300047
112,Roerslev,BRE,5,2,4.5,a,,True,0,True,0.0,0.0,0.0,0.0,0.0,0.0,0.0,0.0,0.0,0.0,0.0,0.0,0.0,0.0,0.0,0.0,0.0,0.0,0.0,0.0,0.0,0.0
113,Van den Berg,BRE,5,2,4.5,d,,True,1530,True,0.0,0.0,0.27,0.7,0.64,1.28,1.02,0.95,0.89,1.11,1.26,0.92,1.42,0.96,1.27,1.23,0.84,1.38,0.74,1.07,0.27,3.945263
114,Arthur,BRE,5,2,3.9,a,,True,0,False,0.0,0.0,0.0,0.0,0.0,0.0,0.0,0.0,0.0,0.0,0.0,0.0,0.0,0.0,0.0,0.0,0.0,0.0,0.0,0.0,0.0,0.0
115,Fredrick,BRE,5,2,4.0,a,,True,0,False,0.0,0.0,0.0,0.0,0.0,0.0,0.0,0.0,0.0,0.0,0.0,0.0,0.0,0.0,0.0,0.0,0.0,0.0,0.0,0.0,0.0,0.0
116,Hickey,BRE,5,2,4.0,d,,True,423,False,0.0,0.0,0.47,0.6,0.51,0.69,0.61,0.58,0.57,0.63,0.68,0.57,0.73,0.59,0.68,0.67,0.55,0.71,0.52,0.62,0.47,2.832117
117,Ji-soo,BRE,5,2,3.9,a,,True,0,False,0.0,0.0,0.0,0.0,0.0,0.0,0.0,0.0,0.0,0.0,0.0,0.0,0.0,0.0,0.0,0.0,0.0,0.0,0.0,0.0,0.0,0.0
118,Meghoma,BRE,5,2,4.0,a,,True,0,False,0.0,0.0,0.0,0.0,0.0,0.0,0.0,0.0,0.0,0.0,0.0,0.0,0.0,0.0,0.0,0.0,0.0,0.0,0.0,0.0,0.0,0.0
119,Mbeumo,MUN,14,3,8.1,d,,True,1405,True,0.0,0.0,0.25,0.64,0.7,0.73,1.12,1.11,1.22,1.0,1.05,0.96,1.14,1.08,1.12,0.96,1.13,1.01,1.04,1.2,0.25,3.727227
120,Schade,BRE,5,3,7.1,a,,True,1492,True,0.0,0.0,3.65,4.27,3.53,4.37,3.7,3.5,2.96,4.24,4.67,3.95,4.65,3.65,4.08,4.08,3.52,5.05,3.09,3.83,3.65,19.027045
121,Damsgaard,BRE,5,3,5.8,d,,True,1041,True,0.0,0.0,0.7,0.84,0.85,1.02,0.94,0.92,0.85,1.01,1.06,0.97,1.06,0.94,0.99,0.99,0.92,1.11,0.87,0.96,0.7,4.310036
122,Milambo,BRE,5,3,5.2,a,,True,45,False,0.0,0.0,0.0,0.0,0.0,0.0,0.0,0.0,0.0,0.0,0.0,0.0,0.0,0.0,0.0,0.0,0.0,0.0,0.0,0.0,0.0,0.0
123,Carvalho,BRE,5,3,4.7,a,,True,100,False,0.0,0.0,0.0,0.0,0.0,0.0,0.0,0.0,0.0,0.0,0.0,0.0,0.0,0.0,0.0,0.0,0.0,0.0,0.0,0.0,0.0,0.0
124,Henderson,BRE,5,3,5.0,a,,True,1309,False,0.0,0.0,1.93,2.13,1.87,2.13,1.93,1.88,1.74,2.06,2.18,1.97,2.21,1.91,2.06,2.05,1.86,2.29,1.75,1.97,1.93,9.757844
125,Janelt,BRE,5,3,4.9,a,,True,578,True,0.0,0.0,3.5,3.78,3.4,3.77,3.49,3.41,3.23,3.68,3.85,3.54,3.9,3.46,3.68,3.67,3.39,4.0,3.23,3.55,3.5,17.547969
126,Jensen,BRE,5,3,4.9,a,,True,626,True,0.0,0.0,1.96,2.14,1.9,2.14,1.96,1.91,1.79,2.08,2.19,1.99,2.22,1.94,2.08,2.07,1.89,2.29,1.79,1.99,1.96,9.872966
127,Nunes,BRE,5,3,4.9,a,,True,0,False,0.0,0.0,0.0,0.0,0.0,0.0,0.0,0.0,0.0,0.0,0.0,0.0,0.0,0.0,0.0,0.0,0.0,0.0,0.0,0.0,0.0,0.0
128,Onyeka,BRE,5,3,4.8,a,,True,88,False,0.0,0.0,0.0,0.0,0.0,0.0,0.0,0.0,0.0,0.0,0.0,0.0,0.0,0.0,0.0,0.0,0.0,0.0,0.0,0.0,0.0,0.0
129,Yarmoliuk,BRE,5,3,5.0,a,,True,1384,True,0.0,0.0,2.6,2.8,2.5,2.76,2.58,2.53,2.44,2.68,2.79,2.58,2.86,2.55,2.72,2.71,2.5,2.88,2.41,2.61,2.6,12.954876
130,Donovan,BRE,5,3,4.4,a,,True,0,False,0.0,0.0,0.0,0.0,0.0,0.0,0.0,0.0,0.0,0.0,0.0,0.0,0.0,0.0,0.0,0.0,0.0,0.0,0.0,0.0,0.0,0.0
131,Konak,BRE,5,3,4.3,a,,True,0,False,0.0,0.0,0.0,0.0,0.0,0.0,0.0,0.0,0.0,0.0,0.0,0.0,0.0,0.0,0.0,0.0,0.0,0.0,0.0,0.0,0.0,0.0
132,Maghoma,BRE,5,3,4.5,a,,True,0,False,0.0,0.0,0.0,0.0,0.0,0.0,0.0,0.0,0.0,0.0,0.0,0.0,0.0,0.0,0.0,0.0,0.0,0.0,0.0,0.0,0.0,0.0
133,Peart-Harris,BRE,5,3,4.4,a,,True,0,False,0.0,0.0,0.0,0.0,0.0,0.0,0.0,0.0,0.0,0.0,0.0,0.0,0.0,0.0,0.0,0.0,0.0,0.0,0.0,0.0,0.0,0.0
134,Trevitt,BRE,5,3,4.5,a,,True,0,False,0.0,0.0,0.0,0.0,0.0,0.0,0.0,0.0,0.0,0.0,0.0,0.0,0.0,0.0,0.0,0.0,0.0,0.0,0.0,0.0,0.0,0.0
135,Wissa,NEW,15,4,7.3,a,,True,149,True,0.0,0.0,2.67,2.83,2.83,2.86,2.35,2.86,2.51,2.22,2.79,2.76,2.51,2.88,2.43,3.1,1.95,2.95,2.7,3.45,2.67,13.268872
136,Thiago,BRE,5,4,6.9,a,,True,1581,False,0.0,0.0,4.29,4.94,4.24,5.14,4.4,4.17,3.45,5.07,5.56,4.78,5.44,4.35,4.77,4.79,4.24,6.0,3.71,4.54,4.29,22.451117
137,Morgan,BRE,5,4,4.4,a,,True,0,False,0.0,0.0,0.0,0.0,0.0,0.0,0.0,0.0,0.0,0.0,0.0,0.0,0.0,0.0,0.0,0.0,0.0,0.0,0.0,0.0,0.0,0.0
138,Steele,BHA,6,1,4.2,a,,True,0,False,0.0,0.0,0.0,0.0,0.0,0.0,0.0,0.0,0.0,0.0,0.0,0.0,0.0,0.0,0.0,0.0,0.0,0.0,0.0,0.0,0.0,0.0
139,Verbruggen,BHA,6,1,4.5,a,,True,1710,True,0.0,0.0,3.81,2.93,3.31,3.31,3.64,3.32,3.26,3.14,3.62,3.13,3.58,3.32,3.54,6.72,0.0,3.17,3.85,3.17,3.81,16.660066
140,McGill,BHA,6,1,3.9,a,,True,0,False,0.0,0.0,0.0,0.0,0.0,0.0,0.0,0.0,0.0,0.0,0.0,0.0,0.0,0.0,0.0,0.0,0.0,0.0,0.0,0.0,0.0,0.0
141,Rushworth,BHA,6,1,4.0,a,,True,0,False,0.0,0.0,0.0,0.0,0.0,0.0,0.0,0.0,0.0,0.0,0.0,0.0,0.0,0.0,0.0,0.0,0.0,0.0,0.0,0.0,0.0,0.0
142,Scherpen,BHA,6,1,4.0,a,,True,0,False,0.0,0.0,0.0,0.0,0.0,0.0,0.0,0.0,0.0,0.0,0.0,0.0,0.0,0.0,0.0,0.0,0.0,0.0,0.0,0.0,0.0,0.0
143,Boscagli,BHA,6,2,4.2,d,,True,142,False,0.0,0.0,0.17,0.18,0.4,0.49,0.59,0.5,0.48,0.45,0.6,0.42,0.57,0.5,0.59,1.03,0.0,0.45,0.66,0.46,0.17,1.849711
144,Coppola,BHA,6,2,4.2,d,,True,193,False,0.0,0.0,0.78,0.36,0.67,0.73,0.94,0.73,0.69,0.6,0.93,0.61,0.91,0.74,0.88,1.52,0.0,0.63,1.06,0.63,0.78,3.410901
145,De Cuyper,BHA,6,2,4.3,a,,True,865,False,0.0,0.0,3.04,1.74,2.51,2.14,2.43,2.23,2.15,2.1,2.56,1.76,2.3,2.16,2.67,4.45,0.0,2.03,2.75,2.1,3.04,11.586609
146,Dunk,BHA,6,2,4.5,a,,True,1575,True,0.0,0.0,2.87,1.42,2.14,2.09,2.57,2.12,2.02,1.83,2.56,1.79,2.48,2.11,2.47,4.35,0.0,1.87,2.87,1.88,2.87,10.821418
147,Estupiñan,BHA,6,2,4.5,a,,True,0,True,0.0,0.0,0.0,0.0,0.0,0.0,0.0,0.0,0.0,0.0,0.0,0.0,0.0,0.0,0.0,0.0,0.0,0.0,0.0,0.0,0.0,0.0
148,F.Kadıoğlu,BHA,6,2,4.4,a,,True,1422,False,0.0,0.0,3.88,1.87,2.91,2.73,3.34,2.78,2.65,2.42,3.38,2.27,3.2,2.75,3.32,5.69,0.0,2.45,3.78,2.48,3.88,14.358335
149,Igor,WHU,19,2,4.5,a,,True,103,True,0.0,0.0,0.03,0.04,0.03,0.04,0.02,0.03,0.03,0.03,0.02,0.03,0.03,0.03,0.04,0.02,0.04,0.03,0.03,0.03,0.03,0.155221
150,Lamptey,BHA,6,2,4.4,a,,True,0,True,0.0,0.0,0.0,0.0,0.0,0.0,0.0,0.0,0.0,0.0,0.0,0.0,0.0,0.0,0.0,0.0,0.0,0.0,0.0,0.0,0.0,0.0
151,Van Hecke,BHA,6,2,4.5,a,,True,1620,True,0.0,0.0,3.97,2.06,3.07,2.84,3.4,2.9,2.78,2.59,3.46,2.38,3.26,2.86,3.44,5.9,0.0,2.59,3.82,2.63,3.97,14.965981
152,Veltman,BHA,6,2,4.3,a,,True,493,True,0.0,0.0,1.91,1.01,1.49,1.38,1.64,1.41,1.35,1.26,1.67,1.16,1.57,1.39,1.66,2.86,0.0,1.26,1.84,1.28,1.91,7.250169
153,Webster,BHA,6,2,4.4,a,,True,0,True,0.0,0.0,0.0,0.0,0.0,0.0,0.0,0.0,0.0,0.0,0.0,0.0,0.0,0.0,0.0,0.0,0.0,0.0,0.0,0.0,0.0,0.0
154,Cashin,BHA,6,2,4.0,a,,True,0,False,0.0,0.0,0.0,0.0,0.0,0.0,0.0,0.0,0.0,0.0,0.0,0.0,0.0,0.0,0.0,0.0,0.0,0.0,0.0,0.0,0.0,0.0
155,Slater,BHA,6,2,4.0,a,,True,0,False,0.0,0.0,0.0,0.0,0.0,0.0,0.0,0.0,0.0,0.0,0.0,0.0,0.0,0.0,0.0,0.0,0.0,0.0,0.0,0.0,0.0,0.0
156,Tasker,BHA,6,2,3.8,a,,True,0,False,0.0,0.0,0.0,0.0,0.0,0.0,0.0,0.0,0.0,0.0,0.0,0.0,0.0,0.0,0.0,0.0,0.0,0.0,0.0,0.0,0.0,0.0
157,Mitoma,BHA,6,3,6.1,a,,True,592,True,0.0,0.0,1.18,0.84,1.05,0.92,0.98,0.95,0.93,0.93,1.03,0.81,0.93,0.92,1.08,1.88,0.0,0.9,1.06,0.92,1.18,4.86677
158,Georginio,BHA,6,3,5.6,a,,True,1190,True,0.0,0.0,3.06,2.06,2.66,2.32,2.52,2.39,2.34,2.32,2.64,2.01,2.4,2.33,2.77,4.76,0.0,2.25,2.77,2.31,3.06,12.34527
159,March,BHA,6,3,5.8,a,,True,0,False,0.0,0.0,0.0,0.0,0.0,0.0,0.0,0.0,0.0,0.0,0.0,0.0,0.0,0.0,0.0,0.0,0.0,0.0,0.0,0.0,0.0,0.0
160,Minteh,BHA,6,3,6.0,a,,True,1543,True,0.0,0.0,3.4,2.17,2.93,2.47,2.7,2.57,2.5,2.49,2.87,2.07,2.55,2.49,3.04,5.1,0.0,2.39,3.02,2.47,3.4,13.362477
161,Enciso,BHA,6,3,5.4,a,,True,0,True,0.0,0.0,0.0,0.0,0.0,0.0,0.0,0.0,0.0,0.0,0.0,0.0,0.0,0.0,0.0,0.0,0.0,0.0,0.0,0.0,0.0,0.0
162,Gruda,BHA,6,3,5.4,a,,True,544,True,0.0,0.0,2.78,1.81,2.41,2.05,2.23,2.13,2.07,2.07,2.36,1.74,2.11,2.06,2.5,4.22,0.0,1.99,2.48,2.05,2.78,11.030889
163,Hinshelwood,BHA,6,3,5.1,a,,True,500,True,0.0,0.0,2.54,1.89,2.28,2.06,2.2,2.11,2.07,2.06,2.28,1.86,2.13,2.07,2.35,4.21,0.0,2.01,2.37,2.05,2.54,10.74831
164,O'Riley,BHA,6,3,5.5,d,,True,177,True,0.0,0.0,0.0,0.0,0.0,0.0,0.0,0.0,0.0,0.0,0.0,0.0,0.0,0.0,0.0,0.0,0.0,0.0,0.0,0.0,0.0,0.0
165,Sima,BHA,6,3,5.4,a,,True,0,False,0.0,0.0,0.0,0.0,0.0,0.0,0.0,0.0,0.0,0.0,0.0,0.0,0.0,0.0,0.0,0.0,0.0,0.0,0.0,0.0,0.0,0.0
166,Ayari,BHA,6,3,4.8,a,,True,1347,True,0.0,0.0,3.69,2.68,3.28,2.95,3.17,3.03,2.97,2.94,3.28,2.65,3.06,2.97,3.39,6.04,0.0,2.88,3.43,2.93,3.69,15.448555
167,Baleba,BHA,6,3,4.6,d,,True,894,True,0.0,0.0,0.11,0.18,0.3,0.38,0.4,0.39,0.38,0.38,0.41,0.36,0.39,0.38,0.42,0.77,0.0,0.37,0.42,0.38,0.11,1.407715
168,Buonanotte,CHE,7,3,4.6,a,,True,45,True,0.0,0.0,0.0,0.0,0.0,0.0,0.0,0.0,0.0,0.0,0.0,0.0,0.0,0.0,0.0,0.0,0.0,0.0,0.0,0.0,0.0,0.0
169,Gomez,BHA,6,3,4.9,a,,True,1113,False,0.0,0.0,4.11,2.54,3.49,2.95,3.27,3.07,2.98,2.95,3.46,2.46,3.08,2.97,3.65,6.1,0.0,2.84,3.66,2.94,4.11,15.983043
170,Milner,BHA,6,3,4.9,a,,True,280,False,0.0,0.0,1.99,1.28,1.71,1.46,1.61,1.52,1.48,1.46,1.69,1.25,1.52,1.47,1.78,3.02,0.0,1.41,1.79,1.46,1.99,7.869612
171,Sarmiento,BHA,6,3,4.9,a,,True,0,False,0.0,0.0,0.0,0.0,0.0,0.0,0.0,0.0,0.0,0.0,0.0,0.0,0.0,0.0,0.0,0.0,0.0,0.0,0.0,0.0,0.0,0.0
172,Watson,BHA,6,3,4.8,a,,True,47,False,0.0,0.0,0.41,0.4,0.4,0.4,0.4,0.4,0.4,0.4,0.4,0.4,0.4,0.4,0.4,0.8,0.0,0.4,0.4,0.4,0.41,1.978369
173,Wieffer,BHA,6,3,4.9,d,,True,1179,True,0.0,0.0,1.08,0.83,1.16,1.11,1.2,1.14,1.12,1.11,1.25,0.97,1.14,1.12,1.31,2.28,0.0,1.08,1.31,1.11,1.08,5.319935
174,Yalcouye,BHA,6,3,5.0,a,,True,0,False,0.0,0.0,0.0,0.0,0.0,0.0,0.0,0.0,0.0,0.0,0.0,0.0,0.0,0.0,0.0,0.0,0.0,0.0,0.0,0.0,0.0,0.0
175,Knight,BHA,6,3,4.4,a,,True,1,False,0.0,0.0,0.0,0.0,0.0,0.0,0.0,0.0,0.0,0.0,0.0,0.0,0.0,0.0,0.0,0.01,0.0,0.0,0.0,0.0,0.0,0.00055
176,Mazilu,BHA,6,3,4.5,a,,True,0,False,0.0,0.0,0.0,0.0,0.0,0.0,0.0,0.0,0.0,0.0,0.0,0.0,0.0,0.0,0.0,0.0,0.0,0.0,0.0,0.0,0.0,0.0
177,Moran,BHA,6,3,4.5,a,,True,0,False,0.0,0.0,0.0,0.0,0.0,0.0,0.0,0.0,0.0,0.0,0.0,0.0,0.0,0.0,0.0,0.0,0.0,0.0,0.0,0.0,0.0,0.0
178,Welbeck,BHA,6,4,6.3,a,,True,1081,True,0.0,0.0,3.63,2.25,3.13,2.57,2.81,2.69,2.62,2.62,3.02,2.11,2.63,2.59,3.24,5.32,0.0,2.5,3.17,2.59,3.63,14.063122
179,Ferguson,BHA,6,4,5.5,a,,True,0,False,0.0,0.0,0.0,0.0,0.0,0.0,0.0,0.0,0.0,0.0,0.0,0.0,0.0,0.0,0.0,0.0,0.0,0.0,0.0,0.0,0.0,0.0
180,Tzimas,BHA,6,4,5.2,a,,True,132,False,0.0,0.0,0.1,0.08,0.09,0.08,0.09,0.08,0.08,0.08,0.09,0.07,0.08,0.08,0.09,0.16,0.0,0.08,0.09,0.08,0.1,0.425474
181,Kostoulas,BHA,6,4,4.8,a,,True,97,False,0.0,0.0,1.27,1.06,1.19,1.1,1.14,1.12,1.11,1.11,1.17,1.04,1.11,1.11,1.21,2.24,0.0,1.09,1.2,1.11,1.27,5.654342
182,Trafford,MCI,13,1,4.5,d,,True,270,False,0.0,0.0,0.0,0.0,0.0,0.0,0.0,0.0,0.0,0.0,0.0,0.0,0.0,0.0,0.0,0.0,0.0,0.0,0.0,0.0,0.0,0.0
183,Weiss,BUR,3,1,4.3,a,,True,0,False,0.0,0.0,0.0,0.0,0.0,0.0,0.0,0.0,0.0,0.0,0.0,0.0,0.0,0.0,0.0,0.0,0.0,0.0,0.0,0.0,0.0,0.0
184,Green,BUR,3,1,4.0,a,,True,0,False,0.0,0.0,0.0,0.0,0.0,0.0,0.0,0.0,0.0,0.0,0.0,0.0,0.0,0.0,0.0,0.0,0.0,0.0,0.0,0.0,0.0,0.0
185,Hladký,BUR,3,1,3.9,a,,True,0,False,0.0,0.0,0.0,0.0,0.0,0.0,0.0,0.0,0.0,0.0,0.0,0.0,0.0,0.0,0.0,0.0,0.0,0.0,0.0,0.0,0.0,0.0
186,Roberts,BUR,3,2,4.4,a,,True,0,False,0.0,0.0,0.0,0.0,0.0,0.0,0.0,0.0,0.0,0.0,0.0,0.0,0.0,0.0,0.0,0.0,0.0,0.0,0.0,0.0,0.0,0.0
187,Walker,BUR,3,2,4.4,a,,True,1606,True,0.0,0.0,1.35,1.6,1.3,2.36,2.13,2.38,1.3,1.21,1.83,1.79,1.75,1.69,1.78,3.17,0.0,1.47,2.04,0.96,1.35,8.224889
188,Delcroix,BUR,3,2,3.8,a,,True,0,False,0.0,0.0,0.0,0.0,0.0,0.0,0.0,0.0,0.0,0.0,0.0,0.0,0.0,0.0,0.0,0.0,0.0,0.0,0.0,0.0,0.0,0.0
189,Dodgson,BUR,3,2,4.0,a,,True,0,False,0.0,0.0,0.0,0.0,0.0,0.0,0.0,0.0,0.0,0.0,0.0,0.0,0.0,0.0,0.0,0.0,0.0,0.0,0.0,0.0,0.0,0.0
190,Ekdal,BUR,3,2,3.9,a,,True,1073,False,0.0,0.0,2.46,2.71,2.4,3.51,3.27,3.52,2.41,2.31,2.95,2.92,2.87,2.82,2.9,5.4,0.0,2.58,3.17,2.05,2.46,13.729718
191,Estève,BUR,3,2,3.9,a,,True,1446,False,0.0,0.0,0.72,0.78,0.71,0.96,0.9,0.96,0.71,0.69,0.83,0.83,0.82,0.8,0.82,1.56,0.0,0.75,0.88,0.63,0.72,3.918833
192,Hartman,BUR,3,2,4.0,d,,True,1337,False,0.0,0.0,0.07,0.15,0.18,0.44,0.4,0.46,0.25,0.23,0.35,0.34,0.34,0.32,0.34,0.6,0.0,0.28,0.39,0.18,0.07,1.208405
193,Humphreys,BUR,3,2,3.9,a,,True,167,False,0.0,0.0,1.07,1.25,1.01,1.79,1.62,1.85,1.02,0.97,1.42,1.38,1.38,1.31,1.39,2.46,0.0,1.15,1.57,0.75,1.07,6.389914
194,Jordan,BUR,3,2,3.9,a,,True,0,False,0.0,0.0,0.0,0.0,0.0,0.0,0.0,0.0,0.0,0.0,0.0,0.0,0.0,0.0,0.0,0.0,0.0,0.0,0.0,0.0,0.0,0.0
195,Lucas Pires,BUR,3,2,3.8,a,,True,321,False,0.0,0.0,1.58,1.82,1.46,2.47,2.24,2.66,1.48,1.43,2.04,1.93,2.03,1.85,2.02,3.52,0.0,1.66,2.22,1.08,1.58,9.167758
196,Sambo,BUR,3,2,4.0,a,,True,0,False,0.0,0.0,0.0,0.0,0.0,0.0,0.0,0.0,0.0,0.0,0.0,0.0,0.0,0.0,0.0,0.0,0.0,0.0,0.0,0.0,0.0,0.0
197,Sonne,BUR,3,2,3.8,a,,True,128,False,0.0,0.0,0.28,0.28,0.27,0.28,0.28,0.31,0.27,0.27,0.29,0.27,0.3,0.27,0.29,0.55,0.0,0.28,0.29,0.25,0.28,1.377938
198,Tuanzebe,BUR,3,2,3.9,d,,True,706,True,0.0,0.0,0.04,0.09,0.12,0.3,0.27,0.29,0.15,0.14,0.22,0.22,0.21,0.21,0.21,0.38,0.0,0.17,0.25,0.11,0.04,0.774543
199,Worrall,BUR,3,2,3.8,a,,True,154,False,0.0,0.0,0.26,0.3,0.25,0.42,0.38,0.41,0.25,0.24,0.33,0.33,0.32,0.31,0.32,0.59,0.0,0.28,0.37,0.2,0.26,1.520745
200,Anthony,BUR,3,3,5.1,d,,True,1139,False,0.0,0.0,0.82,0.94,0.93,1.14,1.1,1.32,1.04,1.05,1.15,1.07,1.21,1.07,1.18,2.15,0.0,1.07,1.16,0.91,0.82,4.975271
201,Benson,BUR,3,3,5.4,a,,True,0,False,0.0,0.0,0.0,0.0,0.0,0.0,0.0,0.0,0.0,0.0,0.0,0.0,0.0,0.0,0.0,0.0,0.0,0.0,0.0,0.0,0.0,0.0
202,Bruun Larsen,BUR,3,3,5.3,a,,True,799,False,0.0,0.0,2.0,2.05,1.9,2.11,2.04,2.34,1.92,1.94,2.1,1.99,2.18,1.98,2.13,3.97,0.0,1.98,2.12,1.75,2.0,10.00578
203,Boateng,BUR,3,3,4.7,a,,True,0,False,0.0,0.0,0.0,0.0,0.0,0.0,0.0,0.0,0.0,0.0,0.0,0.0,0.0,0.0,0.0,0.0,0.0,0.0,0.0,0.0,0.0,0.0
204,Churlinov,BUR,3,3,4.9,a,,True,0,False,0.0,0.0,0.0,0.0,0.0,0.0,0.0,0.0,0.0,0.0,0.0,0.0,0.0,0.0,0.0,0.0,0.0,0.0,0.0,0.0,0.0,0.0
205,Cullen,BUR,3,3,5.0,d,,True,1513,False,0.0,0.0,1.07,1.22,1.22,1.51,1.45,1.7,1.36,1.38,1.51,1.41,1.57,1.41,1.53,2.81,0.0,1.4,1.52,1.2,1.07,6.507783
206,Edwards,BUR,3,3,4.7,a,,True,273,False,0.0,0.0,2.74,2.83,2.47,2.91,2.76,3.49,2.54,2.6,2.94,2.66,3.14,2.66,3.01,5.34,0.0,2.67,2.96,2.13,2.74,13.701478
207,Hannibal,BUR,3,3,4.7,d,,True,395,False,0.0,0.0,0.02,0.04,0.06,0.08,0.08,0.09,0.08,0.08,0.08,0.08,0.09,0.08,0.08,0.15,0.0,0.08,0.08,0.07,0.02,0.292449
208,Koleosho,BUR,3,3,5.0,a,,True,0,False,0.0,0.0,0.0,0.0,0.0,0.0,0.0,0.0,0.0,0.0,0.0,0.0,0.0,0.0,0.0,0.0,0.0,0.0,0.0,0.0,0.0,0.0
209,Laurent,BUR,3,3,4.8,a,,True,873,False,0.0,0.0,2.15,2.19,2.07,2.29,2.22,2.44,2.09,2.1,2.24,2.16,2.29,2.15,2.26,4.29,0.0,2.14,2.27,1.95,2.15,10.766955
210,Tchaouna,BUR,3,3,4.9,a,,True,726,False,0.0,0.0,1.32,1.35,1.25,1.4,1.35,1.54,1.27,1.28,1.38,1.31,1.43,1.31,1.4,2.61,0.0,1.3,1.4,1.16,1.32,6.60013
211,A.Ramsey,BUR,3,3,4.4,a,,True,0,False,0.0,0.0,0.0,0.0,0.0,0.0,0.0,0.0,0.0,0.0,0.0,0.0,0.0,0.0,0.0,0.0,0.0,0.0,0.0,0.0,0.0,0.0
212,Adewumi,BUR,3,3,4.5,a,,True,0,False,0.0,0.0,0.0,0.0,0.0,0.0,0.0,0.0,0.0,0.0,0.0,0.0,0.0,0.0,0.0,0.0,0.0,0.0,0.0,0.0,0.0,0.0
213,Banel,BUR,3,3,4.5,a,,True,0,False,0.0,0.0,0.0,0.0,0.0,0.0,0.0,0.0,0.0,0.0,0.0,0.0,0.0,0.0,0.0,0.0,0.0,0.0,0.0,0.0,0.0,0.0
214,Trésor,BUR,3,3,4.4,a,,True,19,False,0.0,0.0,0.9,0.9,0.89,0.9,0.89,0.91,0.89,0.89,0.9,0.89,0.9,0.89,0.9,1.79,0.0,0.89,0.9,0.88,0.9,4.41334
215,Flemming,BUR,3,4,5.3,d,,True,660,False,0.0,0.0,0.84,0.96,0.95,1.15,1.11,1.35,1.06,1.08,1.18,1.08,1.25,1.09,1.21,2.18,0.0,1.09,1.18,0.92,0.84,5.072242
216,Amdouni,BUR,3,4,4.8,a,,True,0,False,0.0,0.0,0.0,0.0,0.0,0.0,0.0,0.0,0.0,0.0,0.0,0.0,0.0,0.0,0.0,0.0,0.0,0.0,0.0,0.0,0.0,0.0
217,Foster,BUR,3,4,4.9,d,,True,866,False,0.0,0.0,0.12,0.24,0.33,0.48,0.46,0.55,0.45,0.45,0.49,0.46,0.51,0.46,0.5,0.92,0.0,0.46,0.49,0.39,0.12,1.711856
218,Barnes,BUR,3,4,4.2,a,,True,9,False,0.0,0.0,0.42,0.42,0.41,0.42,0.41,0.42,0.41,0.41,0.42,0.41,0.42,0.41,0.42,0.83,0.0,0.41,0.42,0.41,0.42,2.048245
219,Obafemi,BUR,3,4,4.4,a,,True,0,False,0.0,0.0,0.0,0.0,0.0,0.0,0.0,0.0,0.0,0.0,0.0,0.0,0.0,0.0,0.0,0.0,0.0,0.0,0.0,0.0,0.0,0.0
220,Sánchez,CHE,7,1,4.9,a,,True,1624,True,0.0,0.0,3.2,3.62,3.7,3.38,4.04,3.9,3.74,4.16,3.19,3.57,3.73,3.68,3.42,6.96,0.0,3.95,3.38,4.05,3.2,17.654061
221,Jörgensen,CHE,7,1,4.3,a,,True,84,False,0.0,0.0,0.0,0.0,0.0,0.0,0.0,0.0,0.0,0.0,0.0,0.0,0.0,0.0,0.0,0.0,0.0,0.0,0.0,0.0,0.0,0.0
222,Penders,CHE,7,1,4.0,a,,True,0,False,0.0,0.0,0.0,0.0,0.0,0.0,0.0,0.0,0.0,0.0,0.0,0.0,0.0,0.0,0.0,0.0,0.0,0.0,0.0,0.0,0.0,0.0
223,Slonina,CHE,7,1,3.9,a,,True,0,False,0.0,0.0,0.0,0.0,0.0,0.0,0.0,0.0,0.0,0.0,0.0,0.0,0.0,0.0,0.0,0.0,0.0,0.0,0.0,0.0,0.0,0.0
224,Cucurella,CHE,7,2,6.1,d,,True,1504,True,0.0,0.0,1.05,1.61,1.91,1.66,2.53,2.27,2.12,2.67,1.34,1.89,2.08,2.0,1.71,3.65,0.0,2.35,1.64,2.39,1.05,8.680584
225,James,CHE,7,2,5.7,a,,True,1246,True,0.0,0.0,2.1,2.7,2.94,2.41,3.56,3.1,2.96,3.74,1.94,2.68,2.89,2.75,2.45,5.31,0.0,3.23,2.36,3.19,2.1,13.35369
226,Chalobah,CHE,7,2,5.6,a,,True,1560,True,0.0,0.0,3.11,4.04,4.33,3.57,5.14,4.63,4.38,5.39,2.98,3.98,4.31,4.15,3.65,7.75,0.0,4.78,3.53,4.82,3.11,19.748476
227,Colwill,CHE,7,2,4.8,a,,True,0,True,0.0,0.0,0.0,0.0,0.0,0.0,0.0,0.0,0.0,0.0,0.0,0.0,0.0,0.0,0.0,0.0,0.0,0.0,0.0,0.0,0.0,0.0
228,Gusto,CHE,7,2,5.0,a,,True,1051,True,0.0,0.0,2.07,2.67,2.89,2.37,3.47,3.06,2.91,3.64,1.94,2.64,2.85,2.72,2.42,5.21,0.0,3.18,2.33,3.15,2.07,13.139856
229,B.Badiashile,CHE,7,2,4.4,d,,True,245,False,0.0,0.0,0.29,0.48,0.55,0.47,0.73,0.68,0.62,0.77,0.39,0.55,0.62,0.6,0.49,1.02,0.0,0.7,0.47,0.73,0.29,2.513887
230,Fofana,CHE,7,2,4.4,a,,True,757,True,0.0,0.0,1.99,2.56,2.68,2.26,3.11,2.91,2.73,3.25,1.96,2.51,2.71,2.64,2.32,4.8,0.0,2.97,2.25,3.07,1.99,12.378702
231,M.Sarr,CHE,7,2,4.5,a,,True,0,False,0.0,0.0,0.0,0.0,0.0,0.0,0.0,0.0,0.0,0.0,0.0,0.0,0.0,0.0,0.0,0.0,0.0,0.0,0.0,0.0,0.0,0.0
232,Tosin,CHE,7,2,4.1,d,,True,557,True,0.0,0.0,0.02,0.07,0.11,0.12,0.17,0.16,0.15,0.18,0.1,0.13,0.14,0.14,0.12,0.25,0.0,0.16,0.12,0.17,0.02,0.50308
233,Acheampong,CHE,7,2,3.8,a,,True,393,False,0.0,0.0,0.65,0.72,0.78,0.7,0.89,0.77,0.77,0.92,0.6,0.73,0.75,0.72,0.69,1.5,0.0,0.8,0.68,0.76,0.65,3.630548
234,Anselmino,CHE,7,2,4.0,a,,True,0,False,0.0,0.0,0.0,0.0,0.0,0.0,0.0,0.0,0.0,0.0,0.0,0.0,0.0,0.0,0.0,0.0,0.0,0.0,0.0,0.0,0.0,0.0
235,Palmer,CHE,7,3,10.4,a,,True,499,True,0.0,0.0,3.29,3.86,4.37,3.64,5.34,4.36,4.33,5.61,2.88,3.93,4.15,3.87,3.63,8.18,0.0,4.62,3.52,4.3,3.29,19.812318
236,Neto,CHE,7,3,7.2,a,,True,1459,True,0.0,0.0,2.52,2.91,3.24,2.76,3.89,3.24,3.22,4.07,2.24,2.95,3.09,2.91,2.75,6.11,0.0,3.41,2.67,3.2,2.52,14.832966
237,Enzo,CHE,7,3,6.4,a,,True,1546,True,0.0,0.0,3.43,4.03,4.56,3.8,5.58,4.56,4.52,5.87,3.0,4.1,4.33,4.03,3.79,8.53,0.0,4.82,3.67,4.49,3.43,20.681806
238,Estêvão,CHE,7,3,6.4,a,,True,557,False,0.0,0.0,1.98,2.32,2.64,2.19,3.24,2.63,2.61,3.41,1.72,2.37,2.5,2.32,2.18,4.94,0.0,2.79,2.11,2.59,1.98,11.946758
239,Gittens,CHE,7,3,6.0,a,,True,445,False,0.0,0.0,0.93,0.97,1.0,0.95,1.07,1.0,1.0,1.09,0.9,0.97,0.99,0.97,0.95,1.97,0.0,1.02,0.94,1.0,0.93,4.818345
240,Nkunku,CHE,7,3,5.9,a,,True,0,True,0.0,0.0,0.0,0.0,0.0,0.0,0.0,0.0,0.0,0.0,0.0,0.0,0.0,0.0,0.0,0.0,0.0,0.0,0.0,0.0,0.0,0.0
241,Caicedo,CHE,7,3,5.7,a,,True,1252,True,0.0,0.0,2.69,2.93,3.09,2.83,3.42,3.12,3.08,3.51,2.56,2.94,3.03,2.94,2.83,5.94,0.0,3.2,2.79,3.13,2.69,14.611876
242,Dewsbury-Hall,EVE,9,3,5.0,d,,True,1257,False,0.0,0.0,0.15,0.34,0.42,0.61,0.57,0.56,0.65,0.59,0.54,0.75,0.44,0.59,0.56,0.56,0.65,0.53,0.53,0.63,0.15,2.149013
243,George,CHE,7,3,4.8,a,,True,142,False,0.0,0.0,0.0,0.0,0.0,0.0,0.0,0.0,0.0,0.0,0.0,0.0,0.0,0.0,0.0,0.0,0.0,0.0,0.0,0.0,0.0,0.0
244,Lavia,CHE,7,3,4.9,a,,True,105,True,0.0,0.0,0.0,0.0,0.0,0.0,0.0,0.0,0.0,0.0,0.0,0.0,0.0,0.0,0.0,0.01,0.0,0.0,0.0,0.0,0.0,0.00055
245,Mudryk,CHE,7,3,4.9,a,,True,0,False,0.0,0.0,0.0,0.0,0.0,0.0,0.0,0.0,0.0,0.0,0.0,0.0,0.0,0.0,0.0,0.0,0.0,0.0,0.0,0.0,0.0,0.0
246,Andrey Santos,CHE,7,3,4.5,a,,True,439,False,0.0,0.0,0.74,0.77,0.79,0.76,0.84,0.79,0.79,0.85,0.72,0.77,0.78,0.77,0.76,1.56,0.0,0.8,0.75,0.79,0.74,3.818077
247,D.Essugo,CHE,7,3,4.3,a,,True,0,False,0.0,0.0,0.0,0.0,0.0,0.0,0.0,0.0,0.0,0.0,0.0,0.0,0.0,0.0,0.0,0.0,0.0,0.0,0.0,0.0,0.0,0.0
248,Paez,CHE,7,3,4.5,a,,True,0,False,0.0,0.0,0.0,0.0,0.0,0.0,0.0,0.0,0.0,0.0,0.0,0.0,0.0,0.0,0.0,0.0,0.0,0.0,0.0,0.0,0.0,0.0
249,João Pedro,CHE,7,4,7.2,a,,True,1445,True,0.0,0.0,2.64,2.99,3.34,2.87,3.97,3.3,3.3,4.14,2.34,3.04,3.17,2.98,2.85,6.35,0.0,3.48,2.78,3.23,2.64,15.295127
250,Delap,CHE,7,4,6.2,a,,True,453,True,0.0,0.0,1.61,1.78,1.95,1.72,2.26,1.93,1.94,2.35,1.47,1.81,1.87,1.78,1.72,3.75,0.0,2.02,1.68,1.9,1.61,9.050899
251,N.Jackson,CHE,7,4,6.5,a,,True,0,True,0.0,0.0,0.0,0.0,0.0,0.0,0.0,0.0,0.0,0.0,0.0,0.0,0.0,0.0,0.0,0.0,0.0,0.0,0.0,0.0,0.0,0.0
252,Marc Guiu,CHE,7,4,4.3,a,,True,247,False,0.0,0.0,0.14,0.16,0.18,0.15,0.21,0.18,0.18,0.22,0.13,0.16,0.17,0.16,0.15,0.34,0.0,0.19,0.15,0.17,0.14,0.817339
253,Henderson,CRY,8,1,5.1,a,,True,1710,True,0.0,0.0,3.52,3.86,3.94,3.61,3.71,3.45,4.15,4.19,3.36,3.82,3.77,0.0,3.77,4.04,3.43,3.43,7.25,3.48,3.52,18.111004
254,Benitez,CRY,8,1,4.0,a,,True,0,False,0.0,0.0,0.0,0.0,0.0,0.0,0.0,0.0,0.0,0.0,0.0,0.0,0.0,0.0,0.0,0.0,0.0,0.0,0.0,0.0,0.0,0.0
255,Matthews,CRY,8,1,3.9,a,,True,0,False,0.0,0.0,0.0,0.0,0.0,0.0,0.0,0.0,0.0,0.0,0.0,0.0,0.0,0.0,0.0,0.0,0.0,0.0,0.0,0.0,0.0,0.0
256,Muñoz,CRY,8,2,5.8,d,,True,1260,True,0.0,0.0,0.07,0.17,0.24,0.29,0.3,0.27,0.42,0.39,0.24,0.3,0.32,0.0,0.31,0.39,0.24,0.27,0.55,0.27,0.07,1.110573
257,Lacroix,CRY,8,2,5.2,a,,True,1710,True,0.0,0.0,4.17,4.88,4.9,4.43,4.58,4.11,5.58,5.47,3.87,4.68,4.72,0.0,4.67,5.36,3.97,4.1,8.62,4.14,4.17,22.365325
258,Mitchell,CRY,8,2,5.0,a,,True,1704,True,0.0,0.0,3.35,4.03,4.07,3.59,3.74,3.27,4.68,4.6,3.05,3.86,3.87,0.0,3.84,4.47,3.16,3.26,6.98,3.32,3.35,18.291677
259,Sosa,CRY,8,2,4.8,a,,True,27,False,0.0,0.0,0.56,0.57,0.56,0.56,0.56,0.56,0.58,0.57,0.56,0.56,0.57,0.0,0.56,0.57,0.56,0.56,1.12,0.56,0.56,2.734182
260,Guéhi,CRY,8,2,5.3,a,,True,1620,True,0.0,0.0,3.93,4.77,4.71,4.29,4.42,3.94,5.7,5.44,3.65,4.46,4.6,0.0,4.51,5.43,3.7,3.97,8.17,3.95,3.93,21.628106
261,Richards,CRY,8,2,4.5,d,,True,1522,True,0.0,0.0,0.26,0.63,0.97,1.11,1.17,1.0,1.48,1.46,0.93,1.22,1.21,0.0,1.2,1.41,0.97,0.99,2.17,1.02,0.26,4.225407
262,Chadi Riad,CRY,8,2,4.0,a,,True,0,False,0.0,0.0,0.0,0.0,0.0,0.0,0.0,0.0,0.0,0.0,0.0,0.0,0.0,0.0,0.0,0.0,0.0,0.0,0.0,0.0,0.0,0.0
263,Clyne,CRY,8,2,3.8,a,,True,367,False,0.0,0.0,2.91,3.53,3.46,3.19,3.27,2.93,4.25,4.02,2.72,3.28,3.41,0.0,3.34,4.05,2.73,2.97,6.04,2.93,2.91,16.013789
264,Holding,CRY,8,2,4.0,a,,True,0,False,0.0,0.0,0.0,0.0,0.0,0.0,0.0,0.0,0.0,0.0,0.0,0.0,0.0,0.0,0.0,0.0,0.0,0.0,0.0,0.0,0.0,0.0
265,Kporha,CRY,8,2,4.0,a,,True,0,False,0.0,0.0,0.0,0.0,0.0,0.0,0.0,0.0,0.0,0.0,0.0,0.0,0.0,0.0,0.0,0.0,0.0,0.0,0.0,0.0,0.0,0.0
266,Eze,ARS,1,3,7.4,d,,True,991,True,0.0,0.0,0.14,0.27,0.42,0.57,0.53,0.6,1.13,0.53,0.57,0.55,0.58,0.0,0.64,0.46,0.57,0.58,0.64,0.75,0.14,2.119083
267,Sarr,CRY,8,3,6.4,d,,True,1009,True,0.0,0.0,0.12,0.29,0.4,0.55,0.54,0.53,0.74,0.65,0.5,0.51,0.57,0.0,0.55,0.7,0.47,0.55,1.01,0.52,0.12,1.984735
268,Doucouré,CRY,8,3,4.9,a,,True,0,False,0.0,0.0,0.0,0.0,0.0,0.0,0.0,0.0,0.0,0.0,0.0,0.0,0.0,0.0,0.0,0.0,0.0,0.0,0.0,0.0,0.0,0.0
269,Esse,CRY,8,3,4.7,a,,True,37,False,0.0,0.0,0.67,0.67,0.67,0.67,0.67,0.67,0.69,0.68,0.67,0.67,0.67,0.0,0.67,0.69,0.66,0.67,1.33,0.67,0.67,3.258676
270,Hughes,CRY,8,3,4.7,a,,True,687,True,0.0,0.0,1.27,1.39,1.34,1.35,1.34,1.31,1.6,1.49,1.27,1.3,1.38,0.0,1.35,1.55,1.24,1.34,2.58,1.3,1.27,6.558121
271,Kamada,CRY,8,3,5.0,d,,True,1166,True,0.0,0.0,0.14,0.3,0.44,0.58,0.58,0.56,0.68,0.65,0.54,0.57,0.59,0.0,0.58,0.66,0.53,0.57,1.11,0.55,0.14,2.087788
272,Lerma,CRY,8,3,4.9,a,,True,714,True,0.0,0.0,2.09,2.29,2.22,2.21,2.21,2.14,2.6,2.45,2.07,2.16,2.26,0.0,2.22,2.53,2.03,2.18,4.24,2.12,2.09,10.780723
273,Wharton,CRY,8,3,5.0,a,,True,1388,True,0.0,0.0,3.51,3.87,3.73,3.73,3.72,3.62,4.45,4.15,3.49,3.63,3.82,0.0,3.75,4.31,3.41,3.7,7.14,3.58,3.51,18.189023
274,Agbinone,CRY,8,3,4.3,a,,True,0,False,0.0,0.0,0.0,0.0,0.0,0.0,0.0,0.0,0.0,0.0,0.0,0.0,0.0,0.0,0.0,0.0,0.0,0.0,0.0,0.0,0.0,0.0
275,Ahamada,CRY,8,3,4.3,a,,True,0,False,0.0,0.0,0.0,0.0,0.0,0.0,0.0,0.0,0.0,0.0,0.0,0.0,0.0,0.0,0.0,0.0,0.0,0.0,0.0,0.0,0.0,0.0
276,Devenny,CRY,8,3,4.3,a,,True,376,False,0.0,0.0,2.82,3.28,3.04,3.13,3.09,3.0,4.11,3.64,2.83,2.92,3.23,0.0,3.11,3.92,2.68,3.13,5.76,2.94,2.82,15.180718
277,Ebiowei,CRY,8,3,4.5,a,,True,0,False,0.0,0.0,0.0,0.0,0.0,0.0,0.0,0.0,0.0,0.0,0.0,0.0,0.0,0.0,0.0,0.0,0.0,0.0,0.0,0.0,0.0,0.0
278,J.Rak-Sakyi,CRY,8,3,4.4,a,,True,0,False,0.0,0.0,0.0,0.0,0.0,0.0,0.0,0.0,0.0,0.0,0.0,0.0,0.0,0.0,0.0,0.0,0.0,0.0,0.0,0.0,0.0,0.0
279,M.França,CRY,8,3,4.5,a,,True,0,False,0.0,0.0,0.0,0.0,0.0,0.0,0.0,0.0,0.0,0.0,0.0,0.0,0.0,0.0,0.0,0.0,0.0,0.0,0.0,0.0,0.0,0.0
280,Ozoh,CRY,8,3,4.5,a,,True,0,False,0.0,0.0,0.0,0.0,0.0,0.0,0.0,0.0,0.0,0.0,0.0,0.0,0.0,0.0,0.0,0.0,0.0,0.0,0.0,0.0,0.0,0.0
281,Rodney,CRY,8,3,4.4,a,,True,0,False,0.0,0.0,0.0,0.0,0.0,0.0,0.0,0.0,0.0,0.0,0.0,0.0,0.0,0.0,0.0,0.0,0.0,0.0,0.0,0.0,0.0,0.0
282,Umeh,CRY,8,3,4.5,a,,True,0,False,0.0,0.0,0.0,0.0,0.0,0.0,0.0,0.0,0.0,0.0,0.0,0.0,0.0,0.0,0.0,0.0,0.0,0.0,0.0,0.0,0.0,0.0
283,Mateta,CRY,8,4,7.6,a,,True,1554,True,0.0,0.0,4.2,4.93,4.46,4.75,4.64,4.57,6.34,5.47,4.28,4.28,4.88,0.0,4.66,6.04,3.98,4.81,8.55,4.44,4.2,22.791285
284,Nketiah,CRY,8,4,5.4,d,,True,414,True,0.0,0.0,0.95,1.21,1.22,1.41,1.38,1.36,1.82,1.59,1.29,1.29,1.44,0.0,1.38,1.74,1.21,1.42,2.57,1.33,0.95,6.182304
285,Édouard,CRY,8,4,5.0,a,,True,2,False,0.0,0.0,0.0,0.0,0.0,0.0,0.0,0.0,0.0,0.0,0.0,0.0,0.0,0.0,0.0,0.0,0.0,0.0,0.0,0.0,0.0,0.0
286,Marsh,CRY,8,4,4.5,a,,True,0,False,0.0,0.0,0.0,0.0,0.0,0.0,0.0,0.0,0.0,0.0,0.0,0.0,0.0,0.0,0.0,0.0,0.0,0.0,0.0,0.0,0.0,0.0
287,Pickford,EVE,9,1,5.5,a,,True,1710,True,0.0,0.0,3.92,4.41,3.78,3.96,3.64,3.83,3.88,3.78,3.68,4.41,3.39,3.8,3.66,3.84,3.99,3.64,3.6,4.39,3.92,19.316596
288,Travers,EVE,9,1,4.3,a,,True,0,False,0.0,0.0,0.0,0.0,0.0,0.0,0.0,0.0,0.0,0.0,0.0,0.0,0.0,0.0,0.0,0.0,0.0,0.0,0.0,0.0,0.0,0.0
289,Tyrer,EVE,9,1,3.9,a,,True,0,False,0.0,0.0,0.0,0.0,0.0,0.0,0.0,0.0,0.0,0.0,0.0,0.0,0.0,0.0,0.0,0.0,0.0,0.0,0.0,0.0,0.0,0.0
290,Branthwaite,EVE,9,2,5.3,a,,True,0,True,0.0,0.0,0.0,0.0,0.0,0.0,0.0,0.0,0.0,0.0,0.0,0.0,0.0,0.0,0.0,0.0,0.0,0.0,0.0,0.0,0.0,0.0
291,Tarkowski,EVE,9,2,5.6,a,,True,1710,True,0.0,0.0,4.46,5.27,4.18,4.52,3.91,4.25,4.43,4.19,3.98,5.36,3.33,4.23,3.95,4.28,4.61,3.89,3.8,5.2,4.46,21.87808
292,Mykolenko,EVE,9,2,4.9,a,,True,1435,True,0.0,0.0,3.31,4.08,3.07,3.37,2.78,3.15,3.23,3.05,2.89,4.1,2.33,3.09,2.84,3.17,3.43,2.8,2.72,4.05,3.31,16.258806
293,O'Brien,EVE,9,2,4.9,a,,True,1578,True,0.0,0.0,3.27,4.04,3.02,3.33,2.74,3.1,3.2,3.01,2.84,4.07,2.27,3.05,2.79,3.12,3.39,2.75,2.67,4.0,3.27,16.050775
294,Coleman,EVE,9,2,4.2,a,,True,11,False,0.0,0.0,0.01,0.01,0.01,0.01,0.01,0.01,0.01,0.01,0.01,0.01,0.01,0.01,0.01,0.01,0.01,0.01,0.01,0.01,0.01,0.049099
295,Keane,EVE,9,2,4.8,d,,True,1504,True,0.0,0.0,1.64,2.22,1.84,2.22,1.86,2.05,2.19,2.03,1.88,2.75,1.48,2.05,1.88,2.06,2.29,1.83,1.78,2.61,1.64,9.699595
296,Patterson,EVE,9,2,4.4,a,,True,73,False,0.0,0.0,1.43,1.73,1.34,1.46,1.22,1.37,1.4,1.33,1.27,1.73,1.06,1.35,1.25,1.38,1.47,1.24,1.2,1.73,1.43,7.031503
297,Dixon,EVE,9,2,3.8,a,,True,0,False,0.0,0.0,0.0,0.0,0.0,0.0,0.0,0.0,0.0,0.0,0.0,0.0,0.0,0.0,0.0,0.0,0.0,0.0,0.0,0.0,0.0,0.0
298,Welch,EVE,9,2,3.8,a,,True,0,False,0.0,0.0,0.0,0.0,0.0,0.0,0.0,0.0,0.0,0.0,0.0,0.0,0.0,0.0,0.0,0.0,0.0,0.0,0.0,0.0,0.0,0.0
299,Ndiaye,EVE,9,3,6.2,d,,True,1343,True,0.0,0.0,0.22,0.49,0.6,0.87,0.81,0.79,0.93,0.84,0.76,1.09,0.61,0.84,0.79,0.79,0.93,0.74,0.75,0.91,0.22,3.069755
300,McNeil,EVE,9,3,5.5,a,,True,345,True,0.0,0.0,3.22,3.54,2.98,3.2,3.0,2.96,3.39,3.1,2.87,3.89,2.42,3.11,2.96,2.98,3.39,2.82,2.82,3.34,3.22,15.63586
301,Alcaraz,EVE,9,3,5.2,d,,True,656,True,0.0,0.0,1.33,1.63,1.51,1.76,1.65,1.63,1.85,1.7,1.58,2.14,1.33,1.71,1.62,1.64,1.86,1.55,1.55,1.85,1.33,7.818074
302,Gana,EVE,9,3,5.4,d,,True,1051,True,0.0,0.0,0.08,0.17,0.22,0.31,0.29,0.29,0.32,0.3,0.28,0.36,0.25,0.3,0.29,0.29,0.32,0.28,0.28,0.32,0.08,1.098924
303,Garner,EVE,9,3,5.1,a,,True,1703,True,0.0,0.0,3.94,4.25,3.74,3.93,3.73,3.72,4.07,3.83,3.63,4.53,3.23,3.84,3.7,3.74,4.09,3.59,3.58,4.09,3.94,19.215294
304,Iroegbunam,EVE,9,3,4.8,a,,True,757,False,0.0,0.0,2.24,2.43,2.15,2.25,2.13,2.15,2.29,2.18,2.1,2.53,1.91,2.19,2.12,2.16,2.31,2.08,2.07,2.36,2.24,10.982164
305,Armstrong,EVE,9,3,4.5,a,,True,1,False,0.0,0.0,0.0,0.0,0.0,0.0,0.0,0.0,0.0,0.0,0.0,0.0,0.0,0.0,0.0,0.0,0.0,0.0,0.0,0.0,0.0,0.0
306,Bates,EVE,9,3,4.3,a,,True,0,False,0.0,0.0,0.0,0.0,0.0,0.0,0.0,0.0,0.0,0.0,0.0,0.0,0.0,0.0,0.0,0.0,0.0,0.0,0.0,0.0,0.0,0.0
307,Ebere,EVE,9,3,4.4,a,,True,0,False,0.0,0.0,0.0,0.0,0.0,0.0,0.0,0.0,0.0,0.0,0.0,0.0,0.0,0.0,0.0,0.0,0.0,0.0,0.0,0.0,0.0,0.0
308,Heath,EVE,9,3,4.5,a,,True,0,False,0.0,0.0,0.0,0.0,0.0,0.0,0.0,0.0,0.0,0.0,0.0,0.0,0.0,0.0,0.0,0.0,0.0,0.0,0.0,0.0,0.0,0.0
309,Metcalfe,EVE,9,3,4.5,a,,True,0,False,0.0,0.0,0.0,0.0,0.0,0.0,0.0,0.0,0.0,0.0,0.0,0.0,0.0,0.0,0.0,0.0,0.0,0.0,0.0,0.0,0.0,0.0
310,Barry,EVE,9,4,5.7,a,,True,922,False,0.0,0.0,2.6,2.78,2.42,2.58,2.47,2.39,2.76,2.53,2.34,3.09,2.01,2.53,2.42,2.4,2.74,2.31,2.32,2.61,2.6,12.60729
311,Beto,EVE,9,4,5.0,a,,True,776,True,0.0,0.0,1.89,2.01,1.77,1.88,1.81,1.75,1.99,1.84,1.72,2.21,1.5,1.85,1.77,1.76,1.98,1.7,1.71,1.9,1.89,9.177085
312,Y.Chermiti,EVE,9,4,4.9,a,,True,0,False,0.0,0.0,0.0,0.0,0.0,0.0,0.0,0.0,0.0,0.0,0.0,0.0,0.0,0.0,0.0,0.0,0.0,0.0,0.0,0.0,0.0,0.0
313,Sherif,EVE,9,4,4.4,a,,True,0,False,0.0,0.0,0.0,0.0,0.0,0.0,0.0,0.0,0.0,0.0,0.0,0.0,0.0,0.0,0.0,0.0,0.0,0.0,0.0,0.0,0.0,0.0
314,Leno,FUL,10,1,4.9,a,,True,1710,True,0.0,0.0,3.47,3.41,3.32,3.49,3.16,3.79,3.06,3.74,3.88,3.85,3.51,3.96,3.23,3.28,3.66,3.06,3.46,3.73,3.47,16.969457
315,Benda,FUL,10,1,4.0,a,,True,0,False,0.0,0.0,0.0,0.0,0.0,0.0,0.0,0.0,0.0,0.0,0.0,0.0,0.0,0.0,0.0,0.0,0.0,0.0,0.0,0.0,0.0,0.0
316,Robinson,FUL,10,2,4.9,a,,True,421,True,0.0,0.0,3.34,3.34,3.1,3.55,2.8,3.89,2.49,3.73,4.0,4.28,3.46,4.5,2.85,3.05,3.75,2.37,3.58,3.83,3.34,16.472585
317,Andersen,FUL,10,2,4.6,a,,True,1571,True,0.0,0.0,4.16,4.11,3.89,4.29,3.56,4.73,3.3,4.6,4.86,4.99,4.26,5.2,3.68,3.83,4.55,3.24,4.28,4.65,4.16,20.36389
318,Bassey,FUL,10,2,4.4,d,,True,1358,True,0.0,0.0,0.16,0.31,0.43,0.66,0.51,0.75,0.45,0.73,0.78,0.81,0.66,0.86,0.53,0.56,0.72,0.44,0.66,0.74,0.16,2.280747
319,Castagne,FUL,10,2,4.3,a,,True,584,True,0.0,0.0,1.03,1.04,1.02,1.07,0.99,1.08,0.95,1.06,1.08,1.15,1.05,1.18,0.98,1.01,1.08,0.93,1.08,1.08,1.03,5.100831
320,Diop,FUL,10,2,4.3,d,,True,230,True,0.0,0.0,0.29,0.32,0.35,0.39,0.39,0.39,0.39,0.39,0.39,0.39,0.39,0.39,0.39,0.39,0.39,0.38,0.39,0.39,0.29,1.73292
321,J.Cuenca,FUL,10,2,4.3,a,,True,438,False,0.0,0.0,2.62,2.54,2.41,2.66,2.16,3.03,2.0,2.96,3.14,3.12,2.68,3.26,2.28,2.36,2.88,2.0,2.63,2.96,2.62,12.716466
322,Tete,FUL,10,2,4.5,a,,True,1346,True,0.0,0.0,2.46,2.45,2.31,2.57,2.11,2.8,1.93,2.71,2.87,3.01,2.53,3.15,2.16,2.27,2.71,1.88,2.58,2.76,2.46,12.09134
323,Amissah,FUL,10,2,3.8,a,,True,0,False,0.0,0.0,0.0,0.0,0.0,0.0,0.0,0.0,0.0,0.0,0.0,0.0,0.0,0.0,0.0,0.0,0.0,0.0,0.0,0.0,0.0,0.0
324,Iwobi,FUL,10,3,6.3,d,,True,1329,True,0.0,0.0,0.17,0.36,0.51,0.75,0.66,0.74,0.6,0.71,0.74,0.85,0.71,0.88,0.64,0.68,0.74,0.56,0.77,0.74,0.17,2.549416
325,Smith Rowe,FUL,10,3,5.6,a,,True,747,True,0.0,0.0,3.72,3.93,3.68,4.18,3.56,4.07,3.19,3.84,4.07,4.88,3.89,5.11,3.39,3.7,4.12,2.87,4.36,4.1,3.72,18.92078
326,Adama,FUL,10,3,5.1,a,,True,255,True,0.0,0.0,0.74,0.75,0.74,0.76,0.74,0.75,0.73,0.75,0.75,0.78,0.75,0.78,0.74,0.75,0.76,0.72,0.77,0.75,0.74,3.667691
327,Andreas,FUL,10,3,5.3,a,,True,0,True,0.0,0.0,0.0,0.0,0.0,0.0,0.0,0.0,0.0,0.0,0.0,0.0,0.0,0.0,0.0,0.0,0.0,0.0,0.0,0.0,0.0,0.0
328,Sessegnon,FUL,10,3,5.4,d,,True,1106,False,0.0,0.0,0.06,0.12,0.17,0.25,0.22,0.25,0.21,0.24,0.25,0.28,0.24,0.29,0.22,0.23,0.25,0.19,0.26,0.25,0.06,0.858809
329,Wilson,FUL,10,3,5.8,a,,True,1323,True,0.0,0.0,4.07,4.33,4.03,4.62,3.9,4.48,3.47,4.21,4.47,5.43,4.27,5.69,3.69,4.06,4.54,3.08,4.83,4.52,4.07,20.785175
330,Berge,FUL,10,3,4.9,a,,True,1615,True,0.0,0.0,2.44,2.45,2.4,2.51,2.34,2.57,2.26,2.53,2.59,2.7,2.47,2.76,2.33,2.39,2.55,2.22,2.53,2.56,2.44,12.054587
331,Cairney,FUL,10,3,4.8,a,,True,252,True,0.0,0.0,0.95,0.98,0.95,1.0,0.94,0.98,0.9,0.95,0.98,1.08,0.97,1.1,0.92,0.95,0.99,0.86,1.03,0.99,0.95,4.743856
332,Lukić,FUL,10,3,4.9,a,,True,1036,True,0.0,0.0,2.58,2.67,2.55,2.79,2.48,2.77,2.3,2.67,2.78,3.14,2.66,3.26,2.41,2.55,2.78,2.16,2.87,2.78,2.58,12.963779
333,Godo,FUL,10,3,4.5,a,,True,0,False,0.0,0.0,0.0,0.0,0.0,0.0,0.0,0.0,0.0,0.0,0.0,0.0,0.0,0.0,0.0,0.0,0.0,0.0,0.0,0.0,0.0,0.0
334,Harris,FUL,10,3,4.5,a,,True,0,False,0.0,0.0,0.0,0.0,0.0,0.0,0.0,0.0,0.0,0.0,0.0,0.0,0.0,0.0,0.0,0.0,0.0,0.0,0.0,0.0,0.0,0.0
335,King,FUL,10,3,4.5,d,,True,863,False,0.0,0.0,0.51,0.58,0.62,0.71,0.67,0.7,0.66,0.69,0.7,0.74,0.69,0.76,0.67,0.68,0.7,0.64,0.72,0.7,0.51,3.084738
336,Reed,FUL,10,3,4.3,a,,True,6,False,0.0,0.0,0.44,0.44,0.44,0.45,0.44,0.44,0.43,0.44,0.44,0.46,0.44,0.46,0.43,0.44,0.45,0.43,0.45,0.44,0.44,2.166951
337,Raúl,FUL,10,4,6.2,a,,True,1134,True,0.0,0.0,3.87,4.16,3.87,4.45,3.78,4.2,3.35,3.93,4.17,5.21,4.07,5.45,3.54,3.91,4.31,2.93,4.69,4.27,3.87,19.863187
338,Muniz,FUL,10,4,5.3,d,,True,348,True,0.0,0.0,0.0,0.01,0.01,0.02,0.02,0.02,0.01,0.02,0.02,0.02,0.02,0.02,0.01,0.02,0.02,0.01,0.02,0.02,0.0,0.060138
339,Meslier,LEE,11,1,4.2,a,,True,0,False,0.0,0.0,0.0,0.0,0.0,0.0,0.0,0.0,0.0,0.0,0.0,0.0,0.0,0.0,0.0,0.0,0.0,0.0,0.0,0.0,0.0,0.0
340,Cairns,LEE,11,1,3.9,a,,True,0,False,0.0,0.0,0.0,0.0,0.0,0.0,0.0,0.0,0.0,0.0,0.0,0.0,0.0,0.0,0.0,0.0,0.0,0.0,0.0,0.0,0.0,0.0
341,Darlow,LEE,11,1,3.9,d,,True,450,False,0.0,0.0,0.0,0.0,0.0,0.0,0.0,0.0,0.0,0.0,0.0,0.0,0.0,0.0,0.0,0.0,0.0,0.0,0.0,0.0,0.0,0.0
342,Bogle,LEE,11,2,4.4,a,,True,1580,False,0.0,0.0,2.04,1.92,2.38,2.15,1.82,2.47,1.76,2.04,1.86,2.65,1.81,2.21,1.74,4.56,0.0,2.76,2.23,2.19,2.04,10.275405
343,Struijk,LEE,11,2,4.3,a,,True,1448,False,0.0,0.0,3.58,3.35,4.15,3.73,3.15,4.3,3.1,3.56,3.26,4.6,3.18,3.86,3.06,7.99,0.0,4.82,3.87,3.83,3.58,17.935917
344,Bijol,LEE,11,2,3.9,a,,True,802,False,0.0,0.0,3.45,3.23,4.0,3.6,3.04,4.14,2.98,3.42,3.14,4.44,3.06,3.72,2.94,7.69,0.0,4.64,3.74,3.69,3.45,17.284652
345,Bornauw,LEE,11,2,3.8,a,,True,84,False,0.0,0.0,1.12,1.07,1.35,1.22,1.04,1.38,0.96,1.14,1.04,1.52,1.0,1.22,0.94,2.52,0.0,1.51,1.28,1.2,1.12,5.743535
346,Byram,LEE,11,2,3.8,a,,True,7,False,0.0,0.0,0.0,0.0,0.0,0.0,0.0,0.0,0.0,0.0,0.0,0.0,0.0,0.0,0.0,0.0,0.0,0.0,0.0,0.0,0.0,0.0
347,Gudmundsson,LEE,11,2,3.8,a,,True,1560,False,0.0,0.0,3.5,3.24,4.06,3.63,3.01,4.22,3.0,3.46,3.15,4.52,3.07,3.78,2.96,7.84,0.0,4.78,3.77,3.76,3.5,17.45958
348,Rodon,LEE,11,2,3.9,d,,True,1560,False,0.0,0.0,1.04,1.08,1.46,1.44,1.22,1.65,1.21,1.38,1.27,1.75,1.24,1.49,1.2,3.07,0.0,1.84,1.49,1.48,1.04,6.322995
349,Schmidt,LEE,11,2,4.0,a,,True,0,False,0.0,0.0,0.0,0.0,0.0,0.0,0.0,0.0,0.0,0.0,0.0,0.0,0.0,0.0,0.0,0.0,0.0,0.0,0.0,0.0,0.0,0.0
350,Aaronson,LEE,11,3,5.4,a,,True,1066,False,0.0,0.0,3.25,2.98,3.36,3.08,2.63,3.54,2.98,3.11,2.92,3.5,2.92,3.37,2.97,6.98,0.0,4.14,3.08,3.44,3.25,15.492315
351,Gnonto,LEE,11,3,5.2,d,,True,306,False,0.0,0.0,0.44,0.48,0.54,0.58,0.56,0.6,0.58,0.58,0.57,0.6,0.57,0.59,0.58,1.2,0.0,0.63,0.58,0.6,0.44,2.612097
352,Harrison,LEE,11,3,5.1,a,,True,262,True,0.0,0.0,0.1,0.1,0.1,0.1,0.1,0.1,0.1,0.1,0.1,0.1,0.1,0.1,0.1,0.2,0.0,0.1,0.1,0.1,0.1,0.492092
353,James,LEE,11,3,5.2,d,,True,348,False,0.0,0.0,0.01,0.03,0.04,0.05,0.05,0.06,0.05,0.05,0.05,0.06,0.05,0.06,0.05,0.12,0.0,0.07,0.05,0.06,0.01,0.191153
354,Ampadu,LEE,11,3,4.9,a,,True,1499,False,0.0,0.0,3.73,3.57,3.84,3.66,3.37,3.95,3.54,3.65,3.53,3.96,3.52,3.82,3.54,7.78,0.0,4.3,3.68,3.85,3.73,18.128036
355,Greenwood,LEE,11,3,4.9,a,,True,0,False,0.0,0.0,0.0,0.0,0.0,0.0,0.0,0.0,0.0,0.0,0.0,0.0,0.0,0.0,0.0,0.0,0.0,0.0,0.0,0.0,0.0,0.0
356,Gruev,LEE,11,3,4.7,a,,True,481,False,0.0,0.0,1.3,1.26,1.35,1.3,1.22,1.37,1.25,1.29,1.25,1.4,1.25,1.33,1.24,2.7,0.0,1.46,1.31,1.33,1.3,6.382368
357,Ramazani,LEE,11,3,4.9,a,,True,0,False,0.0,0.0,0.0,0.0,0.0,0.0,0.0,0.0,0.0,0.0,0.0,0.0,0.0,0.0,0.0,0.0,0.0,0.0,0.0,0.0,0.0,0.0
358,Tanaka,LEE,11,3,4.8,a,,True,693,False,0.0,0.0,1.48,1.41,1.5,1.43,1.32,1.55,1.41,1.44,1.4,1.53,1.4,1.51,1.41,3.07,0.0,1.69,1.43,1.52,1.48,7.140224
359,Crew,LEE,11,3,4.5,a,,True,0,False,0.0,0.0,0.0,0.0,0.0,0.0,0.0,0.0,0.0,0.0,0.0,0.0,0.0,0.0,0.0,0.0,0.0,0.0,0.0,0.0,0.0,0.0
360,Gelhardt,LEE,11,3,4.5,a,,True,0,False,0.0,0.0,0.0,0.0,0.0,0.0,0.0,0.0,0.0,0.0,0.0,0.0,0.0,0.0,0.0,0.0,0.0,0.0,0.0,0.0,0.0,0.0
361,Gyabi,LEE,11,3,4.5,a,,True,0,False,0.0,0.0,0.0,0.0,0.0,0.0,0.0,0.0,0.0,0.0,0.0,0.0,0.0,0.0,0.0,0.0,0.0,0.0,0.0,0.0,0.0,0.0
362,Piroe,LEE,11,4,4.9,d,,True,198,False,0.0,0.0,0.06,0.13,0.19,0.26,0.25,0.26,0.26,0.26,0.25,0.26,0.25,0.26,0.26,0.52,0.0,0.26,0.26,0.26,0.06,0.923793
363,Bamford,LEE,11,4,4.9,a,,True,0,False,0.0,0.0,0.0,0.0,0.0,0.0,0.0,0.0,0.0,0.0,0.0,0.0,0.0,0.0,0.0,0.0,0.0,0.0,0.0,0.0,0.0,0.0
364,Mateo Joseph,LEE,11,4,5.0,a,,True,0,False,0.0,0.0,0.0,0.0,0.0,0.0,0.0,0.0,0.0,0.0,0.0,0.0,0.0,0.0,0.0,0.0,0.0,0.0,0.0,0.0,0.0,0.0
365,Nmecha,LEE,11,4,5.0,a,,True,575,False,0.0,0.0,2.51,2.26,2.55,2.31,1.92,2.71,2.29,2.36,2.21,2.62,2.22,2.6,2.29,5.39,0.0,3.26,2.29,2.68,2.51,11.779731
366,A.Becker,LIV,12,1,5.4,a,,True,1260,True,0.0,0.0,3.86,3.42,4.39,3.62,3.98,3.67,4.14,3.92,4.28,4.14,4.29,3.64,4.13,3.93,3.88,3.54,3.82,3.81,3.86,19.034608
367,Mamardashvili,LIV,12,1,4.2,d,,True,450,False,0.0,0.0,0.01,0.02,0.03,0.04,0.04,0.04,0.04,0.04,0.05,0.04,0.05,0.04,0.04,0.04,0.04,0.04,0.04,0.04,0.01,0.146749
368,Pécsi,LIV,12,1,3.9,a,,True,0,False,0.0,0.0,0.0,0.0,0.0,0.0,0.0,0.0,0.0,0.0,0.0,0.0,0.0,0.0,0.0,0.0,0.0,0.0,0.0,0.0,0.0,0.0
369,Woodman,LIV,12,1,3.9,a,,True,0,False,0.0,0.0,0.0,0.0,0.0,0.0,0.0,0.0,0.0,0.0,0.0,0.0,0.0,0.0,0.0,0.0,0.0,0.0,0.0,0.0,0.0,0.0
370,Frimpong,LIV,12,2,5.7,a,,True,286,False,0.0,0.0,2.58,1.88,3.5,2.4,2.75,2.32,2.88,2.69,3.33,2.96,3.07,2.39,2.94,2.64,2.64,2.21,2.61,2.54,2.58,12.921128
371,Kerkez,LIV,12,2,5.6,a,,True,1233,True,0.0,0.0,2.34,1.81,2.98,2.15,2.47,2.13,2.59,2.42,2.86,2.63,2.74,2.16,2.62,2.39,2.37,2.02,2.34,2.3,2.34,11.609102
372,Robertson,LIV,12,2,5.8,a,,True,481,True,0.0,0.0,1.8,1.39,2.27,1.64,1.89,1.64,1.99,1.85,2.18,2.02,2.1,1.65,2.01,1.84,1.82,1.55,1.79,1.76,1.8,8.893619
373,Virgil,LIV,12,2,5.9,a,,True,1710,True,0.0,0.0,4.33,3.45,5.35,3.97,4.54,3.98,4.78,4.45,5.15,4.82,5.02,3.99,4.8,4.43,4.38,3.77,4.3,4.25,4.33,21.404795
374,Konaté,LIV,12,2,5.4,a,,True,1606,True,0.0,0.0,4.13,3.23,5.18,3.78,4.34,3.78,4.57,4.25,4.98,4.62,4.82,3.79,4.6,4.23,4.18,3.57,4.11,4.06,4.13,20.434048
375,Bradley,LIV,12,2,5.0,a,,True,748,True,0.0,0.0,1.85,1.37,2.46,1.71,1.97,1.67,2.07,1.92,2.34,2.11,2.2,1.7,2.1,1.9,1.89,1.58,1.86,1.82,1.85,9.234203
376,Gomez,LIV,12,2,4.9,d,,True,244,False,0.0,0.0,0.09,0.14,0.35,0.35,0.38,0.33,0.38,0.37,0.45,0.4,0.4,0.34,0.39,0.36,0.36,0.33,0.37,0.35,0.09,1.339863
377,Tsimikas,LIV,12,2,4.8,a,,True,0,True,0.0,0.0,0.0,0.0,0.0,0.0,0.0,0.0,0.0,0.0,0.0,0.0,0.0,0.0,0.0,0.0,0.0,0.0,0.0,0.0,0.0,0.0
378,Nallo,LIV,12,2,3.7,a,,True,0,False,0.0,0.0,0.0,0.0,0.0,0.0,0.0,0.0,0.0,0.0,0.0,0.0,0.0,0.0,0.0,0.0,0.0,0.0,0.0,0.0,0.0,0.0
379,R.Williams,LIV,12,2,3.8,a,,True,0,False,0.0,0.0,0.0,0.0,0.0,0.0,0.0,0.0,0.0,0.0,0.0,0.0,0.0,0.0,0.0,0.0,0.0,0.0,0.0,0.0,0.0,0.0
380,Ramsay,LIV,12,2,3.8,a,,True,0,False,0.0,0.0,0.0,0.0,0.0,0.0,0.0,0.0,0.0,0.0,0.0,0.0,0.0,0.0,0.0,0.0,0.0,0.0,0.0,0.0,0.0,0.0
381,M.Salah,LIV,12,3,14.0,d,,True,1183,True,0.0,0.0,0.15,0.22,0.63,0.63,0.62,0.55,0.61,0.62,0.8,0.66,0.65,0.6,0.65,0.58,0.61,0.56,0.63,0.59,0.15,2.274105
382,Wirtz,LIV,12,3,8.2,a,,True,1239,False,0.0,0.0,3.85,3.03,5.23,4.07,4.08,3.65,4.01,4.05,5.02,4.26,4.23,3.93,4.23,3.86,4.0,3.71,4.09,3.89,3.85,19.690608
383,Luis Díaz,LIV,12,3,8.0,a,,True,0,True,0.0,0.0,0.0,0.0,0.0,0.0,0.0,0.0,0.0,0.0,0.0,0.0,0.0,0.0,0.0,0.0,0.0,0.0,0.0,0.0,0.0,0.0
384,Gakpo,LIV,12,3,7.3,a,,True,1164,True,0.0,0.0,1.39,1.14,1.83,1.49,1.46,1.34,1.42,1.46,1.76,1.51,1.49,1.44,1.5,1.39,1.44,1.37,1.48,1.41,1.39,7.097685
385,Chiesa,LIV,12,3,6.3,a,,True,222,False,0.0,0.0,1.61,1.34,2.11,1.7,1.69,1.54,1.66,1.68,2.03,1.75,1.74,1.65,1.74,1.61,1.66,1.57,1.7,1.63,1.61,8.21204
386,Mac Allister,LIV,12,3,6.2,a,,True,1206,True,0.0,0.0,2.18,1.85,2.74,2.25,2.27,2.09,2.25,2.26,2.65,2.35,2.34,2.2,2.33,2.18,2.23,2.11,2.27,2.19,2.18,11.009753
387,Szoboszlai,LIV,12,3,6.6,a,,True,1612,True,0.0,0.0,2.8,2.23,3.76,2.94,2.96,2.65,2.91,2.94,3.6,3.09,3.07,2.85,3.06,2.81,2.9,2.7,2.96,2.83,2.8,14.283361
388,C.Jones,LIV,12,3,5.4,a,,True,880,True,0.0,0.0,3.26,2.78,4.08,3.35,3.4,3.13,3.38,3.38,3.94,3.52,3.52,3.28,3.5,3.28,3.34,3.15,3.39,3.28,3.26,16.464581
389,Elliott,AVL,2,3,5.1,a,,True,97,False,0.0,0.0,0.0,0.0,0.0,0.0,0.0,0.0,0.0,0.0,0.0,0.0,0.0,0.0,0.0,0.0,0.0,0.0,0.0,0.0,0.0,0.0
390,Gravenberch,LIV,12,3,5.7,a,,True,1501,True,0.0,0.0,3.6,3.07,4.44,3.69,3.75,3.46,3.73,3.72,4.3,3.87,3.87,3.62,3.85,3.62,3.69,3.48,3.73,3.62,3.6,18.116744
391,Gannon-Doak,BOU,4,3,4.8,a,,True,53,False,0.0,0.0,0.0,0.0,0.0,0.0,0.0,0.0,0.0,0.0,0.0,0.0,0.0,0.0,0.0,0.01,0.0,0.0,0.0,0.0,0.0,0.00055
392,Endo,LIV,12,3,4.9,a,,True,43,False,0.0,0.0,0.05,0.05,0.05,0.05,0.05,0.05,0.05,0.05,0.05,0.05,0.05,0.05,0.05,0.05,0.05,0.05,0.05,0.05,0.05,0.245496
393,Bajcetic,LIV,12,3,4.3,a,,True,0,False,0.0,0.0,0.0,0.0,0.0,0.0,0.0,0.0,0.0,0.0,0.0,0.0,0.0,0.0,0.0,0.0,0.0,0.0,0.0,0.0,0.0,0.0
394,McConnell,LIV,12,3,4.4,a,,True,0,False,0.0,0.0,0.0,0.0,0.0,0.0,0.0,0.0,0.0,0.0,0.0,0.0,0.0,0.0,0.0,0.0,0.0,0.0,0.0,0.0,0.0,0.0
395,Morton,LIV,12,3,4.5,a,,True,0,False,0.0,0.0,0.0,0.0,0.0,0.0,0.0,0.0,0.0,0.0,0.0,0.0,0.0,0.0,0.0,0.0,0.0,0.0,0.0,0.0,0.0,0.0
396,Nyoni,LIV,12,3,4.3,a,,True,2,False,0.0,0.0,0.39,0.39,0.39,0.39,0.39,0.39,0.39,0.39,0.39,0.39,0.39,0.39,0.39,0.39,0.39,0.39,0.39,0.39,0.39,1.914872
397,Darwin,LIV,12,4,6.5,a,,True,0,True,0.0,0.0,0.0,0.0,0.0,0.0,0.0,0.0,0.0,0.0,0.0,0.0,0.0,0.0,0.0,0.0,0.0,0.0,0.0,0.0,0.0,0.0
398,Danns,LIV,12,4,4.3,a,,True,0,False,0.0,0.0,0.0,0.0,0.0,0.0,0.0,0.0,0.0,0.0,0.0,0.0,0.0,0.0,0.0,0.0,0.0,0.0,0.0,0.0,0.0,0.0
399,Ederson M.,MCI,13,1,5.3,a,,True,0,True,0.0,0.0,0.0,0.0,0.0,0.0,0.0,0.0,0.0,0.0,0.0,0.0,0.0,0.0,0.0,0.0,0.0,0.0,0.0,0.0,0.0,0.0
400,Ortega Moreno,MCI,13,1,4.7,a,,True,0,True,0.0,0.0,0.0,0.0,0.0,0.0,0.0,0.0,0.0,0.0,0.0,0.0,0.0,0.0,0.0,0.0,0.0,0.0,0.0,0.0,0.0,0.0
401,Bettinelli,MCI,13,1,3.9,a,,True,0,False,0.0,0.0,0.0,0.0,0.0,0.0,0.0,0.0,0.0,0.0,0.0,0.0,0.0,0.0,0.0,0.0,0.0,0.0,0.0,0.0,0.0,0.0
402,Aït-Nouri,MCI,13,2,5.7,d,,True,204,True,0.0,0.0,0.02,0.05,0.07,0.09,0.09,0.09,0.09,0.09,0.09,0.09,0.09,0.0,0.09,0.18,0.0,0.09,0.18,0.09,0.02,0.322885
403,Gvardiol,MCI,13,2,6.1,a,,True,1251,True,0.0,0.0,3.3,3.49,2.87,4.04,3.33,2.86,3.6,3.41,3.09,3.76,3.65,0.0,2.89,6.58,0.0,3.27,6.77,3.12,3.3,16.308457
404,Akanji,MCI,13,2,5.4,a,,True,0,True,0.0,0.0,0.0,0.0,0.0,0.0,0.0,0.0,0.0,0.0,0.0,0.0,0.0,0.0,0.0,0.0,0.0,0.0,0.0,0.0,0.0,0.0
405,Aké,MCI,13,2,5.3,a,,True,313,True,0.0,0.0,1.73,1.8,1.53,2.11,1.84,1.57,1.92,1.83,1.65,1.97,1.87,0.0,1.54,3.53,0.0,1.79,3.58,1.6,1.73,8.626428
406,Khusanov,MCI,13,2,5.4,d,,True,250,False,0.0,0.0,0.03,0.07,0.1,0.14,0.14,0.14,0.14,0.14,0.14,0.14,0.14,0.0,0.14,0.28,0.0,0.14,0.28,0.14,0.03,0.489244
407,Matheus N.,MCI,13,2,5.4,a,,True,1413,True,0.0,0.0,4.61,4.85,4.01,5.67,4.79,4.07,5.1,4.83,4.35,5.28,5.05,0.0,4.05,9.29,0.0,4.66,9.51,4.3,4.61,22.903165
408,Rúben,MCI,13,2,5.7,a,,True,1625,True,0.0,0.0,3.93,4.1,3.41,4.86,4.19,3.52,4.4,4.16,3.73,4.52,4.27,0.0,3.45,8.02,0.0,4.06,8.14,3.6,3.93,19.598189
409,Stones,MCI,13,2,5.4,d,,True,351,False,0.0,0.0,0.01,0.03,0.04,0.05,0.05,0.05,0.05,0.05,0.05,0.05,0.05,0.0,0.05,0.1,0.0,0.05,0.1,0.05,0.01,0.180759
410,Lewis,MCI,13,2,4.7,d,,True,204,True,0.0,0.0,0.08,0.16,0.24,0.33,0.32,0.31,0.33,0.32,0.32,0.33,0.33,0.0,0.32,0.64,0.0,0.32,0.65,0.33,0.08,1.144402
411,O'Reilly,MCI,13,2,5.3,a,,True,1369,False,0.0,0.0,3.22,3.42,2.79,3.96,3.26,2.78,3.52,3.34,3.01,3.69,3.58,0.0,2.82,6.44,0.0,3.19,6.62,3.04,3.22,15.93808
412,Vitor Reis,MCI,13,2,5.0,a,,True,0,False,0.0,0.0,0.0,0.0,0.0,0.0,0.0,0.0,0.0,0.0,0.0,0.0,0.0,0.0,0.0,0.0,0.0,0.0,0.0,0.0,0.0,0.0
413,Marmoush,MCI,13,3,8.3,d,,True,204,True,0.0,0.0,0.06,0.12,0.17,0.24,0.22,0.22,0.23,0.23,0.22,0.24,0.24,0.0,0.22,0.45,0.0,0.22,0.46,0.23,0.06,0.819026
414,Foden,MCI,13,3,8.9,a,,True,1405,True,0.0,0.0,4.98,5.34,4.46,5.83,4.61,4.21,5.15,4.95,4.62,5.5,5.6,0.0,4.47,9.63,0.0,4.62,10.04,4.99,4.98,24.255989
415,Savinho,MCI,13,3,6.9,a,,True,531,True,0.0,0.0,1.66,1.75,1.53,1.85,1.54,1.46,1.68,1.63,1.56,1.77,1.81,0.0,1.54,3.21,0.0,1.55,3.32,1.67,1.66,8.039362
416,Bernardo,MCI,13,3,6.2,a,,True,1313,True,0.0,0.0,3.0,3.12,2.8,3.36,2.95,2.75,3.12,3.03,2.88,3.22,3.21,0.0,2.81,5.95,0.0,2.93,6.07,2.96,3.0,14.691928
417,Cherki,MCI,13,3,6.8,a,,True,727,False,0.0,0.0,5.68,6.1,5.08,6.64,5.23,4.77,5.85,5.63,5.26,6.26,6.4,0.0,5.09,10.93,0.0,5.24,11.44,5.7,5.68,27.625631
418,Doku,MCI,13,3,6.4,a,,True,974,True,0.0,0.0,1.27,1.34,1.16,1.44,1.18,1.11,1.3,1.26,1.19,1.37,1.4,0.0,1.16,2.46,0.0,1.19,2.55,1.27,1.27,6.16481
419,Grealish,EVE,9,3,6.5,a,,True,1358,True,0.0,0.0,1.96,2.15,1.82,1.95,1.84,1.8,2.08,1.9,1.75,2.37,1.47,1.9,1.81,1.82,2.08,1.72,1.72,2.02,1.96,9.533487
420,Gündoğan,MCI,13,3,6.3,a,,True,0,True,0.0,0.0,0.0,0.0,0.0,0.0,0.0,0.0,0.0,0.0,0.0,0.0,0.0,0.0,0.0,0.0,0.0,0.0,0.0,0.0,0.0,0.0
421,Rodrigo,MCI,13,3,6.3,a,,True,337,False,0.0,0.0,0.52,0.54,0.5,0.56,0.5,0.49,0.53,0.52,0.51,0.54,0.55,0.0,0.5,1.03,0.0,0.5,1.05,0.53,0.52,2.539235
422,Kovačić,MCI,13,3,5.9,a,,True,4,True,0.0,0.0,0.0,0.0,0.0,0.0,0.0,0.0,0.0,0.0,0.0,0.0,0.0,0.0,0.0,0.0,0.0,0.0,0.0,0.0,0.0,0.0
423,N.Gonzalez,MCI,13,3,5.9,a,,True,1268,True,0.0,0.0,2.2,2.27,2.09,2.4,2.18,2.07,2.27,2.22,2.14,2.33,2.31,0.0,2.1,4.38,0.0,2.17,4.44,2.18,2.2,10.769572
424,Bobb,MCI,13,3,5.1,d,,True,464,False,0.0,0.0,0.0,0.01,0.01,0.01,0.01,0.01,0.01,0.01,0.01,0.01,0.01,0.0,0.01,0.02,0.0,0.01,0.03,0.01,0.0,0.038913
425,Echeverri,MCI,13,3,5.4,a,,True,0,False,0.0,0.0,0.0,0.0,0.0,0.0,0.0,0.0,0.0,0.0,0.0,0.0,0.0,0.0,0.0,0.0,0.0,0.0,0.0,0.0,0.0,0.0
426,McAtee,NFO,16,3,5.0,a,,True,148,False,0.0,0.0,0.18,0.18,0.17,0.18,0.18,0.18,0.18,0.18,0.18,0.17,0.18,0.17,0.18,0.19,0.18,0.17,0.18,0.17,0.18,0.875159
427,Reijnders,MCI,13,3,5.2,a,,True,1173,False,0.0,0.0,2.54,2.67,2.34,2.86,2.42,2.26,2.61,2.54,2.41,2.73,2.76,0.0,2.35,4.97,0.0,2.42,5.11,2.53,2.54,12.374349
428,Nypan,MCI,13,3,5.0,a,,True,0,False,0.0,0.0,0.0,0.0,0.0,0.0,0.0,0.0,0.0,0.0,0.0,0.0,0.0,0.0,0.0,0.0,0.0,0.0,0.0,0.0,0.0,0.0
429,Phillips,MCI,13,3,4.8,a,,True,0,True,0.0,0.0,0.0,0.0,0.0,0.0,0.0,0.0,0.0,0.0,0.0,0.0,0.0,0.0,0.0,0.0,0.0,0.0,0.0,0.0,0.0,0.0
430,Haaland,MCI,13,4,15.1,a,,True,1642,True,0.0,0.0,7.11,7.72,6.29,8.35,6.31,5.78,7.24,6.95,6.49,7.85,8.14,0.0,6.3,13.5,0.0,6.38,14.25,7.22,7.11,34.400547
431,Bayindir,MUN,14,1,4.8,d,,True,540,False,0.0,0.0,0.0,0.0,0.0,0.0,0.0,0.0,0.0,0.0,0.0,0.0,0.0,0.0,0.0,0.0,0.0,0.0,0.0,0.0,0.0,0.0
432,Onana,MUN,14,1,4.9,a,,True,0,True,0.0,0.0,0.0,0.0,0.0,0.0,0.0,0.0,0.0,0.0,0.0,0.0,0.0,0.0,0.0,0.0,0.0,0.0,0.0,0.0,0.0,0.0
433,Harrison,MUN,14,1,4.0,a,,True,0,False,0.0,0.0,0.0,0.0,0.0,0.0,0.0,0.0,0.0,0.0,0.0,0.0,0.0,0.0,0.0,0.0,0.0,0.0,0.0,0.0,0.0,0.0
434,Heaton,MUN,14,1,3.9,a,,True,0,False,0.0,0.0,0.0,0.0,0.0,0.0,0.0,0.0,0.0,0.0,0.0,0.0,0.0,0.0,0.0,0.0,0.0,0.0,0.0,0.0,0.0,0.0
435,Mee,MUN,14,1,3.9,a,,True,0,False,0.0,0.0,0.0,0.0,0.0,0.0,0.0,0.0,0.0,0.0,0.0,0.0,0.0,0.0,0.0,0.0,0.0,0.0,0.0,0.0,0.0,0.0
436,De Ligt,MUN,14,2,4.9,d,,True,1170,True,0.0,0.0,0.03,0.09,0.1,0.1,0.17,0.18,0.16,0.15,0.15,0.13,0.16,0.13,0.16,0.12,0.16,0.15,0.16,0.17,0.03,0.528414
437,Martinez,MUN,14,2,4.8,a,,True,274,True,0.0,0.0,2.34,2.93,2.25,1.84,2.84,2.99,2.78,2.56,2.54,2.31,2.8,2.29,2.7,2.15,2.66,2.52,2.8,2.95,2.34,12.362914
438,Mazraoui,MUN,14,2,4.9,d,,True,439,True,0.0,0.0,0.07,0.17,0.2,0.22,0.33,0.35,0.32,0.3,0.29,0.27,0.32,0.26,0.31,0.25,0.31,0.29,0.33,0.34,0.07,1.060712
439,D.Leon,MUN,14,2,4.2,a,,True,0,False,0.0,0.0,0.0,0.0,0.0,0.0,0.0,0.0,0.0,0.0,0.0,0.0,0.0,0.0,0.0,0.0,0.0,0.0,0.0,0.0,0.0,0.0
440,Dalot,MUN,14,2,4.5,a,,True,1224,True,0.0,0.0,3.4,4.41,3.23,2.54,4.2,4.42,4.15,3.73,3.72,3.34,4.15,3.36,3.98,3.1,3.94,3.66,4.11,4.4,3.4,18.101856
441,Dorgu,MUN,14,2,4.2,a,,True,979,True,0.0,0.0,2.71,3.52,2.58,2.03,3.35,3.53,3.31,2.98,2.97,2.66,3.31,2.68,3.18,2.47,3.14,2.92,3.28,3.51,2.71,14.445516
442,Maguire,MUN,14,2,4.3,d,,True,341,True,0.0,0.0,0.01,0.01,0.01,0.02,0.03,0.03,0.02,0.02,0.02,0.02,0.02,0.02,0.02,0.02,0.02,0.02,0.02,0.03,0.01,0.081397
443,Shaw,MUN,14,2,4.5,a,,True,1638,False,0.0,0.0,2.56,3.22,2.47,2.03,3.24,3.48,3.03,2.91,2.83,2.55,3.15,2.38,3.0,2.28,2.93,2.82,3.25,3.33,2.56,13.713927
444,Yoro,MUN,14,2,4.2,a,,True,1042,True,0.0,0.0,1.41,1.61,1.38,1.25,1.59,1.65,1.56,1.5,1.48,1.41,1.58,1.38,1.54,1.34,1.52,1.48,1.59,1.63,1.41,7.242273
445,Amass,MUN,14,2,4.0,a,,True,0,False,0.0,0.0,0.0,0.0,0.0,0.0,0.0,0.0,0.0,0.0,0.0,0.0,0.0,0.0,0.0,0.0,0.0,0.0,0.0,0.0,0.0,0.0
446,Fredricson,MUN,14,2,3.8,a,,True,2,False,0.0,0.0,0.24,0.24,0.24,0.24,0.24,0.24,0.24,0.24,0.24,0.24,0.24,0.24,0.24,0.24,0.24,0.24,0.24,0.24,0.24,1.178383
447,Heaven,MUN,14,2,3.9,a,,True,485,False,0.0,0.0,2.97,3.6,2.89,2.47,3.61,3.83,3.43,3.3,3.22,2.96,3.53,2.82,3.39,2.71,3.33,3.22,3.62,3.7,2.97,15.674804
448,Malacia,MUN,14,2,3.8,a,,True,2,False,0.0,0.0,0.24,0.24,0.24,0.24,0.24,0.24,0.24,0.24,0.24,0.24,0.24,0.24,0.24,0.24,0.24,0.24,0.24,0.24,0.24,1.178383
449,B.Fernandes,MUN,14,3,9.1,d,,True,1475,True,0.0,0.0,0.37,0.97,1.04,1.07,1.66,1.65,1.84,1.48,1.56,1.42,1.7,1.63,1.68,1.44,1.69,1.5,1.54,1.79,0.37,5.553009
450,Cunha,MUN,14,3,8.2,a,,True,1209,True,0.0,0.0,4.43,5.59,4.17,3.34,4.92,4.91,5.34,4.43,4.64,4.27,5.01,4.77,4.93,4.29,4.97,4.47,4.62,5.25,4.43,22.731915
451,Rashford,MUN,14,3,7.0,a,,True,0,True,0.0,0.0,0.0,0.0,0.0,0.0,0.0,0.0,0.0,0.0,0.0,0.0,0.0,0.0,0.0,0.0,0.0,0.0,0.0,0.0,0.0,0.0
452,Amad,MUN,14,3,6.3,d,,True,1203,True,0.0,0.0,0.22,0.57,0.63,0.68,1.0,1.0,1.08,0.9,0.94,0.86,1.01,0.96,1.0,0.87,1.01,0.9,0.94,1.06,0.22,3.343506
453,Garnacho,CHE,7,3,6.4,a,,True,759,True,0.0,0.0,2.43,2.8,3.11,2.65,3.73,3.11,3.09,3.91,2.17,2.83,2.98,2.8,2.65,5.87,0.0,3.28,2.57,3.07,2.43,14.260187
454,Antony,MUN,14,3,5.9,a,,True,0,False,0.0,0.0,0.0,0.0,0.0,0.0,0.0,0.0,0.0,0.0,0.0,0.0,0.0,0.0,0.0,0.0,0.0,0.0,0.0,0.0,0.0,0.0
455,Mount,MUN,14,3,5.9,d,,True,782,True,0.0,0.0,1.2,1.67,1.39,1.24,1.77,1.76,1.91,1.6,1.67,1.55,1.8,1.72,1.77,1.56,1.79,1.62,1.66,1.88,1.2,7.459843
456,Sancho,AVL,2,3,5.8,a,,True,217,True,0.0,0.0,1.77,1.53,1.71,1.56,1.7,1.64,1.72,1.7,1.71,1.66,1.55,1.92,1.65,1.76,1.59,1.71,1.83,1.6,1.77,8.197064
457,Casemiro,MUN,14,3,5.5,a,,True,1141,True,0.0,0.0,3.0,3.59,2.87,2.45,3.28,3.29,3.46,3.02,3.11,2.92,3.31,3.15,3.26,2.91,3.28,3.03,3.13,3.44,3.0,15.265225
458,Mainoo,MUN,14,3,4.6,a,,True,212,True,0.0,0.0,0.18,0.19,0.18,0.17,0.18,0.18,0.19,0.18,0.18,0.18,0.18,0.18,0.18,0.18,0.18,0.18,0.18,0.18,0.18,0.889288
459,Ugarte,MUN,14,3,4.7,a,,True,548,True,0.0,0.0,2.11,2.29,2.08,1.97,2.24,2.27,2.25,2.16,2.16,2.1,2.23,2.12,2.21,2.07,2.2,2.15,2.22,2.28,2.11,10.603684
460,Collyer,MUN,14,3,4.5,a,,True,0,False,0.0,0.0,0.0,0.0,0.0,0.0,0.0,0.0,0.0,0.0,0.0,0.0,0.0,0.0,0.0,0.0,0.0,0.0,0.0,0.0,0.0,0.0
461,Fitzgerald,MUN,14,3,4.4,a,,True,0,False,0.0,0.0,0.0,0.0,0.0,0.0,0.0,0.0,0.0,0.0,0.0,0.0,0.0,0.0,0.0,0.0,0.0,0.0,0.0,0.0,0.0,0.0
462,J.Fletcher,MUN,14,3,4.3,a,,True,107,False,0.0,0.0,0.92,0.99,0.9,0.85,0.94,0.94,0.98,0.91,0.93,0.91,0.95,0.94,0.95,0.91,0.95,0.92,0.92,0.97,0.92,4.562103
463,Kone,MUN,14,3,4.3,a,,True,0,False,0.0,0.0,0.0,0.0,0.0,0.0,0.0,0.0,0.0,0.0,0.0,0.0,0.0,0.0,0.0,0.0,0.0,0.0,0.0,0.0,0.0,0.0
464,Moorhouse,MUN,14,3,4.5,a,,True,0,False,0.0,0.0,0.0,0.0,0.0,0.0,0.0,0.0,0.0,0.0,0.0,0.0,0.0,0.0,0.0,0.0,0.0,0.0,0.0,0.0,0.0,0.0
465,Højlund,MUN,14,4,6.3,a,,True,0,True,0.0,0.0,0.0,0.0,0.0,0.0,0.0,0.0,0.0,0.0,0.0,0.0,0.0,0.0,0.0,0.0,0.0,0.0,0.0,0.0,0.0,0.0
466,Zirkzee,MUN,14,4,5.8,a,,True,438,True,0.0,0.0,1.7,2.01,1.63,1.39,1.81,1.8,1.95,1.68,1.75,1.65,1.84,1.81,1.83,1.67,1.84,1.7,1.72,1.91,1.7,8.575416
467,Obi,MUN,14,4,4.2,a,,True,0,False,0.0,0.0,0.0,0.0,0.0,0.0,0.0,0.0,0.0,0.0,0.0,0.0,0.0,0.0,0.0,0.0,0.0,0.0,0.0,0.0,0.0,0.0
468,Wheatley,MUN,14,4,4.5,a,,True,0,False,0.0,0.0,0.0,0.0,0.0,0.0,0.0,0.0,0.0,0.0,0.0,0.0,0.0,0.0,0.0,0.0,0.0,0.0,0.0,0.0,0.0,0.0
469,Pope,NEW,15,1,5.1,a,,True,1156,True,0.0,0.0,1.62,1.66,1.72,1.7,1.53,1.65,1.68,1.47,1.75,1.59,1.52,1.83,1.53,1.63,1.47,1.64,1.64,1.78,1.62,8.066004
470,Dúbravka,BUR,3,1,4.0,a,,True,1710,True,0.0,0.0,2.78,2.89,2.75,3.34,3.2,3.33,2.76,2.73,3.02,3.0,2.97,2.94,2.99,5.78,0.0,2.83,3.14,2.61,2.78,14.510742
471,Gillespie,NEW,15,1,3.9,a,,True,0,False,0.0,0.0,0.0,0.0,0.0,0.0,0.0,0.0,0.0,0.0,0.0,0.0,0.0,0.0,0.0,0.0,0.0,0.0,0.0,0.0,0.0,0.0
472,Odysseas,NEW,15,1,4.0,a,,True,0,False,0.0,0.0,0.0,0.0,0.0,0.0,0.0,0.0,0.0,0.0,0.0,0.0,0.0,0.0,0.0,0.0,0.0,0.0,0.0,0.0,0.0,0.0
473,Hall,NEW,15,2,5.3,a,,True,788,True,0.0,0.0,3.79,4.01,4.24,4.16,3.26,3.96,3.95,2.88,4.31,3.69,3.22,4.64,3.29,3.96,2.78,3.94,3.86,4.67,3.79,18.995048
474,Schär,NEW,15,2,5.3,a,,True,924,True,0.0,0.0,3.42,3.61,3.82,3.75,2.95,3.56,3.57,2.62,3.89,3.33,2.91,4.19,2.98,3.55,2.55,3.54,3.49,4.19,3.42,17.13416
475,Botman,NEW,15,2,4.9,d,,True,655,False,0.0,0.0,0.01,0.03,0.04,0.05,0.04,0.05,0.05,0.04,0.05,0.05,0.04,0.06,0.04,0.05,0.04,0.05,0.05,0.06,0.01,0.175787
476,Burn,NEW,15,2,5.0,d,,True,1255,True,0.0,0.0,0.11,0.23,0.37,0.48,0.38,0.46,0.46,0.34,0.5,0.43,0.38,0.54,0.38,0.45,0.33,0.45,0.45,0.53,0.11,1.609418
477,Livramento,NEW,15,2,4.9,d,,True,976,True,0.0,0.0,0.16,0.34,0.54,0.7,0.53,0.66,0.67,0.46,0.74,0.61,0.52,0.8,0.54,0.65,0.45,0.65,0.65,0.78,0.16,2.323404
478,Trippier,NEW,15,2,4.9,d,,True,699,True,0.0,0.0,0.01,0.01,0.02,0.03,0.02,0.02,0.02,0.02,0.03,0.02,0.02,0.03,0.02,0.02,0.02,0.02,0.02,0.03,0.01,0.08808
479,Krafth,NEW,15,2,4.3,a,,True,45,False,0.0,0.0,0.0,0.0,0.0,0.0,0.0,0.0,0.0,0.0,0.0,0.0,0.0,0.0,0.0,0.0,0.0,0.0,0.0,0.0,0.0,0.0
480,Lascelles,NEW,15,2,4.3,a,,True,19,False,0.0,0.0,0.0,0.0,0.0,0.0,0.0,0.0,0.0,0.0,0.0,0.0,0.0,0.0,0.0,0.0,0.0,0.0,0.0,0.0,0.0,0.0
481,A.Murphy,NEW,15,2,3.8,a,,True,0,False,0.0,0.0,0.0,0.0,0.0,0.0,0.0,0.0,0.0,0.0,0.0,0.0,0.0,0.0,0.0,0.0,0.0,0.0,0.0,0.0,0.0,0.0
482,Ashby,NEW,15,2,3.9,a,,True,0,False,0.0,0.0,0.0,0.0,0.0,0.0,0.0,0.0,0.0,0.0,0.0,0.0,0.0,0.0,0.0,0.0,0.0,0.0,0.0,0.0,0.0,0.0
483,Pivas,NEW,15,2,3.8,a,,True,0,False,0.0,0.0,0.0,0.0,0.0,0.0,0.0,0.0,0.0,0.0,0.0,0.0,0.0,0.0,0.0,0.0,0.0,0.0,0.0,0.0,0.0,0.0
484,Targett,NEW,15,2,4.0,a,,True,0,False,0.0,0.0,0.0,0.0,0.0,0.0,0.0,0.0,0.0,0.0,0.0,0.0,0.0,0.0,0.0,0.0,0.0,0.0,0.0,0.0,0.0,0.0
485,Gordon,NEW,15,3,7.4,a,,True,857,True,0.0,0.0,4.16,4.43,4.47,4.5,3.62,4.47,3.96,3.38,4.42,4.28,3.84,4.62,3.74,4.83,2.97,4.6,4.22,5.45,4.16,20.744904
486,Elanga,NEW,15,3,6.5,d,,True,675,True,0.0,0.0,0.16,0.34,0.51,0.69,0.6,0.68,0.63,0.58,0.68,0.67,0.62,0.7,0.61,0.72,0.54,0.7,0.66,0.78,0.16,2.363782
487,Barnes,NEW,15,3,6.1,a,,True,825,True,0.0,0.0,2.88,3.04,3.06,3.08,2.55,3.07,2.76,2.41,3.04,2.95,2.69,3.15,2.63,3.28,2.16,3.14,2.92,3.65,2.88,14.323048
488,Bruno G.,NEW,15,3,7.0,a,,True,1569,True,0.0,0.0,4.17,4.38,4.43,4.44,3.73,4.41,4.03,3.53,4.4,4.25,3.9,4.56,3.83,4.67,3.21,4.5,4.22,5.16,4.17,20.725589
489,J.Murphy,NEW,15,3,6.0,a,,True,909,True,0.0,0.0,2.39,2.51,2.53,2.54,2.14,2.52,2.3,2.04,2.51,2.43,2.24,2.59,2.2,2.68,1.86,2.58,2.41,2.95,2.39,11.866343
490,Joelinton,NEW,15,3,5.9,a,,True,1047,True,0.0,0.0,1.71,1.78,1.8,1.8,1.57,1.78,1.68,1.5,1.79,1.73,1.61,1.85,1.6,1.86,1.41,1.81,1.73,2.02,1.71,8.485296
491,Tonali,NEW,15,3,5.3,a,,True,1320,True,0.0,0.0,2.7,2.79,2.83,2.82,2.51,2.79,2.67,2.41,2.82,2.71,2.56,2.91,2.54,2.88,2.3,2.82,2.72,3.12,2.7,13.376463
492,Antoñito C.,NEW,15,3,4.9,a,,True,0,False,0.0,0.0,0.0,0.0,0.0,0.0,0.0,0.0,0.0,0.0,0.0,0.0,0.0,0.0,0.0,0.0,0.0,0.0,0.0,0.0,0.0,0.0
493,Longstaff,LEE,11,3,4.8,d,,True,877,True,0.0,0.0,0.01,0.03,0.05,0.06,0.05,0.06,0.06,0.06,0.06,0.06,0.06,0.06,0.06,0.13,0.0,0.07,0.06,0.06,0.01,0.211661
494,Willock,NEW,15,3,5.0,a,,True,231,True,0.0,0.0,1.07,1.09,1.09,1.09,1.05,1.09,1.07,1.04,1.09,1.08,1.06,1.1,1.06,1.1,1.03,1.09,1.08,1.13,1.07,5.292473
495,Hayden,NEW,15,3,4.5,a,,True,0,False,0.0,0.0,0.0,0.0,0.0,0.0,0.0,0.0,0.0,0.0,0.0,0.0,0.0,0.0,0.0,0.0,0.0,0.0,0.0,0.0,0.0,0.0
496,Kuol,NEW,15,3,4.4,a,,True,0,False,0.0,0.0,0.0,0.0,0.0,0.0,0.0,0.0,0.0,0.0,0.0,0.0,0.0,0.0,0.0,0.0,0.0,0.0,0.0,0.0,0.0,0.0
497,L.Miley,NEW,15,3,4.5,a,,True,840,False,0.0,0.0,3.44,3.56,3.61,3.61,3.17,3.57,3.38,3.04,3.6,3.47,3.25,3.71,3.22,3.7,2.87,3.62,3.47,4.02,3.44,17.04239
498,White,NEW,15,3,4.5,a,,True,0,False,0.0,0.0,0.0,0.0,0.0,0.0,0.0,0.0,0.0,0.0,0.0,0.0,0.0,0.0,0.0,0.0,0.0,0.0,0.0,0.0,0.0,0.0
499,Isak,LIV,12,4,10.3,d,,True,501,True,0.0,0.0,0.16,0.27,0.62,0.69,0.67,0.62,0.65,0.67,0.8,0.69,0.68,0.66,0.69,0.64,0.66,0.63,0.68,0.65,0.16,2.438683
500,Osula,NEW,15,4,5.4,a,,True,213,False,0.0,0.0,0.01,0.01,0.01,0.01,0.01,0.01,0.01,0.01,0.01,0.01,0.01,0.01,0.01,0.01,0.01,0.01,0.01,0.01,0.01,0.049099
501,Neave,NEW,15,4,4.3,a,,True,0,False,0.0,0.0,0.0,0.0,0.0,0.0,0.0,0.0,0.0,0.0,0.0,0.0,0.0,0.0,0.0,0.0,0.0,0.0,0.0,0.0,0.0,0.0
502,Sels,NFO,16,1,4.6,d,,True,1350,True,0.0,0.0,0.1,0.21,0.3,0.4,0.42,0.4,0.48,0.42,0.39,0.37,0.45,0.43,0.44,0.47,0.45,0.38,0.43,0.38,0.1,1.492057
503,C.Miguel,NFO,16,1,4.0,a,,True,0,False,0.0,0.0,0.0,0.0,0.0,0.0,0.0,0.0,0.0,0.0,0.0,0.0,0.0,0.0,0.0,0.0,0.0,0.0,0.0,0.0,0.0,0.0
504,Turner,NFO,16,1,4.0,a,,True,0,False,0.0,0.0,0.0,0.0,0.0,0.0,0.0,0.0,0.0,0.0,0.0,0.0,0.0,0.0,0.0,0.0,0.0,0.0,0.0,0.0,0.0,0.0
505,Milenković,NFO,16,2,5.1,a,,True,1710,True,0.0,0.0,2.99,3.38,2.66,2.76,3.11,2.82,4.06,3.09,2.71,2.24,3.55,3.32,3.47,4.11,3.54,2.54,3.28,2.49,2.99,14.999292
506,Murillo,NFO,16,2,5.2,a,,True,1099,True,0.0,0.0,2.94,3.32,2.62,2.74,3.06,2.79,3.93,3.03,2.69,2.25,3.46,3.24,3.39,3.99,3.44,2.53,3.21,2.5,2.94,14.751341
507,Aina,NFO,16,2,4.7,d,,True,270,True,0.0,0.0,0.0,0.0,0.0,0.0,0.0,0.0,0.0,0.0,0.0,0.0,0.0,0.0,0.0,0.0,0.0,0.0,0.0,0.0,0.0,0.0
508,N.Williams,NFO,16,2,4.7,a,,True,1710,True,0.0,0.0,3.18,3.74,2.69,2.96,3.33,3.01,4.43,3.28,2.93,2.32,3.82,3.5,3.76,4.62,3.74,2.71,3.52,2.67,3.18,16.053754
509,David Carmo,NFO,16,2,4.5,a,,True,0,False,0.0,0.0,0.0,0.0,0.0,0.0,0.0,0.0,0.0,0.0,0.0,0.0,0.0,0.0,0.0,0.0,0.0,0.0,0.0,0.0,0.0,0.0
510,Jair Cunha,NFO,16,2,4.3,a,,True,90,False,0.0,0.0,0.0,0.0,0.0,0.0,0.0,0.0,0.0,0.0,0.0,0.0,0.0,0.0,0.0,0.0,0.0,0.0,0.0,0.0,0.0,0.0
511,Morato,NFO,16,2,4.3,d,,True,708,True,0.0,0.0,0.05,0.12,0.14,0.19,0.22,0.2,0.31,0.22,0.18,0.14,0.27,0.25,0.26,0.31,0.27,0.17,0.24,0.16,0.05,0.778509
512,O.Richards,NFO,16,2,4.5,a,,True,0,False,0.0,0.0,0.0,0.0,0.0,0.0,0.0,0.0,0.0,0.0,0.0,0.0,0.0,0.0,0.0,0.0,0.0,0.0,0.0,0.0,0.0,0.0
513,Abbott,NFO,16,2,3.8,a,,True,45,False,0.0,0.0,0.06,0.06,0.05,0.06,0.06,0.06,0.06,0.06,0.06,0.06,0.06,0.06,0.06,0.06,0.06,0.06,0.06,0.06,0.06,0.288196
514,Boly,NFO,16,2,3.8,a,,True,0,False,0.0,0.0,0.0,0.0,0.0,0.0,0.0,0.0,0.0,0.0,0.0,0.0,0.0,0.0,0.0,0.0,0.0,0.0,0.0,0.0,0.0,0.0
515,Gibbs-White,NFO,16,3,7.3,a,,True,1602,True,0.0,0.0,3.68,4.28,3.07,3.64,3.78,3.63,4.48,3.67,3.72,3.17,4.0,3.65,4.05,5.0,3.79,3.52,3.86,3.51,3.68,18.438333
516,Hudson-Odoi,NFO,16,3,5.7,a,,True,1028,True,0.0,0.0,3.2,3.64,2.76,3.18,3.28,3.16,3.8,3.2,3.23,2.82,3.45,3.19,3.49,4.17,3.3,3.08,3.34,3.08,3.2,16.003561
517,Anderson,NFO,16,3,5.3,a,,True,1710,True,0.0,0.0,4.1,4.45,3.76,4.07,4.17,4.06,4.61,4.1,4.1,3.78,4.32,4.11,4.34,4.89,4.21,3.99,4.22,3.98,4.1,20.370101
518,Jota,NFO,16,3,5.4,a,,True,11,True,0.0,0.0,0.0,0.0,0.0,0.0,0.0,0.0,0.0,0.0,0.0,0.0,0.0,0.0,0.0,0.0,0.0,0.0,0.0,0.0,0.0,0.0
519,Dominguez,NFO,16,3,5.0,a,,True,392,True,0.0,0.0,1.26,1.37,1.15,1.25,1.28,1.25,1.41,1.26,1.26,1.16,1.32,1.26,1.33,1.5,1.28,1.23,1.29,1.22,1.26,6.254019
520,O'Brien,NFO,16,3,5.0,a,,True,0,False,0.0,0.0,0.0,0.0,0.0,0.0,0.0,0.0,0.0,0.0,0.0,0.0,0.0,0.0,0.0,0.0,0.0,0.0,0.0,0.0,0.0,0.0
521,Sangaré,NFO,16,3,4.9,d,,True,864,False,0.0,0.0,0.13,0.29,0.34,0.51,0.53,0.51,0.61,0.52,0.52,0.46,0.56,0.52,0.56,0.66,0.53,0.5,0.54,0.5,0.13,1.889791
522,Yates,NFO,16,3,4.7,a,,True,299,True,0.0,0.0,0.13,0.14,0.13,0.13,0.14,0.13,0.14,0.13,0.14,0.13,0.14,0.13,0.14,0.15,0.14,0.13,0.14,0.13,0.13,0.658268
523,Da Silva Moreira,NFO,16,3,4.5,a,,True,0,False,0.0,0.0,0.0,0.0,0.0,0.0,0.0,0.0,0.0,0.0,0.0,0.0,0.0,0.0,0.0,0.0,0.0,0.0,0.0,0.0,0.0,0.0
524,Stamenic,NFO,16,3,4.5,a,,True,0,False,0.0,0.0,0.0,0.0,0.0,0.0,0.0,0.0,0.0,0.0,0.0,0.0,0.0,0.0,0.0,0.0,0.0,0.0,0.0,0.0,0.0,0.0
525,Wood,NFO,16,4,7.2,d,,True,538,True,0.0,0.0,0.0,0.0,0.0,0.0,0.0,0.0,0.0,0.0,0.0,0.0,0.0,0.0,0.0,0.0,0.0,0.0,0.0,0.0,0.0,0.0
526,Igor Jesus,NFO,16,4,5.8,a,,True,971,False,0.0,0.0,3.2,3.65,2.75,3.2,3.27,3.18,3.71,3.18,3.27,2.87,3.39,3.13,3.45,4.14,3.22,3.13,3.31,3.13,3.2,15.986021
527,Awoniyi,NFO,16,4,5.2,a,,True,182,False,0.0,0.0,0.99,1.06,0.91,0.99,1.0,0.98,1.07,0.98,1.0,0.93,1.02,0.97,1.03,1.14,0.99,0.97,1.01,0.97,0.99,4.890854
528,Patterson,SUN,17,1,4.2,a,,True,0,False,0.0,0.0,0.0,0.0,0.0,0.0,0.0,0.0,0.0,0.0,0.0,0.0,0.0,0.0,0.0,0.0,0.0,0.0,0.0,0.0,0.0,0.0
529,Moore,SUN,17,1,3.9,a,,True,0,False,0.0,0.0,0.0,0.0,0.0,0.0,0.0,0.0,0.0,0.0,0.0,0.0,0.0,0.0,0.0,0.0,0.0,0.0,0.0,0.0,0.0,0.0
530,Nna Noukeu,SUN,17,1,3.9,a,,True,0,False,0.0,0.0,0.0,0.0,0.0,0.0,0.0,0.0,0.0,0.0,0.0,0.0,0.0,0.0,0.0,0.0,0.0,0.0,0.0,0.0,0.0,0.0
531,Ballard,SUN,17,2,4.6,d,,True,1119,False,0.0,0.0,0.34,0.58,0.97,1.46,1.8,0.84,1.27,1.47,1.16,1.17,1.38,1.15,1.55,1.24,1.55,1.48,1.26,1.29,0.34,4.784108
532,Hume,SUN,17,2,4.5,a,,True,1561,False,0.0,0.0,3.02,2.52,2.84,3.1,3.76,1.99,2.81,3.23,2.46,2.57,2.93,2.55,3.45,2.72,3.35,3.25,2.73,2.89,3.02,14.128512
533,Alese,SUN,17,2,4.0,a,,True,0,False,0.0,0.0,0.0,0.0,0.0,0.0,0.0,0.0,0.0,0.0,0.0,0.0,0.0,0.0,0.0,0.0,0.0,0.0,0.0,0.0,0.0,0.0
534,Anderson,SUN,17,2,3.9,a,,True,0,False,0.0,0.0,0.0,0.0,0.0,0.0,0.0,0.0,0.0,0.0,0.0,0.0,0.0,0.0,0.0,0.0,0.0,0.0,0.0,0.0,0.0,0.0
535,Cirkin,SUN,17,2,4.0,a,,True,180,False,0.0,0.0,1.93,1.56,1.78,1.9,2.3,1.29,1.78,2.04,1.49,1.61,1.8,1.6,2.2,1.71,2.1,2.05,1.69,1.84,1.93,8.844686
536,Hjelde,SUN,17,2,4.0,a,,True,0,False,0.0,0.0,0.0,0.0,0.0,0.0,0.0,0.0,0.0,0.0,0.0,0.0,0.0,0.0,0.0,0.0,0.0,0.0,0.0,0.0,0.0,0.0
537,Huggins,SUN,17,2,4.0,a,,True,0,False,0.0,0.0,0.0,0.0,0.0,0.0,0.0,0.0,0.0,0.0,0.0,0.0,0.0,0.0,0.0,0.0,0.0,0.0,0.0,0.0,0.0,0.0
538,Johnson,SUN,17,2,3.8,a,,True,0,False,0.0,0.0,0.0,0.0,0.0,0.0,0.0,0.0,0.0,0.0,0.0,0.0,0.0,0.0,0.0,0.0,0.0,0.0,0.0,0.0,0.0,0.0
539,O'Nien,SUN,17,2,4.0,a,,True,4,False,0.0,0.0,0.08,0.08,0.08,0.08,0.08,0.08,0.08,0.08,0.08,0.08,0.08,0.08,0.08,0.08,0.08,0.08,0.08,0.08,0.08,0.392794
540,Pembele,SUN,17,2,3.9,a,,True,0,False,0.0,0.0,0.0,0.0,0.0,0.0,0.0,0.0,0.0,0.0,0.0,0.0,0.0,0.0,0.0,0.0,0.0,0.0,0.0,0.0,0.0,0.0
541,Reinildo,SUN,17,2,3.8,d,,True,1022,False,0.0,0.0,0.11,0.17,0.3,0.44,0.54,0.27,0.4,0.47,0.33,0.36,0.41,0.36,0.51,0.39,0.49,0.47,0.38,0.42,0.11,1.46972
542,Seelt,SUN,17,2,4.0,a,,True,133,False,0.0,0.0,0.0,0.0,0.0,0.0,0.0,0.0,0.0,0.0,0.0,0.0,0.0,0.0,0.0,0.0,0.0,0.0,0.0,0.0,0.0,0.0
543,Adingra,SUN,17,3,4.9,a,,True,533,True,0.0,0.0,2.54,2.51,2.6,2.87,3.28,2.08,2.54,2.73,2.62,2.5,2.77,2.44,2.75,2.54,2.86,2.75,2.63,2.53,2.54,12.909155
544,Diarra,SUN,17,3,5.3,d,,True,371,False,0.0,0.0,0.04,0.08,0.12,0.17,0.18,0.15,0.16,0.17,0.17,0.16,0.17,0.16,0.17,0.16,0.17,0.17,0.17,0.16,0.04,0.592633
545,Roberts,SUN,17,3,5.4,a,,True,27,False,0.0,0.0,0.0,0.0,0.0,0.0,0.0,0.0,0.0,0.0,0.0,0.0,0.0,0.0,0.0,0.0,0.0,0.0,0.0,0.0,0.0,0.0
546,Aleksić,SUN,17,3,4.9,a,,True,0,False,0.0,0.0,0.0,0.0,0.0,0.0,0.0,0.0,0.0,0.0,0.0,0.0,0.0,0.0,0.0,0.0,0.0,0.0,0.0,0.0,0.0,0.0
547,E.Le Fée,SUN,17,3,4.9,a,,True,1395,False,0.0,0.0,3.61,3.58,3.71,4.12,4.73,2.92,3.61,3.9,3.76,3.57,3.98,3.48,3.92,3.62,4.1,3.93,3.77,3.6,3.61,18.42673
548,Mundle,SUN,17,3,4.9,a,,True,101,False,0.0,0.0,0.99,0.99,1.0,1.04,1.1,0.93,0.99,1.02,1.01,0.99,1.03,0.98,1.01,0.99,1.04,1.02,1.01,0.99,0.99,4.936499
549,Neil,SUN,17,3,4.8,a,,True,2,False,0.0,0.0,0.0,0.0,0.0,0.0,0.0,0.0,0.0,0.0,0.0,0.0,0.0,0.0,0.0,0.0,0.0,0.0,0.0,0.0,0.0,0.0
550,Poveda,SUN,17,3,4.8,a,,True,0,False,0.0,0.0,0.0,0.0,0.0,0.0,0.0,0.0,0.0,0.0,0.0,0.0,0.0,0.0,0.0,0.0,0.0,0.0,0.0,0.0,0.0,0.0
551,Rigg,SUN,17,3,4.7,d,,True,316,False,0.0,0.0,0.77,0.83,0.94,1.09,1.2,0.9,1.02,1.07,1.02,1.0,1.07,0.99,1.09,1.01,1.1,1.08,1.03,1.02,0.77,4.645938
552,Sadiki,SUN,17,3,5.0,d,,True,1414,False,0.0,0.0,0.12,0.23,0.35,0.49,0.53,0.42,0.47,0.49,0.46,0.46,0.48,0.45,0.5,0.46,0.5,0.49,0.47,0.47,0.12,1.711363
553,Talbi,SUN,17,3,4.9,d,,True,881,False,0.0,0.0,0.14,0.28,0.43,0.63,0.71,0.47,0.56,0.6,0.58,0.56,0.61,0.54,0.6,0.56,0.62,0.6,0.58,0.56,0.14,2.112901
554,Ba,SUN,17,3,4.3,a,,True,0,False,0.0,0.0,0.0,0.0,0.0,0.0,0.0,0.0,0.0,0.0,0.0,0.0,0.0,0.0,0.0,0.0,0.0,0.0,0.0,0.0,0.0,0.0
555,Browne,SUN,17,3,4.5,a,,True,0,False,0.0,0.0,0.0,0.0,0.0,0.0,0.0,0.0,0.0,0.0,0.0,0.0,0.0,0.0,0.0,0.0,0.0,0.0,0.0,0.0,0.0,0.0
556,Ekwah,SUN,17,3,4.5,a,,True,0,False,0.0,0.0,0.0,0.0,0.0,0.0,0.0,0.0,0.0,0.0,0.0,0.0,0.0,0.0,0.0,0.0,0.0,0.0,0.0,0.0,0.0,0.0
557,H.Jones,SUN,17,3,4.3,a,,True,0,False,0.0,0.0,0.0,0.0,0.0,0.0,0.0,0.0,0.0,0.0,0.0,0.0,0.0,0.0,0.0,0.0,0.0,0.0,0.0,0.0,0.0,0.0
558,Matete,SUN,17,3,4.3,a,,True,0,False,0.0,0.0,0.0,0.0,0.0,0.0,0.0,0.0,0.0,0.0,0.0,0.0,0.0,0.0,0.0,0.0,0.0,0.0,0.0,0.0,0.0,0.0
559,Triantis,SUN,17,3,4.4,a,,True,0,False,0.0,0.0,0.0,0.0,0.0,0.0,0.0,0.0,0.0,0.0,0.0,0.0,0.0,0.0,0.0,0.0,0.0,0.0,0.0,0.0,0.0,0.0
560,Isidor,SUN,17,4,5.3,a,,True,970,False,0.0,0.0,1.54,1.57,1.6,1.76,1.96,1.32,1.56,1.65,1.65,1.56,1.71,1.52,1.64,1.57,1.72,1.66,1.63,1.55,1.54,7.925676
561,Mayenda,SUN,17,4,5.2,a,,True,373,False,0.0,0.0,1.6,1.64,1.67,1.83,2.03,1.38,1.63,1.72,1.72,1.63,1.78,1.59,1.7,1.64,1.79,1.73,1.7,1.61,1.6,8.255182
562,Abdullahi,SUN,17,4,4.3,a,,True,0,False,0.0,0.0,0.0,0.0,0.0,0.0,0.0,0.0,0.0,0.0,0.0,0.0,0.0,0.0,0.0,0.0,0.0,0.0,0.0,0.0,0.0,0.0
563,Luís Hemir,SUN,17,4,4.4,a,,True,0,False,0.0,0.0,0.0,0.0,0.0,0.0,0.0,0.0,0.0,0.0,0.0,0.0,0.0,0.0,0.0,0.0,0.0,0.0,0.0,0.0,0.0,0.0
564,Rusyn,SUN,17,4,4.4,a,,True,0,False,0.0,0.0,0.0,0.0,0.0,0.0,0.0,0.0,0.0,0.0,0.0,0.0,0.0,0.0,0.0,0.0,0.0,0.0,0.0,0.0,0.0,0.0
565,Vicario,TOT,18,1,4.8,a,,True,1710,True,0.0,0.0,4.26,3.51,4.13,3.97,3.54,3.43,3.83,3.53,3.72,3.74,3.5,4.04,3.99,3.77,3.99,3.67,3.84,3.45,4.26,18.882833
566,Austin,TOT,18,1,3.9,a,,True,0,False,0.0,0.0,0.0,0.0,0.0,0.0,0.0,0.0,0.0,0.0,0.0,0.0,0.0,0.0,0.0,0.0,0.0,0.0,0.0,0.0,0.0,0.0
567,Kinsky,TOT,18,1,3.9,a,,True,0,False,0.0,0.0,0.0,0.0,0.0,0.0,0.0,0.0,0.0,0.0,0.0,0.0,0.0,0.0,0.0,0.0,0.0,0.0,0.0,0.0,0.0,0.0
568,Pedro Porro,TOT,18,2,5.2,a,,True,1505,True,0.0,0.0,4.33,3.04,4.34,4.0,2.99,2.79,3.6,2.87,3.36,3.43,2.88,4.04,3.83,3.58,3.91,3.29,3.66,2.84,4.33,17.867184
569,Romero,TOT,18,2,5.0,a,,True,1277,True,0.0,0.0,3.35,2.38,3.39,3.12,2.31,2.17,2.79,2.2,2.6,2.66,2.23,3.14,2.95,2.79,3.03,2.55,2.84,2.21,3.35,13.882221
570,Danso,TOT,18,2,4.2,d,,True,581,True,0.0,0.0,0.82,0.6,0.96,0.96,0.74,0.67,0.89,0.74,0.84,0.85,0.72,1.0,0.97,0.86,0.97,0.81,0.9,0.69,0.82,3.961257
571,Davies,TOT,18,2,4.3,a,,True,31,True,0.0,0.0,0.09,0.08,0.09,0.09,0.08,0.08,0.08,0.08,0.08,0.08,0.08,0.09,0.08,0.09,0.08,0.08,0.08,0.08,0.09,0.415723
572,Dragusin,TOT,18,2,4.5,a,,True,5,True,0.0,0.0,0.24,0.24,0.24,0.24,0.24,0.24,0.24,0.24,0.24,0.24,0.24,0.24,0.24,0.24,0.24,0.24,0.24,0.24,0.24,1.178383
573,Spence,TOT,18,2,4.3,a,,True,1253,True,0.0,0.0,3.49,2.37,3.42,3.16,2.38,2.2,2.88,2.33,2.69,2.73,2.3,3.22,3.09,2.82,3.13,2.62,2.91,2.24,3.49,14.202919
574,Udogie,TOT,18,2,4.3,d,,True,605,True,0.0,0.0,0.06,0.08,0.17,0.21,0.16,0.15,0.19,0.16,0.18,0.18,0.15,0.22,0.21,0.19,0.21,0.18,0.19,0.15,0.06,0.676903
575,Van de Ven,TOT,18,2,4.5,a,,True,1609,True,0.0,0.0,4.43,3.15,4.51,4.15,3.04,2.86,3.69,2.88,3.43,3.51,2.93,4.16,3.9,3.7,4.0,3.37,3.76,2.91,4.43,18.370621
576,Phillips,TOT,18,2,4.0,a,,True,0,False,0.0,0.0,0.0,0.0,0.0,0.0,0.0,0.0,0.0,0.0,0.0,0.0,0.0,0.0,0.0,0.0,0.0,0.0,0.0,0.0,0.0,0.0
577,Takai,TOT,18,2,4.0,a,,True,0,False,0.0,0.0,0.0,0.0,0.0,0.0,0.0,0.0,0.0,0.0,0.0,0.0,0.0,0.0,0.0,0.0,0.0,0.0,0.0,0.0,0.0,0.0
578,Vuskovic,TOT,18,2,3.9,a,,True,0,False,0.0,0.0,0.0,0.0,0.0,0.0,0.0,0.0,0.0,0.0,0.0,0.0,0.0,0.0,0.0,0.0,0.0,0.0,0.0,0.0,0.0,0.0
579,Son,TOT,18,3,8.5,a,,True,0,True,0.0,0.0,0.0,0.0,0.0,0.0,0.0,0.0,0.0,0.0,0.0,0.0,0.0,0.0,0.0,0.0,0.0,0.0,0.0,0.0,0.0,0.0
580,Johnson,CRY,8,3,6.5,d,,True,602,True,0.0,0.0,0.55,0.66,0.7,0.78,0.77,0.76,0.91,0.84,0.74,0.74,0.79,0.0,0.77,0.89,0.71,0.78,1.48,0.75,0.55,3.431858
581,Maddison,TOT,18,3,6.8,a,,True,0,True,0.0,0.0,0.0,0.0,0.0,0.0,0.0,0.0,0.0,0.0,0.0,0.0,0.0,0.0,0.0,0.0,0.0,0.0,0.0,0.0,0.0,0.0
582,Kudus,TOT,18,3,6.4,a,,True,1517,True,0.0,0.0,3.68,3.41,4.15,3.9,3.09,3.14,3.42,2.79,3.25,3.36,3.02,3.72,3.37,3.62,3.57,3.28,3.53,3.14,3.68,17.350142
583,Kulusevski,TOT,18,3,6.4,a,,True,0,True,0.0,0.0,0.0,0.0,0.0,0.0,0.0,0.0,0.0,0.0,0.0,0.0,0.0,0.0,0.0,0.0,0.0,0.0,0.0,0.0,0.0,0.0
584,Tel,TOT,18,3,6.2,a,,True,284,True,0.0,0.0,0.67,0.66,0.72,0.7,0.63,0.64,0.66,0.61,0.64,0.65,0.63,0.68,0.65,0.68,0.67,0.65,0.67,0.64,0.67,3.274236
585,Bentancur,TOT,18,3,5.3,a,,True,1232,True,0.0,0.0,3.59,3.36,3.74,3.62,3.24,3.24,3.42,3.13,3.33,3.38,3.21,3.57,3.43,3.48,3.5,3.34,3.46,3.25,3.59,16.999481
586,Bergvall,TOT,18,3,5.3,d,,True,724,True,0.0,0.0,0.99,1.01,1.28,1.34,1.16,1.16,1.24,1.1,1.2,1.22,1.14,1.31,1.25,1.27,1.28,1.2,1.26,1.16,0.99,5.630098
587,Bissouma,TOT,18,3,5.2,a,,True,0,True,0.0,0.0,0.0,0.0,0.0,0.0,0.0,0.0,0.0,0.0,0.0,0.0,0.0,0.0,0.0,0.0,0.0,0.0,0.0,0.0,0.0,0.0
588,Odobert,TOT,18,3,5.3,a,,True,602,True,0.0,0.0,2.12,1.99,2.3,2.2,1.86,1.88,2.0,1.75,1.93,1.98,1.83,2.13,1.99,2.08,2.07,1.94,2.05,1.88,2.12,10.05903
589,Solomon,TOT,18,3,5.4,a,,True,0,False,0.0,0.0,0.0,0.0,0.0,0.0,0.0,0.0,0.0,0.0,0.0,0.0,0.0,0.0,0.0,0.0,0.0,0.0,0.0,0.0,0.0,0.0
590,Bryan,TOT,18,3,4.9,a,,True,0,False,0.0,0.0,0.0,0.0,0.0,0.0,0.0,0.0,0.0,0.0,0.0,0.0,0.0,0.0,0.0,0.0,0.0,0.0,0.0,0.0,0.0,0.0
591,Gray,TOT,18,3,4.8,a,,True,525,True,0.0,0.0,2.66,2.44,2.79,2.68,2.34,2.34,2.5,2.24,2.42,2.46,2.31,2.64,2.51,2.55,2.58,2.43,2.54,2.34,2.66,12.466938
592,Moore,TOT,18,3,5.0,a,,True,0,False,0.0,0.0,0.0,0.0,0.0,0.0,0.0,0.0,0.0,0.0,0.0,0.0,0.0,0.0,0.0,0.0,0.0,0.0,0.0,0.0,0.0,0.0
593,P.M.Sarr,TOT,18,3,4.5,d,,True,703,True,0.0,0.0,0.06,0.11,0.2,0.25,0.21,0.21,0.23,0.2,0.22,0.23,0.21,0.24,0.23,0.24,0.23,0.22,0.23,0.22,0.06,0.830293
594,Min-hyeok,TOT,18,3,4.5,a,,True,0,False,0.0,0.0,0.0,0.0,0.0,0.0,0.0,0.0,0.0,0.0,0.0,0.0,0.0,0.0,0.0,0.0,0.0,0.0,0.0,0.0,0.0,0.0
595,Olusesi,TOT,18,3,4.3,a,,True,0,False,0.0,0.0,0.0,0.0,0.0,0.0,0.0,0.0,0.0,0.0,0.0,0.0,0.0,0.0,0.0,0.0,0.0,0.0,0.0,0.0,0.0,0.0
596,Solanke,TOT,18,4,7.2,a,,True,31,True,0.0,0.0,0.0,0.0,0.0,0.0,0.0,0.0,0.0,0.0,0.0,0.0,0.0,0.0,0.0,0.0,0.0,0.0,0.0,0.0,0.0,0.0
597,Richarlison,TOT,18,4,6.4,a,,True,1163,False,0.0,0.0,3.76,3.65,4.48,4.18,3.17,3.29,3.55,2.75,3.33,3.49,3.08,3.9,3.41,3.85,3.7,3.39,3.7,3.29,3.76,18.17023
598,Lankshear,TOT,18,4,4.5,a,,True,0,False,0.0,0.0,0.0,0.0,0.0,0.0,0.0,0.0,0.0,0.0,0.0,0.0,0.0,0.0,0.0,0.0,0.0,0.0,0.0,0.0,0.0,0.0
599,Scarlett,TOT,18,4,4.3,a,,True,0,False,0.0,0.0,0.0,0.0,0.0,0.0,0.0,0.0,0.0,0.0,0.0,0.0,0.0,0.0,0.0,0.0,0.0,0.0,0.0,0.0,0.0,0.0
600,Areola,WHU,19,1,4.3,a,,True,1350,True,0.0,0.0,3.31,3.35,3.21,3.57,2.89,3.28,3.03,3.09,2.92,3.08,2.95,3.04,3.57,2.92,3.36,2.96,2.94,2.98,3.31,15.861898
601,Foderingham,WHU,19,1,4.0,a,,True,0,False,0.0,0.0,0.0,0.0,0.0,0.0,0.0,0.0,0.0,0.0,0.0,0.0,0.0,0.0,0.0,0.0,0.0,0.0,0.0,0.0,0.0,0.0
602,Hegyi,WHU,19,1,3.9,a,,True,0,False,0.0,0.0,0.0,0.0,0.0,0.0,0.0,0.0,0.0,0.0,0.0,0.0,0.0,0.0,0.0,0.0,0.0,0.0,0.0,0.0,0.0,0.0
603,Diouf,WHU,19,2,4.0,d,,True,1387,False,0.0,0.0,0.13,0.28,0.36,0.63,0.32,0.54,0.41,0.45,0.33,0.43,0.35,0.41,0.64,0.33,0.55,0.36,0.34,0.37,0.13,1.719588
604,Emerson,WHU,19,2,4.4,a,,True,0,True,0.0,0.0,0.0,0.0,0.0,0.0,0.0,0.0,0.0,0.0,0.0,0.0,0.0,0.0,0.0,0.0,0.0,0.0,0.0,0.0,0.0,0.0
605,Kilman,WHU,19,2,4.2,a,,True,1443,True,0.0,0.0,2.56,2.63,2.37,2.95,1.69,2.54,2.05,2.2,1.77,2.14,1.84,2.06,2.96,1.77,2.64,1.87,1.83,1.91,2.56,11.750343
606,Mavropanos,WHU,19,2,4.4,a,,True,911,True,0.0,0.0,1.15,1.19,1.08,1.24,0.93,1.19,1.03,1.1,0.93,1.03,0.96,1.02,1.27,0.94,1.17,0.98,0.92,0.98,1.15,5.457463
607,N.Aguerd,WHU,19,2,4.4,d,,True,180,False,0.0,0.0,0.0,0.0,0.0,0.0,0.0,0.0,0.0,0.0,0.0,0.0,0.0,0.0,0.0,0.0,0.0,0.0,0.0,0.0,0.0,0.0
608,Scarles,WHU,19,2,4.3,a,,True,312,True,0.0,0.0,2.19,2.27,2.01,2.55,1.39,2.18,1.72,1.87,1.46,1.8,1.53,1.74,2.57,1.46,2.26,1.56,1.5,1.59,2.19,10.01421
609,Todibo,WHU,19,2,4.3,a,,True,1161,True,0.0,0.0,1.89,1.94,1.78,2.16,1.3,1.86,1.54,1.63,1.37,1.62,1.42,1.56,2.16,1.36,1.95,1.43,1.42,1.46,1.89,8.740499
610,Wan-Bissaka,WHU,19,2,4.2,d,,True,1011,True,0.0,0.0,0.14,0.28,0.37,0.64,0.33,0.55,0.42,0.46,0.34,0.44,0.37,0.42,0.65,0.35,0.56,0.37,0.36,0.38,0.14,1.762592
611,Casey,WHU,19,2,4.0,a,,True,0,False,0.0,0.0,0.0,0.0,0.0,0.0,0.0,0.0,0.0,0.0,0.0,0.0,0.0,0.0,0.0,0.0,0.0,0.0,0.0,0.0,0.0,0.0
612,L.Paquetá,WHU,19,3,5.9,a,,True,1451,True,0.0,0.0,3.55,3.71,3.22,3.67,3.12,3.9,3.4,3.75,2.98,3.21,3.05,3.25,3.92,3.06,3.52,3.22,2.74,3.11,3.55,17.081795
613,Souček,WHU,19,3,5.7,a,,True,581,True,0.0,0.0,1.27,1.3,1.22,1.28,1.22,1.33,1.26,1.31,1.2,1.23,1.21,1.23,1.32,1.21,1.27,1.23,1.15,1.21,1.27,6.204687
614,Ward-Prowse,WHU,19,3,5.6,d,,True,414,True,0.0,0.0,0.0,0.0,0.0,0.0,0.0,0.0,0.0,0.0,0.0,0.0,0.0,0.0,0.0,0.0,0.0,0.0,0.0,0.0,0.0,0.0
615,Summerville,WHU,19,3,5.5,a,,True,957,True,0.0,0.0,1.85,1.92,1.69,1.89,1.66,2.02,1.79,1.96,1.59,1.7,1.63,1.72,2.01,1.63,1.83,1.71,1.48,1.65,1.85,8.922303
616,Álvarez,WHU,19,3,4.9,a,,True,0,True,0.0,0.0,0.0,0.0,0.0,0.0,0.0,0.0,0.0,0.0,0.0,0.0,0.0,0.0,0.0,0.0,0.0,0.0,0.0,0.0,0.0,0.0
617,Cornet,WHU,19,3,4.9,a,,True,0,False,0.0,0.0,0.0,0.0,0.0,0.0,0.0,0.0,0.0,0.0,0.0,0.0,0.0,0.0,0.0,0.0,0.0,0.0,0.0,0.0,0.0,0.0
618,G.Rodriguez,WHU,19,3,4.8,d,,True,164,True,0.0,0.0,0.08,0.17,0.25,0.34,0.33,0.34,0.33,0.33,0.33,0.33,0.33,0.33,0.34,0.33,0.34,0.33,0.32,0.33,0.08,1.200319
619,L.Guilherme,WHU,19,3,4.9,a,,True,121,False,0.0,0.0,0.04,0.04,0.03,0.04,0.03,0.04,0.04,0.04,0.03,0.03,0.03,0.03,0.04,0.03,0.04,0.03,0.03,0.03,0.04,0.17954
620,Earthy,WHU,19,3,4.5,a,,True,8,False,0.0,0.0,0.26,0.26,0.25,0.26,0.25,0.26,0.26,0.26,0.25,0.25,0.25,0.26,0.26,0.25,0.26,0.26,0.25,0.25,0.26,1.260935
621,Irving,WHU,19,3,4.3,d,,True,156,False,0.0,0.0,0.01,0.02,0.02,0.03,0.03,0.03,0.03,0.03,0.03,0.03,0.03,0.03,0.03,0.03,0.03,0.03,0.03,0.03,0.01,0.112898
622,Orford,WHU,19,3,4.4,a,,True,0,False,0.0,0.0,0.0,0.0,0.0,0.0,0.0,0.0,0.0,0.0,0.0,0.0,0.0,0.0,0.0,0.0,0.0,0.0,0.0,0.0,0.0,0.0
623,Potts,WHU,19,3,4.4,a,,True,912,False,0.0,0.0,2.58,2.62,2.49,2.66,2.4,2.64,2.49,2.57,2.38,2.46,2.4,2.46,2.7,2.4,2.58,2.43,2.34,2.42,2.58,12.506636
624,Bowen,WHU,19,4,7.7,a,,True,1710,True,0.0,0.0,4.15,4.36,3.75,4.22,3.75,4.64,4.06,4.5,3.54,3.79,3.63,3.85,4.55,3.65,4.1,3.86,3.2,3.7,4.15,20.089032
625,Füllkrug,WHU,19,4,5.6,d,,True,407,True,0.0,0.0,0.01,0.02,0.03,0.04,0.03,0.04,0.04,0.04,0.03,0.03,0.03,0.03,0.04,0.03,0.04,0.03,0.03,0.03,0.01,0.13354
626,Marshall,WHU,19,4,4.3,a,,True,58,False,0.0,0.0,0.0,0.0,0.0,0.0,0.0,0.0,0.0,0.0,0.0,0.0,0.0,0.0,0.0,0.0,0.0,0.0,0.0,0.0,0.0,0.0
627,Johnstone,WOL,20,1,4.4,d,,True,1080,True,0.0,0.0,0.18,0.34,0.51,0.6,0.66,0.66,1.31,0.63,0.71,0.67,0.63,0.0,0.69,0.64,0.75,0.78,0.63,0.72,0.18,2.5014
628,José Sá,WOL,20,1,4.2,a,,True,630,True,0.0,0.0,2.69,2.41,2.44,2.0,2.35,2.31,4.59,2.15,2.53,2.36,2.19,0.0,2.45,2.23,2.73,2.84,2.16,2.58,2.69,12.18344
629,Bentley,WOL,20,1,3.9,a,,True,0,False,0.0,0.0,0.0,0.0,0.0,0.0,0.0,0.0,0.0,0.0,0.0,0.0,0.0,0.0,0.0,0.0,0.0,0.0,0.0,0.0,0.0,0.0
630,King,EVE,9,1,3.9,a,,True,0,False,0.0,0.0,0.0,0.0,0.0,0.0,0.0,0.0,0.0,0.0,0.0,0.0,0.0,0.0,0.0,0.0,0.0,0.0,0.0,0.0,0.0,0.0
631,Agbadou,WOL,20,2,4.3,d,,True,1010,True,0.0,0.0,0.16,0.25,0.39,0.31,0.5,0.47,0.9,0.39,0.56,0.48,0.41,0.0,0.54,0.43,0.62,0.67,0.4,0.57,0.16,1.782932
632,Doherty,WOL,20,2,4.4,a,,True,599,True,0.0,0.0,2.59,2.01,2.09,1.21,1.99,1.87,3.6,1.54,2.26,1.94,1.64,0.0,2.16,1.7,2.55,2.73,1.59,2.33,2.59,10.212624
633,H.Bueno,WOL,20,2,4.3,a,,True,978,False,0.0,0.0,2.36,1.85,1.93,1.23,1.88,1.76,3.36,1.49,2.06,1.8,1.58,0.0,2.01,1.62,2.27,2.42,1.55,2.11,2.36,9.505168
634,Mosquera,WOL,20,2,4.3,a,,True,686,False,0.0,0.0,2.65,2.01,2.1,1.22,2.04,1.89,3.59,1.55,2.27,1.94,1.66,0.0,2.2,1.72,2.54,2.73,1.62,2.34,2.65,10.318957
635,R.Gomes,WOL,20,2,4.4,d,,True,331,True,0.0,0.0,0.0,0.0,0.0,0.0,0.0,0.0,0.0,0.0,0.0,0.0,0.0,0.0,0.0,0.0,0.0,0.0,0.0,0.0,0.0,0.0
636,S.Bueno,WOL,20,2,4.4,d,,True,844,True,0.0,0.0,1.18,0.97,1.13,0.75,1.24,1.13,2.09,0.93,1.33,1.13,1.0,0.0,1.32,1.03,1.44,1.55,0.99,1.35,1.18,5.489943
637,Toti,WOL,20,2,4.2,d,,True,949,True,0.0,0.0,0.15,0.24,0.38,0.3,0.47,0.45,0.88,0.38,0.54,0.47,0.4,0.0,0.51,0.41,0.61,0.65,0.38,0.56,0.15,1.716366
638,Hoever,WOL,20,2,3.8,d,,True,423,False,0.0,0.0,0.16,0.26,0.4,0.34,0.51,0.48,0.95,0.41,0.57,0.5,0.44,0.0,0.55,0.45,0.64,0.68,0.42,0.59,0.16,1.848981
639,Meupiyou,WOL,20,2,4.0,a,,True,0,False,0.0,0.0,0.0,0.0,0.0,0.0,0.0,0.0,0.0,0.0,0.0,0.0,0.0,0.0,0.0,0.0,0.0,0.0,0.0,0.0,0.0,0.0
640,Pedro Lima,WOL,20,2,4.0,a,,True,0,False,0.0,0.0,0.0,0.0,0.0,0.0,0.0,0.0,0.0,0.0,0.0,0.0,0.0,0.0,0.0,0.0,0.0,0.0,0.0,0.0,0.0,0.0
641,Pond,WOL,20,2,3.9,a,,True,0,False,0.0,0.0,0.0,0.0,0.0,0.0,0.0,0.0,0.0,0.0,0.0,0.0,0.0,0.0,0.0,0.0,0.0,0.0,0.0,0.0,0.0,0.0
642,Hee Chan,WOL,20,3,5.6,a,,True,729,True,0.0,0.0,2.99,2.46,2.56,2.21,2.73,2.55,4.73,2.35,2.66,2.47,2.44,0.0,2.74,2.43,2.66,2.75,2.46,2.64,2.99,13.118586
643,André,WOL,20,3,5.3,d,,True,1333,True,0.0,0.0,1.14,1.16,1.3,1.3,1.43,1.39,2.73,1.34,1.44,1.39,1.36,0.0,1.45,1.36,1.47,1.5,1.36,1.45,1.14,6.540428
644,Bellegarde,WOL,20,3,5.2,d,,True,685,True,0.0,0.0,0.08,0.12,0.19,0.23,0.28,0.26,0.48,0.24,0.27,0.25,0.25,0.0,0.28,0.25,0.27,0.28,0.25,0.27,0.08,0.96493
645,Fer López,WOL,20,3,5.2,a,,True,228,False,0.0,0.0,1.05,0.94,0.96,0.89,1.0,0.96,1.84,0.92,0.98,0.94,0.94,0.0,1.0,0.93,0.98,0.99,0.94,0.97,1.05,4.90913
646,J.Gomes,WOL,20,3,5.3,a,,True,1459,True,0.0,0.0,3.38,3.02,3.08,2.82,3.17,3.06,5.9,2.92,3.15,3.02,2.98,0.0,3.2,2.98,3.18,3.25,2.99,3.15,3.38,15.718015
647,Guedes,WOL,20,3,5.5,a,,True,0,True,0.0,0.0,0.0,0.0,0.0,0.0,0.0,0.0,0.0,0.0,0.0,0.0,0.0,0.0,0.0,0.0,0.0,0.0,0.0,0.0,0.0,0.0
648,Munetsi,WOL,20,3,5.3,d,,True,872,True,0.0,0.0,0.03,0.04,0.07,0.08,0.1,0.09,0.17,0.09,0.09,0.09,0.09,0.0,0.1,0.09,0.09,0.1,0.09,0.09,0.03,0.342349
649,B.Traore,WOL,20,3,5.0,a,,True,0,False,0.0,0.0,0.0,0.0,0.0,0.0,0.0,0.0,0.0,0.0,0.0,0.0,0.0,0.0,0.0,0.0,0.0,0.0,0.0,0.0,0.0,0.0
650,Chirewa,WOL,20,3,4.3,a,,True,21,False,0.0,0.0,0.02,0.02,0.02,0.02,0.02,0.02,0.04,0.02,0.02,0.02,0.02,0.0,0.02,0.02,0.02,0.02,0.02,0.02,0.02,0.101723
651,Edozie,WOL,20,3,4.3,a,,True,0,False,0.0,0.0,0.0,0.0,0.0,0.0,0.0,0.0,0.0,0.0,0.0,0.0,0.0,0.0,0.0,0.0,0.0,0.0,0.0,0.0,0.0,0.0
652,Gonzalez,WOL,20,3,4.3,a,,True,0,False,0.0,0.0,0.0,0.0,0.0,0.0,0.0,0.0,0.0,0.0,0.0,0.0,0.0,0.0,0.0,0.0,0.0,0.0,0.0,0.0,0.0,0.0
653,Hodge,WOL,20,3,4.5,a,,True,0,False,0.0,0.0,0.0,0.0,0.0,0.0,0.0,0.0,0.0,0.0,0.0,0.0,0.0,0.0,0.0,0.0,0.0,0.0,0.0,0.0,0.0,0.0
654,Strand Larsen,WOL,20,4,6.1,a,,True,1257,True,0.0,0.0,2.22,1.83,1.9,1.69,2.07,1.92,3.53,1.78,1.97,1.84,1.85,0.0,2.06,1.84,1.93,1.98,1.88,1.94,2.22,9.81094
655,Fábio Silva,WOL,20,4,4.9,a,,True,0,False,0.0,0.0,0.0,0.0,0.0,0.0,0.0,0.0,0.0,0.0,0.0,0.0,0.0,0.0,0.0,0.0,0.0,0.0,0.0,0.0,0.0,0.0
656,Kalajdžić,WOL,20,4,4.9,a,,True,14,False,0.0,0.0,0.0,0.0,0.0,0.0,0.0,0.0,0.0,0.0,0.0,0.0,0.0,0.0,0.0,0.0,0.0,0.0,0.0,0.0,0.0,0.0
657,Chiwome,WOL,20,4,4.4,a,,True,0,False,0.0,0.0,0.0,0.0,0.0,0.0,0.0,0.0,0.0,0.0,0.0,0.0,0.0,0.0,0.0,0.0,0.0,0.0,0.0,0.0,0.0,0.0
658,Fraser,WOL,20,4,4.3,a,,True,0,False,0.0,0.0,0.0,0.0,0.0,0.0,0.0,0.0,0.0,0.0,0.0,0.0,0.0,0.0,0.0,0.0,0.0,0.0,0.0,0.0,0.0,0.0
659,Walker-Peters,WHU,19,2,4.2,a,,True,772,True,0.0,0.0,2.28,2.38,2.04,2.65,1.42,2.34,1.8,2.01,1.46,1.84,1.55,1.78,2.72,1.48,2.34,1.6,1.47,1.62,2.28,10.404775
660,Stach,LEE,11,3,4.9,a,,True,1360,False,0.0,0.0,4.0,3.69,4.13,3.81,3.3,4.34,3.69,3.84,3.63,4.29,3.63,4.14,3.68,8.55,0.0,5.02,3.82,4.22,4.0,19.124651
661,Ekitiké,LIV,12,4,9.1,a,,True,1128,False,0.0,0.0,4.67,3.52,6.67,5.15,4.99,4.43,4.79,4.97,6.37,5.21,5.09,4.9,5.16,4.65,4.91,4.6,5.08,4.76,4.67,24.158701
662,Mosquera,ARS,1,2,5.3,d,,True,429,False,0.0,0.0,0.03,0.06,0.1,0.13,0.13,0.14,0.26,0.13,0.13,0.12,0.14,0.0,0.13,0.11,0.13,0.14,0.14,0.15,0.03,0.488995
663,J.Arias,WOL,20,3,4.9,a,,True,908,False,0.0,0.0,2.7,2.18,2.28,1.97,2.47,2.28,4.19,2.09,2.37,2.19,2.18,0.0,2.47,2.17,2.35,2.43,2.22,2.35,2.7,11.726274
664,Lecomte,FUL,10,1,3.9,a,,True,0,False,0.0,0.0,0.0,0.0,0.0,0.0,0.0,0.0,0.0,0.0,0.0,0.0,0.0,0.0,0.0,0.0,0.0,0.0,0.0,0.0,0.0,0.0
665,Perri,LEE,11,1,4.5,a,,True,1260,False,0.0,0.0,3.3,3.22,3.66,3.44,3.17,3.72,3.07,3.32,3.17,3.96,3.12,3.45,3.05,7.08,0.0,3.92,3.54,3.41,3.3,16.605991
666,Gyökeres,ARS,1,4,8.8,a,,True,1161,False,0.0,0.0,3.47,3.2,3.35,3.42,3.2,3.57,6.74,3.13,3.43,3.32,3.46,0.0,3.83,2.8,3.37,3.47,3.8,4.44,3.47,17.115784
667,Aznou,EVE,9,2,4.2,a,,True,0,False,0.0,0.0,0.0,0.0,0.0,0.0,0.0,0.0,0.0,0.0,0.0,0.0,0.0,0.0,0.0,0.0,0.0,0.0,0.0,0.0,0.0,0.0
668,Xhaka,SUN,17,3,5.2,a,,True,1692,False,0.0,0.0,3.55,3.5,3.59,3.82,4.18,3.12,3.54,3.72,3.58,3.49,3.73,3.45,3.75,3.53,3.83,3.74,3.61,3.54,3.55,17.745085
669,Ndoye,NFO,16,3,5.5,d,,True,997,False,0.0,0.0,0.09,0.19,0.24,0.35,0.35,0.34,0.39,0.35,0.35,0.32,0.36,0.35,0.37,0.41,0.35,0.34,0.36,0.34,0.09,1.268708
670,Roefs,SUN,17,1,4.8,a,,True,1710,False,0.0,0.0,3.98,3.72,3.88,4.01,4.4,3.48,3.87,4.11,3.7,3.75,3.93,3.73,4.25,3.82,4.17,4.12,3.82,3.91,3.98,19.203763
671,Wilson,WHU,19,4,5.8,a,,True,713,False,0.0,0.0,2.71,2.83,2.47,2.74,2.47,2.99,2.65,2.91,2.35,2.49,2.4,2.53,2.94,2.41,2.68,2.53,2.15,2.44,2.71,13.11447
672,Hato,CHE,7,2,4.6,d,,True,166,False,0.0,0.0,0.0,0.0,0.0,0.0,0.0,0.0,0.0,0.0,0.0,0.0,0.0,0.0,0.0,0.0,0.0,0.0,0.0,0.0,0.0,0.0
673,J.Palhinha,TOT,18,3,5.5,a,,True,1191,False,0.0,0.0,2.17,2.04,2.34,2.24,1.92,1.93,2.05,1.8,1.98,2.03,1.89,2.18,2.04,2.13,2.12,1.99,2.1,1.94,2.17,10.298401
674,Ramsdale,NEW,15,1,4.8,d,,True,553,True,0.0,0.0,1.61,1.84,2.11,2.26,2.02,2.19,2.23,1.93,2.33,2.11,1.99,2.45,2.02,2.15,1.92,2.16,2.17,2.37,1.61,9.753999
675,Gunn,NFO,16,1,4.0,a,,True,0,False,0.0,0.0,0.0,0.0,0.0,0.0,0.0,0.0,0.0,0.0,0.0,0.0,0.0,0.0,0.0,0.0,0.0,0.0,0.0,0.0,0.0,0.0
676,Ugochukwu,BUR,3,3,5.0,a,,True,1138,True,0.0,0.0,3.0,3.08,2.8,3.19,3.06,3.6,2.85,2.89,3.17,2.97,3.31,2.96,3.22,5.92,0.0,2.95,3.2,2.52,3.0,15.01297
677,Guessand,AVL,2,3,6.2,d,,True,511,False,0.0,0.0,0.07,0.13,0.2,0.26,0.27,0.27,0.28,0.27,0.27,0.27,0.26,0.29,0.27,0.28,0.26,0.27,0.29,0.26,0.07,0.967474
678,Masuaku,SUN,17,2,3.9,d,,True,125,False,0.0,0.0,0.0,0.0,0.0,0.0,0.0,0.0,0.0,0.0,0.0,0.0,0.0,0.0,0.0,0.0,0.0,0.0,0.0,0.0,0.0,0.0
679,Hermansen,WHU,19,1,4.3,d,,True,360,True,0.0,0.0,0.0,0.0,0.0,0.0,0.0,0.0,0.0,0.0,0.0,0.0,0.0,0.0,0.0,0.0,0.0,0.0,0.0,0.0,0.0,0.0
680,Broja,BUR,3,4,5.2,a,,True,488,False,0.0,0.0,3.14,3.23,2.84,3.24,3.09,3.89,2.92,2.99,3.33,3.02,3.56,3.03,3.41,6.08,0.0,3.05,3.33,2.46,3.14,15.564897
681,Šeško,MUN,14,4,7.2,a,,True,858,False,0.0,0.0,2.51,3.04,2.39,2.0,2.7,2.67,2.93,2.48,2.59,2.43,2.75,2.7,2.72,2.46,2.75,2.51,2.54,2.85,2.51,12.719574
682,Møller Wolfe,WOL,20,2,4.3,a,,True,701,False,0.0,0.0,1.86,1.56,1.61,1.22,1.6,1.52,2.93,1.36,1.68,1.53,1.42,0.0,1.66,1.44,1.79,1.87,1.41,1.71,1.86,8.025403
683,Alderete,SUN,17,2,4.1,a,,True,1297,False,0.0,0.0,4.34,3.81,4.17,4.53,5.34,3.12,4.13,4.63,3.79,3.87,4.33,3.82,4.86,4.03,4.79,4.66,4.07,4.21,4.34,20.727281
684,Thiaw,NEW,15,2,5.0,a,,True,1352,False,0.0,0.0,4.42,4.66,4.91,4.83,3.83,4.61,4.58,3.42,4.98,4.32,3.8,5.34,3.87,4.62,3.3,4.59,4.5,5.41,4.42,22.117678
685,Diakité,BOU,4,2,4.3,d,,True,1260,False,0.0,0.0,0.71,1.08,0.85,1.07,1.22,1.18,1.1,1.14,1.37,1.11,1.2,1.02,0.8,2.1,0.0,1.07,1.06,0.95,0.71,4.934244
686,Ngumoha,LIV,12,3,4.3,a,,True,48,False,0.0,0.0,0.47,0.44,0.52,0.48,0.48,0.46,0.47,0.48,0.51,0.48,0.48,0.47,0.48,0.47,0.47,0.47,0.48,0.47,0.47,2.333798
687,Rees-Dottin,BOU,4,3,4.4,a,,True,0,False,0.0,0.0,0.0,0.0,0.0,0.0,0.0,0.0,0.0,0.0,0.0,0.0,0.0,0.0,0.0,0.0,0.0,0.0,0.0,0.0,0.0,0.0
688,Wright,AVL,2,1,3.9,a,,True,0,False,0.0,0.0,0.0,0.0,0.0,0.0,0.0,0.0,0.0,0.0,0.0,0.0,0.0,0.0,0.0,0.0,0.0,0.0,0.0,0.0,0.0,0.0
689,Seung soo,NEW,15,3,4.4,a,,True,0,False,0.0,0.0,0.0,0.0,0.0,0.0,0.0,0.0,0.0,0.0,0.0,0.0,0.0,0.0,0.0,0.0,0.0,0.0,0.0,0.0,0.0,0.0
690,Cardines,CRY,8,3,4.4,a,,True,0,False,0.0,0.0,0.0,0.0,0.0,0.0,0.0,0.0,0.0,0.0,0.0,0.0,0.0,0.0,0.0,0.0,0.0,0.0,0.0,0.0,0.0,0.0
691,Calvert-Lewin,LEE,11,4,5.9,a,,True,1133,True,0.0,0.0,3.4,3.06,3.45,3.14,2.61,3.67,3.11,3.21,3.0,3.54,3.02,3.52,3.11,7.3,0.0,4.39,3.11,3.63,3.4,15.967636
692,Leoni,LIV,12,2,4.9,a,,True,0,False,0.0,0.0,0.0,0.0,0.0,0.0,0.0,0.0,0.0,0.0,0.0,0.0,0.0,0.0,0.0,0.0,0.0,0.0,0.0,0.0,0.0,0.0
693,Hutchinson,NFO,16,3,5.4,a,,True,742,True,0.0,0.0,3.6,4.15,3.04,3.57,3.69,3.55,4.33,3.59,3.63,3.13,3.9,3.57,3.94,4.81,3.7,3.45,3.76,3.44,3.6,18.013221
694,Mukiele,SUN,17,2,4.3,a,,True,1530,False,0.0,0.0,4.43,3.89,4.26,4.61,5.43,3.18,4.21,4.72,3.86,3.95,4.41,3.9,4.96,4.11,4.89,4.75,4.15,4.29,4.43,21.137043
695,Tchatchoua,WOL,20,2,4.4,a,,True,921,False,0.0,0.0,2.09,1.73,1.78,1.29,1.75,1.66,3.22,1.47,1.88,1.69,1.53,0.0,1.84,1.56,2.03,2.14,1.51,1.91,2.09,8.855629
696,Kalimuendo,NFO,16,4,6.0,a,,True,82,False,0.0,0.0,0.17,0.17,0.17,0.17,0.17,0.17,0.17,0.17,0.17,0.17,0.17,0.17,0.17,0.17,0.17,0.17,0.17,0.17,0.17,0.834688
697,Adli,BOU,4,3,5.4,a,,True,403,False,0.0,0.0,1.01,1.08,1.07,1.06,1.09,1.09,1.06,1.12,1.1,1.09,1.13,1.08,0.99,2.14,0.0,1.07,1.06,1.04,1.01,5.239442
698,Okafor,LEE,11,3,5.5,a,,True,947,False,0.0,0.0,2.53,2.33,2.61,2.41,2.09,2.73,2.34,2.42,2.29,2.7,2.3,2.61,2.33,5.39,0.0,3.16,2.41,2.66,2.53,12.082973
699,Douglas Luiz,NFO,16,3,4.9,a,,True,307,False,0.0,0.0,0.89,0.99,0.79,0.89,0.91,0.88,1.02,0.89,0.9,0.81,0.94,0.88,0.95,1.11,0.91,0.87,0.92,0.87,0.89,4.437068
700,Dowman,ARS,1,3,4.3,a,,True,27,False,0.0,0.0,0.0,0.0,0.0,0.0,0.0,0.0,0.0,0.0,0.0,0.0,0.0,0.0,0.0,0.0,0.0,0.0,0.0,0.0,0.0,0.0
701,Rowe,AVL,2,2,4.0,a,,True,0,False,0.0,0.0,0.0,0.0,0.0,0.0,0.0,0.0,0.0,0.0,0.0,0.0,0.0,0.0,0.0,0.0,0.0,0.0,0.0,0.0,0.0,0.0
702,Burrowes,AVL,2,3,4.4,a,,True,16,False,0.0,0.0,0.0,0.0,0.0,0.0,0.0,0.0,0.0,0.0,0.0,0.0,0.0,0.0,0.0,0.0,0.0,0.0,0.0,0.0,0.0,0.0
703,Proctor,AVL,2,1,3.9,a,,True,0,False,0.0,0.0,0.0,0.0,0.0,0.0,0.0,0.0,0.0,0.0,0.0,0.0,0.0,0.0,0.0,0.0,0.0,0.0,0.0,0.0,0.0,0.0
704,Onyango,EVE,9,3,4.5,a,,True,0,False,0.0,0.0,0.0,0.0,0.0,0.0,0.0,0.0,0.0,0.0,0.0,0.0,0.0,0.0,0.0,0.0,0.0,0.0,0.0,0.0,0.0,0.0
705,Campbell,EVE,9,2,3.9,a,,True,0,False,0.0,0.0,0.0,0.0,0.0,0.0,0.0,0.0,0.0,0.0,0.0,0.0,0.0,0.0,0.0,0.0,0.0,0.0,0.0,0.0,0.0,0.0
706,Justin,LEE,11,2,3.9,a,,True,249,True,0.0,0.0,1.37,1.3,1.61,1.46,1.25,1.66,1.19,1.38,1.26,1.79,1.23,1.48,1.17,3.06,0.0,1.82,1.52,1.46,1.37,6.944394
707,Dibling,EVE,9,3,5.3,a,,True,274,True,0.0,0.0,2.18,2.37,2.06,2.18,2.06,2.06,2.25,2.12,2.01,2.52,1.78,2.12,2.04,2.07,2.26,1.98,1.98,2.28,2.18,10.642582
708,M.Fernandes,WHU,19,3,5.5,a,,True,1324,True,0.0,0.0,3.64,3.74,3.44,3.75,3.34,3.84,3.52,3.73,3.27,3.42,3.31,3.44,3.89,3.31,3.64,3.41,3.13,3.35,3.64,17.636374
709,Krejčí,WOL,20,2,4.5,a,,True,1233,False,0.0,0.0,4.21,3.1,3.28,2.07,3.37,3.06,5.59,2.53,3.53,3.03,2.72,0.0,3.54,2.77,3.8,4.06,2.71,3.58,4.21,16.381448
710,Patterson,AVL,2,2,3.9,a,,True,0,False,0.0,0.0,0.0,0.0,0.0,0.0,0.0,0.0,0.0,0.0,0.0,0.0,0.0,0.0,0.0,0.0,0.0,0.0,0.0,0.0,0.0,0.0
711,Harriman-Annous,ARS,1,3,4.5,a,,True,0,False,0.0,0.0,0.0,0.0,0.0,0.0,0.0,0.0,0.0,0.0,0.0,0.0,0.0,0.0,0.0,0.0,0.0,0.0,0.0,0.0,0.0,0.0
712,Yeremy,CRY,8,3,5.8,a,,True,1171,False,0.0,0.0,3.31,3.82,3.58,3.64,3.61,3.49,4.72,4.23,3.3,3.44,3.77,0.0,3.64,4.51,3.16,3.62,6.76,3.43,3.31,17.71965
713,A.Jimenez,BOU,4,2,4.5,a,,True,977,False,0.0,0.0,1.84,2.95,1.89,2.26,2.73,2.64,2.34,2.55,3.16,2.42,2.75,2.16,1.4,4.45,0.0,2.28,2.24,1.89,1.84,11.560661
714,Woltemade,NEW,15,4,7.4,a,,True,1172,False,0.0,0.0,2.93,3.08,3.08,3.11,2.65,3.11,2.79,2.53,3.04,3.02,2.79,3.13,2.72,3.33,2.28,3.19,2.96,3.64,2.93,14.555591
715,John,NFO,16,1,4.0,a,,True,360,False,0.0,0.0,2.32,2.5,2.2,2.17,2.39,2.22,2.97,2.4,2.13,1.92,2.67,2.57,2.61,2.91,2.7,2.05,2.5,2.02,2.32,11.595888
716,Savona,NFO,16,2,4.5,d,,True,1004,False,0.0,0.0,1.21,1.6,1.23,1.49,1.69,1.52,2.3,1.66,1.47,1.14,1.96,1.78,1.93,2.41,1.92,1.35,1.79,1.33,1.21,7.421818
717,Xavi,TOT,18,3,6.5,d,,True,830,False,0.0,0.0,0.2,0.38,0.68,0.86,0.71,0.72,0.77,0.65,0.74,0.76,0.69,0.83,0.76,0.81,0.8,0.74,0.79,0.72,0.2,2.8124
718,S.Magassa,WHU,19,3,5.0,a,,True,687,False,0.0,0.0,3.04,3.1,2.91,3.12,2.82,3.15,2.94,3.06,2.77,2.88,2.81,2.89,3.2,2.8,3.04,2.86,2.7,2.83,3.04,14.728668
719,Lindelöf,AVL,2,2,4.5,a,,True,385,True,0.0,0.0,2.77,1.96,2.79,2.1,2.42,1.94,2.37,2.48,2.71,2.25,1.83,2.87,2.4,3.07,2.33,2.91,2.65,2.34,2.77,11.83263
720,Tolu,WOL,20,4,5.4,a,,True,488,False,0.0,0.0,2.67,2.22,2.31,2.07,2.5,2.33,4.3,2.17,2.38,2.24,2.25,0.0,2.49,2.24,2.34,2.39,2.29,2.35,2.67,11.89421
721,Milosavljević,BOU,4,2,4.4,d,,True,365,False,0.0,0.0,0.02,0.06,0.06,0.1,0.11,0.11,0.1,0.11,0.13,0.1,0.11,0.09,0.06,0.19,0.0,0.1,0.09,0.08,0.02,0.36518
722,Florentino,BUR,3,3,5.0,a,,True,1133,False,0.0,0.0,1.83,1.86,1.78,1.93,1.89,2.02,1.79,1.8,1.89,1.85,1.92,1.84,1.9,3.66,0.0,1.82,1.91,1.71,1.83,9.145829
723,Canvot,CRY,8,2,4.5,a,,True,146,False,0.0,0.0,0.67,0.71,0.69,0.7,0.69,0.69,0.77,0.74,0.67,0.68,0.71,0.0,0.7,0.76,0.66,0.7,1.35,0.68,0.67,3.380527
724,Geertruida,SUN,17,2,4.5,a,,True,802,False,0.0,0.0,2.74,2.25,2.55,2.76,3.35,1.81,2.54,2.92,2.17,2.31,2.61,2.29,3.13,2.45,3.01,2.93,2.43,2.61,2.74,12.692084
725,Hincapie,ARS,1,2,5.4,a,,True,743,False,0.0,0.0,4.35,4.68,4.76,4.6,4.47,5.35,9.46,4.86,4.63,4.37,5.1,0.0,4.76,3.96,4.83,5.03,4.91,5.44,4.35,23.684536
726,Kolo Muani,TOT,18,4,6.9,a,,True,695,False,0.0,0.0,2.0,1.97,2.18,2.11,1.85,1.88,1.94,1.75,1.89,1.93,1.83,2.03,1.91,2.02,1.98,1.91,1.98,1.88,2.0,9.742534
727,Chukwueze,FUL,10,3,5.3,d,,True,393,False,0.0,0.0,0.21,0.44,0.61,0.95,0.79,0.91,0.69,0.85,0.91,1.14,0.87,1.2,0.74,0.82,0.93,0.6,1.01,0.92,0.21,3.128976
728,Röhl,EVE,9,3,5.0,a,,True,217,False,0.0,0.0,1.68,1.81,1.6,1.68,1.6,1.6,1.73,1.64,1.56,1.91,1.42,1.64,1.59,1.61,1.74,1.55,1.55,1.74,1.68,8.212323
729,Cuiabano,NFO,16,2,4.5,a,,True,0,False,0.0,0.0,0.0,0.0,0.0,0.0,0.0,0.0,0.0,0.0,0.0,0.0,0.0,0.0,0.0,0.0,0.0,0.0,0.0,0.0,0.0,0.0
730,Brobbey,SUN,17,4,5.5,a,,True,518,False,0.0,0.0,2.13,2.18,2.23,2.47,2.79,1.8,2.17,2.3,2.3,2.17,2.39,2.11,2.28,2.18,2.42,2.32,2.28,2.15,2.13,11.041823
731,Kevin,FUL,10,3,5.8,a,,True,645,False,0.0,0.0,2.38,2.45,2.35,2.55,2.28,2.55,2.14,2.47,2.57,2.86,2.45,2.95,2.23,2.35,2.56,2.03,2.61,2.56,2.38,11.927126
732,Uche,CRY,8,4,5.5,a,,True,91,False,0.0,0.0,1.08,1.13,1.1,1.12,1.11,1.11,1.22,1.16,1.09,1.09,1.13,0.0,1.11,1.2,1.07,1.12,2.17,1.1,1.08,5.407973
733,Lammens,MUN,14,1,5.0,a,,True,1170,False,0.0,0.0,3.49,3.91,3.43,3.18,3.93,4.1,3.79,3.71,3.66,3.48,3.87,3.39,3.77,3.33,3.73,3.65,3.94,3.99,3.49,17.889365
734,Bakwa,NFO,16,3,5.9,a,,True,188,False,0.0,0.0,0.69,0.71,0.67,0.69,0.69,0.69,0.71,0.69,0.69,0.68,0.7,0.69,0.7,0.73,0.69,0.69,0.7,0.69,0.69,3.399192
735,Traoré,SUN,17,3,5.5,d,,True,607,False,0.0,0.0,0.1,0.2,0.31,0.44,0.49,0.35,0.41,0.43,0.41,0.4,0.43,0.39,0.43,0.4,0.44,0.43,0.41,0.41,0.1,1.505667
736,Donnarumma,MCI,13,1,5.7,a,,True,1440,False,0.0,0.0,3.66,3.73,3.39,4.21,3.87,3.48,3.96,3.81,3.57,4.0,3.81,0.0,3.42,7.47,0.0,3.78,7.49,3.45,3.66,18.143814
737,Kusi-Asare,FUL,10,4,4.5,a,,True,23,False,0.0,0.0,0.19,0.19,0.19,0.19,0.19,0.19,0.19,0.19,0.19,0.2,0.19,0.2,0.19,0.19,0.19,0.18,0.2,0.19,0.19,0.935017
738,Fabianski,WHU,19,1,4.5,a,,True,0,True,0.0,0.0,0.0,0.0,0.0,0.0,0.0,0.0,0.0,0.0,0.0,0.0,0.0,0.0,0.0,0.0,0.0,0.0,0.0,0.0,0.0,0.0
739,Mukasa,MCI,13,3,4.4,a,,True,15,False,0.0,0.0,0.17,0.18,0.17,0.18,0.17,0.16,0.17,0.17,0.17,0.18,0.18,0.0,0.17,0.34,0.0,0.17,0.34,0.17,0.17,0.838998
740,Mfuni,MCI,13,2,3.9,a,,True,0,False,0.0,0.0,0.0,0.0,0.0,0.0,0.0,0.0,0.0,0.0,0.0,0.0,0.0,0.0,0.0,0.0,0.0,0.0,0.0,0.0,0.0,0.0
741,Gray,LEE,11,4,4.5,a,,True,0,False,0.0,0.0,0.0,0.0,0.0,0.0,0.0,0.0,0.0,0.0,0.0,0.0,0.0,0.0,0.0,0.0,0.0,0.0,0.0,0.0,0.0,0.0
742,McAidoo,MCI,13,3,4.5,a,,True,0,False,0.0,0.0,0.0,0.0,0.0,0.0,0.0,0.0,0.0,0.0,0.0,0.0,0.0,0.0,0.0,0.0,0.0,0.0,0.0,0.0,0.0,0.0
743,Emenalo,CHE,7,3,4.5,a,,True,0,False,0.0,0.0,0.0,0.0,0.0,0.0,0.0,0.0,0.0,0.0,0.0,0.0,0.0,0.0,0.0,0.0,0.0,0.0,0.0,0.0,0.0,0.0
744,Oriola,BHA,6,3,4.5,a,,True,1,False,0.0,0.0,0.0,0.0,0.0,0.0,0.0,0.0,0.0,0.0,0.0,0.0,0.0,0.0,0.0,0.01,0.0,0.0,0.0,0.0,0.0,0.00055
745,Byfield,TOT,18,2,4.0,a,,True,0,False,0.0,0.0,0.0,0.0,0.0,0.0,0.0,0.0,0.0,0.0,0.0,0.0,0.0,0.0,0.0,0.0,0.0,0.0,0.0,0.0,0.0,0.0
746,Morrison,LIV,12,3,4.5,a,,True,0,False,0.0,0.0,0.0,0.0,0.0,0.0,0.0,0.0,0.0,0.0,0.0,0.0,0.0,0.0,0.0,0.0,0.0,0.0,0.0,0.0,0.0,0.0
747,Mayers,WHU,19,2,4.0,a,,True,40,False,0.0,0.0,0.7,0.72,0.68,0.71,0.68,0.73,0.7,0.73,0.67,0.68,0.67,0.69,0.73,0.68,0.7,0.69,0.65,0.68,0.7,3.440154
748,Dasilva,BRE,5,3,4.9,a,,True,0,False,0.0,0.0,0.0,0.0,0.0,0.0,0.0,0.0,0.0,0.0,0.0,0.0,0.0,0.0,0.0,0.0,0.0,0.0,0.0,0.0,0.0,0.0
749,Mané,WOL,20,4,4.5,a,,True,271,False,0.0,0.0,2.44,2.09,2.15,1.97,2.31,2.17,4.07,2.05,2.21,2.1,2.11,0.0,2.3,2.1,2.17,2.22,2.14,2.19,2.44,11.086518
750,Rowswell,TOT,18,2,4.0,a,,True,0,False,0.0,0.0,0.0,0.0,0.0,0.0,0.0,0.0,0.0,0.0,0.0,0.0,0.0,0.0,0.0,0.0,0.0,0.0,0.0,0.0,0.0,0.0
751,Akhamrich,TOT,18,3,4.5,a,,True,0,False,0.0,0.0,0.0,0.0,0.0,0.0,0.0,0.0,0.0,0.0,0.0,0.0,0.0,0.0,0.0,0.0,0.0,0.0,0.0,0.0,0.0,0.0
752,Golambeckis,WHU,19,2,4.0,a,,True,0,False,0.0,0.0,0.0,0.0,0.0,0.0,0.0,0.0,0.0,0.0,0.0,0.0,0.0,0.0,0.0,0.0,0.0,0.0,0.0,0.0,0.0,0.0
753,Ruddy,NEW,15,1,4.0,a,,True,0,False,0.0,0.0,0.0,0.0,0.0,0.0,0.0,0.0,0.0,0.0,0.0,0.0,0.0,0.0,0.0,0.0,0.0,0.0,0.0,0.0,0.0,0.0
754,George Hemmings,AVL,2,3,4.5,a,,True,8,False,0.0,0.0,0.44,0.43,0.43,0.43,0.44,0.43,0.44,0.43,0.43,0.43,0.43,0.45,0.43,0.44,0.43,0.43,0.44,0.43,0.44,2.130536
755,Lacey,MUN,14,3,4.5,a,,True,6,False,0.0,0.0,0.15,0.16,0.15,0.15,0.15,0.15,0.16,0.15,0.15,0.15,0.15,0.15,0.15,0.15,0.15,0.15,0.15,0.16,0.15,0.747336
756,DaCosta,BOU,4,3,4.5,a,,True,0,False,0.0,0.0,0.0,0.0,0.0,0.0,0.0,0.0,0.0,0.0,0.0,0.0,0.0,0.0,0.0,0.0,0.0,0.0,0.0,0.0,0.0,0.0
757,Hollingshead,AVL,2,1,4.0,a,,True,0,False,0.0,0.0,0.0,0.0,0.0,0.0,0.0,0.0,0.0,0.0,0.0,0.0,0.0,0.0,0.0,0.0,0.0,0.0,0.0,0.0,0.0,0.0
758,Mohamadou Kanté,WHU,19,3,4.5,a,,True,16,False,0.0,0.0,0.57,0.58,0.57,0.58,0.57,0.58,0.57,0.58,0.56,0.57,0.56,0.57,0.58,0.57,0.57,0.57,0.56,0.57,0.57,2.814807
759,Salmon,ARS,1,2,4.0,a,,True,0,False,0.0,0.0,0.0,0.0,0.0,0.0,0.0,0.0,0.0,0.0,0.0,0.0,0.0,0.0,0.0,0.0,0.0,0.0,0.0,0.0,0.0,0.0
760,Lucky,LIV,12,2,4.0,a,,True,0,False,0.0,0.0,0.0,0.0,0.0,0.0,0.0,0.0,0.0,0.0,0.0,0.0,0.0,0.0,0.0,0.0,0.0,0.0,0.0,0.0,0.0,0.0
761,Simmonds,BHA,6,2,4.0,a,,True,0,False,0.0,0.0,0.0,0.0,0.0,0.0,0.0,0.0,0.0,0.0,0.0,0.0,0.0,0.0,0.0,0.0,0.0,0.0,0.0,0.0,0.0,0.0
762,Drakes-Thomas,CRY,8,3,4.5,a,,True,4,False,0.0,0.0,0.19,0.19,0.19,0.19,0.19,0.19,0.19,0.19,0.19,0.19,0.19,0.0,0.19,0.19,0.19,0.19,0.38,0.19,0.19,0.921913
763,Gray,MCI,13,3,4.5,a,,True,0,False,0.0,0.0,0.0,0.0,0.0,0.0,0.0,0.0,0.0,0.0,0.0,0.0,0.0,0.0,0.0,0.0,0.0,0.0,0.0,0.0,0.0,0.0
764,Heskey,MCI,13,3,4.5,a,,True,0,False,0.0,0.0,0.0,0.0,0.0,0.0,0.0,0.0,0.0,0.0,0.0,0.0,0.0,0.0,0.0,0.0,0.0,0.0,0.0,0.0,0.0,0.0
765,Shahar,NEW,15,2,4.0,a,,True,0,False,0.0,0.0,0.0,0.0,0.0,0.0,0.0,0.0,0.0,0.0,0.0,0.0,0.0,0.0,0.0,0.0,0.0,0.0,0.0,0.0,0.0,0.0
766,Olagunju,WOL,20,2,4.0,a,,True,0,False,0.0,0.0,0.0,0.0,0.0,0.0,0.0,0.0,0.0,0.0,0.0,0.0,0.0,0.0,0.0,0.0,0.0,0.0,0.0,0.0,0.0,0.0
767,Rawlings,WOL,20,3,4.5,a,,True,0,False,0.0,0.0,0.0,0.0,0.0,0.0,0.0,0.0,0.0,0.0,0.0,0.0,0.0,0.0,0.0,0.0,0.0,0.0,0.0,0.0,0.0,0.0
768,Leon Routh,AVL,2,2,4.0,a,,True,0,False,0.0,0.0,0.0,0.0,0.0,0.0,0.0,0.0,0.0,0.0,0.0,0.0,0.0,0.0,0.0,0.0,0.0,0.0,0.0,0.0,0.0,0.0
769,Bendito Mantato,MUN,14,3,4.5,a,,True,15,False,0.0,0.0,0.56,0.59,0.55,0.53,0.57,0.57,0.58,0.56,0.56,0.55,0.57,0.57,0.57,0.56,0.57,0.56,0.56,0.58,0.56,2.766583
770,Ridgeon,FUL,10,3,4.5,a,,True,0,False,0.0,0.0,0.0,0.0,0.0,0.0,0.0,0.0,0.0,0.0,0.0,0.0,0.0,0.0,0.0,0.0,0.0,0.0,0.0,0.0,0.0,0.0
771,Fletcher,MUN,14,3,4.5,a,,True,0,False,0.0,0.0,0.0,0.0,0.0,0.0,0.0,0.0,0.0,0.0,0.0,0.0,0.0,0.0,0.0,0.0,0.0,0.0,0.0,0.0,0.0,0.0
772,Alabi,NEW,15,3,4.5,a,,True,0,False,0.0,0.0,0.0,0.0,0.0,0.0,0.0,0.0,0.0,0.0,0.0,0.0,0.0,0.0,0.0,0.0,0.0,0.0,0.0,0.0,0.0,0.0
773,Benamar,CRY,8,2,4.0,a,,True,0,False,0.0,0.0,0.0,0.0,0.0,0.0,0.0,0.0,0.0,0.0,0.0,0.0,0.0,0.0,0.0,0.0,0.0,0.0,0.0,0.0,0.0,0.0
774,Jenson Jones,SUN,17,2,4.0,a,,True,0,False,0.0,0.0,0.0,0.0,0.0,0.0,0.0,0.0,0.0,0.0,0.0,0.0,0.0,0.0,0.0,0.0,0.0,0.0,0.0,0.0,0.0,0.0
775,Tutierov,SUN,17,3,4.5,a,,True,0,False,0.0,0.0,0.0,0.0,0.0,0.0,0.0,0.0,0.0,0.0,0.0,0.0,0.0,0.0,0.0,0.0,0.0,0.0,0.0,0.0,0.0,0.0
776,Pimlott,BUR,3,3,4.5,a,,True,0,False,0.0,0.0,0.0,0.0,0.0,0.0,0.0,0.0,0.0,0.0,0.0,0.0,0.0,0.0,0.0,0.0,0.0,0.0,0.0,0.0,0.0,0.0
777,Ojinnaka,WOL,20,3,4.5,a,,True,0,False,0.0,0.0,0.0,0.0,0.0,0.0,0.0,0.0,0.0,0.0,0.0,0.0,0.0,0.0,0.0,0.0,0.0,0.0,0.0,0.0,0.0,0.0
778,Sutherland,WOL,20,3,4.5,a,,True,0,False,0.0,0.0,0.0,0.0,0.0,0.0,0.0,0.0,0.0,0.0,0.0,0.0,0.0,0.0,0.0,0.0,0.0,0.0,0.0,0.0,0.0,0.0
779,Graham,EVE,9,4,4.5,a,,True,0,False,0.0,0.0,0.0,0.0,0.0,0.0,0.0,0.0,0.0,0.0,0.0,0.0,0.0,0.0,0.0,0.0,0.0,0.0,0.0,0.0,0.0,0.0
780,Casey,CRY,8,4,4.5,a,,True,0,False,0.0,0.0,0.0,0.0,0.0,0.0,0.0,0.0,0.0,0.0,0.0,0.0,0.0,0.0,0.0,0.0,0.0,0.0,0.0,0.0,0.0,0.0
781,Carroll,AVL,2,2,4.0,a,,True,0,False,0.0,0.0,0.0,0.0,0.0,0.0,0.0,0.0,0.0,0.0,0.0,0.0,0.0,0.0,0.0,0.0,0.0,0.0,0.0,0.0,0.0,0.0
782,Forster,BOU,4,1,4.0,a,,True,0,True,0.0,0.0,0.0,0.0,0.0,0.0,0.0,0.0,0.0,0.0,0.0,0.0,0.0,0.0,0.0,0.0,0.0,0.0,0.0,0.0,0.0,0.0
783,Groß,BHA,6,3,5.5,a,,True,0,False,0.0,0.0,0.0,0.0,0.0,0.0,0.0,0.0,0.0,0.0,0.0,0.0,0.0,0.0,0.0,0.0,0.0,0.0,0.0,0.0,0.0,0.0
784,Brierley,BUR,3,3,4.5,a,,True,0,False,0.0,0.0,0.0,0.0,0.0,0.0,0.0,0.0,0.0,0.0,0.0,0.0,0.0,0.0,0.0,0.0,0.0,0.0,0.0,0.0,0.0,0.0
785,Pablo,WHU,19,4,5.5,a,,True,0,False,0.0,0.0,0.0,0.0,0.0,0.0,0.0,0.0,0.0,0.0,0.0,0.0,0.0,0.0,0.0,0.0,0.0,0.0,0.0,0.0,0.0,0.0
786,McNally,FUL,10,1,4.0,a,,True,0,False,0.0,0.0,0.0,0.0,0.0,0.0,0.0,0.0,0.0,0.0,0.0,0.0,0.0,0.0,0.0,0.0,0.0,0.0,0.0,0.0,0.0,0.0
787,Chambers,LEE,11,3,4.5,a,,True,0,False,0.0,0.0,0.0,0.0,0.0,0.0,0.0,0.0,0.0,0.0,0.0,0.0,0.0,0.0,0.0,0.0,0.0,0.0,0.0,0.0,0.0,0.0
788,Kukonki,MUN,14,2,4.0,a,,True,0,False,0.0,0.0,0.0,0.0,0.0,0.0,0.0,0.0,0.0,0.0,0.0,0.0,0.0,0.0,0.0,0.0,0.0,0.0,0.0,0.0,0.0,0.0
789,Merrick,CHE,7,1,4.0,a,,True,0,False,0.0,0.0,0.0,0.0,0.0,0.0,0.0,0.0,0.0,0.0,0.0,0.0,0.0,0.0,0.0,0.0,0.0,0.0,0.0,0.0,0.0,0.0
790,Williams-Barnett,TOT,18,3,4.5,a,,True,0,False,0.0,0.0,0.0,0.0,0.0,0.0,0.0,0.0,0.0,0.0,0.0,0.0,0.0,0.0,0.0,0.0,0.0,0.0,0.0,0.0,0.0,0.0
